horizon,actions,seed,k,updates,value,matched,gap,baseline
3,2,0,2,0,0.307410466493,0.307410466493,0,0.279592876206
3,2,0,2,1,0.307410466493,0.307410466493,0,0.279592876206
3,2,0,2,2,0.307410466493,0.307410466493,0,0.279592876206
3,2,0,2,3,0.307410466493,0.307410466493,0,0.279592876206
3,2,0,8,0,0.364725373194,0.416467462348,0.0517420891538,0.279592876206
3,2,0,8,1,0.415349137358,0.416467462348,0.00111832498983,0.279592876206
3,2,0,8,2,0.416467462348,0.416467462348,0,0.279592876206
3,2,0,8,3,0.416467462348,0.416467462348,0,0.279592876206
3,2,0,32,0,0.442715912951,0.665306049862,0.222590136911,0.279592876206
3,2,0,32,1,0.626131804757,0.665306049862,0.039174245105,0.279592876206
3,2,0,32,2,0.665306049862,0.665306049862,0,0.279592876206
3,2,0,32,3,0.665306049862,0.665306049862,0,0.279592876206
3,2,1,2,0,0.618496800277,0.618496800277,0,0.464043873939
3,2,1,2,1,0.618496800277,0.618496800277,0,0.464043873939
3,2,1,2,2,0.618496800277,0.618496800277,0,0.464043873939
3,2,1,2,3,0.618496800277,0.618496800277,0,0.464043873939
3,2,1,8,0,0.820535668247,0.820535668247,0,0.464043873939
3,2,1,8,1,0.820535668247,0.820535668247,0,0.464043873939
3,2,1,8,2,0.820535668247,0.820535668247,0,0.464043873939
3,2,1,8,3,0.820535668247,0.820535668247,0,0.464043873939
3,2,1,32,0,0.839972802472,0.839972802472,0,0.464043873939
3,2,1,32,1,0.839972802472,0.839972802472,0,0.464043873939
3,2,1,32,2,0.839972802472,0.839972802472,0,0.464043873939
3,2,1,32,3,0.839972802472,0.839972802472,0,0.464043873939
3,2,2,2,0,0.582101387275,0.582101387275,0,0.519049886582
3,2,2,2,1,0.582101387275,0.582101387275,0,0.519049886582
3,2,2,2,2,0.582101387275,0.582101387275,0,0.519049886582
3,2,2,2,3,0.582101387275,0.582101387275,0,0.519049886582
3,2,2,8,0,0.611900135186,0.611900135186,0,0.519049886582
3,2,2,8,1,0.611900135186,0.611900135186,0,0.519049886582
3,2,2,8,2,0.611900135186,0.611900135186,0,0.519049886582
3,2,2,8,3,0.611900135186,0.611900135186,0,0.519049886582
3,2,2,32,0,0.625012601101,0.625012601101,0,0.519049886582
3,2,2,32,1,0.625012601101,0.625012601101,0,0.519049886582
3,2,2,32,2,0.625012601101,0.625012601101,0,0.519049886582
3,2,2,32,3,0.625012601101,0.625012601101,0,0.519049886582
3,2,3,2,0,0.274836490829,0.274836490829,0,0.2359275607
3,2,3,2,1,0.274836490829,0.274836490829,0,0.2359275607
3,2,3,2,2,0.274836490829,0.274836490829,0,0.2359275607
3,2,3,2,3,0.274836490829,0.274836490829,0,0.2359275607
3,2,3,8,0,0.404720948104,0.404720948104,0,0.2359275607
3,2,3,8,1,0.404720948104,0.404720948104,0,0.2359275607
3,2,3,8,2,0.404720948104,0.404720948104,0,0.2359275607
3,2,3,8,3,0.404720948104,0.404720948104,0,0.2359275607
3,2,3,32,0,0.582782927461,0.685611904129,0.102828976668,0.2359275607
3,2,3,32,1,0.644644976224,0.685611904129,0.0409669279048,0.2359275607
3,2,3,32,2,0.685611904129,0.685611904129,0,0.2359275607
3,2,3,32,3,0.685611904129,0.685611904129,0,0.2359275607
3,2,4,2,0,0.521180049866,0.521180049866,0,0.465222374379
3,2,4,2,1,0.521180049866,0.521180049866,0,0.465222374379
3,2,4,2,2,0.521180049866,0.521180049866,0,0.465222374379
3,2,4,2,3,0.521180049866,0.521180049866,0,0.465222374379
3,2,4,8,0,0.594365841015,0.594365841015,0,0.465222374379
3,2,4,8,1,0.594365841015,0.594365841015,0,0.465222374379
3,2,4,8,2,0.594365841015,0.594365841015,0,0.465222374379
3,2,4,8,3,0.594365841015,0.594365841015,0,0.465222374379
3,2,4,32,0,0.665499709399,0.665499709399,0,0.465222374379
3,2,4,32,1,0.665499709399,0.665499709399,0,0.465222374379
3,2,4,32,2,0.665499709399,0.665499709399,0,0.465222374379
3,2,4,32,3,0.665499709399,0.665499709399,0,0.465222374379
3,2,5,2,0,0.563583149102,0.563583149102,0,0.516604953349
3,2,5,2,1,0.563583149102,0.563583149102,0,0.516604953349
3,2,5,2,2,0.563583149102,0.563583149102,0,0.516604953349
3,2,5,2,3,0.563583149102,0.563583149102,0,0.516604953349
3,2,5,8,0,0.629036421621,0.629036421621,0,0.516604953349
3,2,5,8,1,0.629036421621,0.629036421621,0,0.516604953349
3,2,5,8,2,0.629036421621,0.629036421621,0,0.516604953349
3,2,5,8,3,0.629036421621,0.629036421621,0,0.516604953349
3,2,5,32,0,0.643931650169,0.643931650169,0,0.516604953349
3,2,5,32,1,0.643931650169,0.643931650169,0,0.516604953349
3,2,5,32,2,0.643931650169,0.643931650169,0,0.516604953349
3,2,5,32,3,0.643931650169,0.643931650169,0,0.516604953349
3,2,6,2,0,0.542209485157,0.542209485157,0,0.461532645903
3,2,6,2,1,0.542209485157,0.542209485157,0,0.461532645903
3,2,6,2,2,0.542209485157,0.542209485157,0,0.461532645903
3,2,6,2,3,0.542209485157,0.542209485157,0,0.461532645903
3,2,6,8,0,0.653716705438,0.653716705438,0,0.461532645903
3,2,6,8,1,0.653716705438,0.653716705438,0,0.461532645903
3,2,6,8,2,0.653716705438,0.653716705438,0,0.461532645903
3,2,6,8,3,0.653716705438,0.653716705438,0,0.461532645903
3,2,6,32,0,0.726913326804,0.726913326804,0,0.461532645903
3,2,6,32,1,0.726913326804,0.726913326804,0,0.461532645903
3,2,6,32,2,0.726913326804,0.726913326804,0,0.461532645903
3,2,6,32,3,0.726913326804,0.726913326804,0,0.461532645903
3,2,7,2,0,0.544367478841,0.544367478841,0,0.466103220602
3,2,7,2,1,0.544367478841,0.544367478841,0,0.466103220602
3,2,7,2,2,0.544367478841,0.544367478841,0,0.466103220602
3,2,7,2,3,0.544367478841,0.544367478841,0,0.466103220602
3,2,7,8,0,0.735169976289,0.735169976289,0,0.466103220602
3,2,7,8,1,0.735169976289,0.735169976289,0,0.466103220602
3,2,7,8,2,0.735169976289,0.735169976289,0,0.466103220602
3,2,7,8,3,0.735169976289,0.735169976289,0,0.466103220602
3,2,7,32,0,0.871405661976,0.871405661976,0,0.466103220602
3,2,7,32,1,0.871405661976,0.871405661976,0,0.466103220602
3,2,7,32,2,0.871405661976,0.871405661976,0,0.466103220602
3,2,7,32,3,0.871405661976,0.871405661976,0,0.466103220602
3,2,8,2,0,0.170568958658,0.170568958658,0,0.129562675601
3,2,8,2,1,0.170568958658,0.170568958658,0,0.129562675601
3,2,8,2,2,0.170568958658,0.170568958658,0,0.129562675601
3,2,8,2,3,0.170568958658,0.170568958658,0,0.129562675601
3,2,8,8,0,0.244257962759,0.244257962759,0,0.129562675601
3,2,8,8,1,0.244257962759,0.244257962759,0,0.129562675601
3,2,8,8,2,0.244257962759,0.244257962759,0,0.129562675601
3,2,8,8,3,0.244257962759,0.244257962759,0,0.129562675601
3,2,8,32,0,0.285710657004,0.288636215787,0.00292555878258,0.129562675601
3,2,8,32,1,0.288636215787,0.288636215787,0,0.129562675601
3,2,8,32,2,0.288636215787,0.288636215787,0,0.129562675601
3,2,8,32,3,0.288636215787,0.288636215787,0,0.129562675601
3,2,9,2,0,0.636646628998,0.636646628998,0,0.546295236085
3,2,9,2,1,0.636646628998,0.636646628998,0,0.546295236085
3,2,9,2,2,0.636646628998,0.636646628998,0,0.546295236085
3,2,9,2,3,0.636646628998,0.636646628998,0,0.546295236085
3,2,9,8,0,0.701909548979,0.701909548979,0,0.546295236085
3,2,9,8,1,0.701909548979,0.701909548979,0,0.546295236085
3,2,9,8,2,0.701909548979,0.701909548979,0,0.546295236085
3,2,9,8,3,0.701909548979,0.701909548979,0,0.546295236085
3,2,9,32,0,0.703652229037,0.703652229037,0,0.546295236085
3,2,9,32,1,0.703652229037,0.703652229037,0,0.546295236085
3,2,9,32,2,0.703652229037,0.703652229037,0,0.546295236085
3,2,9,32,3,0.703652229037,0.703652229037,0,0.546295236085
3,2,10,2,0,0.669638550951,0.669638550951,0,0.580824477788
3,2,10,2,1,0.669638550951,0.669638550951,0,0.580824477788
3,2,10,2,2,0.669638550951,0.669638550951,0,0.580824477788
3,2,10,2,3,0.669638550951,0.669638550951,0,0.580824477788
3,2,10,8,0,0.692747870079,0.692747870079,0,0.580824477788
3,2,10,8,1,0.692747870079,0.692747870079,0,0.580824477788
3,2,10,8,2,0.692747870079,0.692747870079,0,0.580824477788
3,2,10,8,3,0.692747870079,0.692747870079,0,0.580824477788
3,2,10,32,0,0.692771101781,0.692771101781,0,0.580824477788
3,2,10,32,1,0.692771101781,0.692771101781,0,0.580824477788
3,2,10,32,2,0.692771101781,0.692771101781,0,0.580824477788
3,2,10,32,3,0.692771101781,0.692771101781,0,0.580824477788
3,2,11,2,0,0.369025205853,0.369025205853,0,0.343626915035
3,2,11,2,1,0.369025205853,0.369025205853,0,0.343626915035
3,2,11,2,2,0.369025205853,0.369025205853,0,0.343626915035
3,2,11,2,3,0.369025205853,0.369025205853,0,0.343626915035
3,2,11,8,0,0.434017398987,0.434017398987,0,0.343626915035
3,2,11,8,1,0.434017398987,0.434017398987,0,0.343626915035
3,2,11,8,2,0.434017398987,0.434017398987,0,0.343626915035
3,2,11,8,3,0.434017398987,0.434017398987,0,0.343626915035
3,2,11,32,0,0.577423145821,0.577423145821,0,0.343626915035
3,2,11,32,1,0.577423145821,0.577423145821,0,0.343626915035
3,2,11,32,2,0.577423145821,0.577423145821,0,0.343626915035
3,2,11,32,3,0.577423145821,0.577423145821,0,0.343626915035
3,8,0,2,0,0.496446960322,0.496446960322,0,0.323924178186
3,8,0,2,1,0.496446960322,0.496446960322,0,0.323924178186
3,8,0,2,2,0.496446960322,0.496446960322,0,0.323924178186
3,8,0,2,3,0.496446960322,0.496446960322,0,0.323924178186
3,8,0,8,0,0.78837674719,0.791370712121,0.0029939649318,0.323924178186
3,8,0,8,1,0.78842348808,0.791370712121,0.00294722404119,0.323924178186
3,8,0,8,2,0.791370712121,0.791370712121,0,0.323924178186
3,8,0,8,3,0.791370712121,0.791370712121,0,0.323924178186
3,8,0,32,0,0.893137284552,0.906535168914,0.0133978843624,0.323924178186
3,8,0,32,1,0.906535168914,0.906535168914,0,0.323924178186
3,8,0,32,2,0.906535168914,0.906535168914,0,0.323924178186
3,8,0,32,3,0.906535168914,0.906535168914,0,0.323924178186
3,8,1,2,0,0.550401740434,0.550967812472,0.00056607203817,0.434211554871
3,8,1,2,1,0.550702685035,0.550967812472,0.000265127437862,0.434211554871
3,8,1,2,2,0.550967812472,0.550967812472,0,0.434211554871
3,8,1,2,3,0.550967812472,0.550967812472,0,0.434211554871
3,8,1,8,0,0.678623334666,0.67952890056,0.00090556589376,0.434211554871
3,8,1,8,1,0.678843379722,0.67952890056,0.000685520838255,0.434211554871
3,8,1,8,2,0.67952890056,0.67952890056,0,0.434211554871
3,8,1,8,3,0.67952890056,0.67952890056,0,0.434211554871
3,8,1,32,0,0.758503290044,0.760745341604,0.00224205155964,0.434211554871
3,8,1,32,1,0.758503298323,0.760745341604,0.00224204328048,0.434211554871
3,8,1,32,2,0.760745341604,0.760745341604,0,0.434211554871
3,8,1,32,3,0.760745341604,0.760745341604,0,0.434211554871
3,8,2,2,0,0.494031041198,0.494092187286,6.11460886177e-05,0.318354137579
3,8,2,2,1,0.493507898704,0.494092187286,0.000584288582108,0.318354137579
3,8,2,2,2,0.494092187286,0.494092187286,0,0.318354137579
3,8,2,2,3,0.494092187286,0.494092187286,0,0.318354137579
3,8,2,8,0,0.798434225693,0.85879521399,0.0603609882965,0.318354137579
3,8,2,8,1,0.852205950538,0.85879521399,0.00658926345178,0.318354137579
3,8,2,8,2,0.85879521399,0.85879521399,0,0.318354137579
3,8,2,8,3,0.85879521399,0.85879521399,0,0.318354137579
3,8,2,32,0,0.869066819754,0.936754821073,0.067688001319,0.318354137579
3,8,2,32,1,0.934622584978,0.936754821073,0.00213223609507,0.318354137579
3,8,2,32,2,0.936754821073,0.936754821073,0,0.318354137579
3,8,2,32,3,0.936754821073,0.936754821073,0,0.318354137579
3,8,3,2,0,0.826973318085,0.828445021261,0.00147170317599,0.663682629545
3,8,3,2,1,0.828445021261,0.828445021261,0,0.663682629545
3,8,3,2,2,0.828445021261,0.828445021261,0,0.663682629545
3,8,3,2,3,0.828445021261,0.828445021261,0,0.663682629545
3,8,3,8,0,0.910153545128,0.923423650685,0.013270105557,0.663682629545
3,8,3,8,1,0.923153418638,0.923423650685,0.000270232047841,0.663682629545
3,8,3,8,2,0.923423650685,0.923423650685,0,0.663682629545
3,8,3,8,3,0.923423650685,0.923423650685,0,0.663682629545
3,8,3,32,0,0.928749697858,0.938974758013,0.0102250601541,0.663682629545
3,8,3,32,1,0.938866267239,0.938974758013,0.000108490773382,0.663682629545
3,8,3,32,2,0.938974758013,0.938974758013,0,0.663682629545
3,8,3,32,3,0.938974758013,0.938974758013,0,0.663682629545
3,8,4,2,0,0.725596648267,0.738502457541,0.0129058092738,0.537213831738
3,8,4,2,1,0.738502457541,0.738502457541,0,0.537213831738
3,8,4,2,2,0.738502457541,0.738502457541,0,0.537213831738
3,8,4,2,3,0.738502457541,0.738502457541,0,0.537213831738
3,8,4,8,0,0.895908047678,0.909115288483,0.0132072408057,0.537213831738
3,8,4,8,1,0.909115288483,0.909115288483,0,0.537213831738
3,8,4,8,2,0.909115288483,0.909115288483,0,0.537213831738
3,8,4,8,3,0.909115288483,0.909115288483,0,0.537213831738
3,8,4,32,0,0.926413807243,0.92680280678,0.000388999537263,0.537213831738
3,8,4,32,1,0.926657956784,0.92680280678,0.000144849996197,0.537213831738
3,8,4,32,2,0.92680280678,0.92680280678,0,0.537213831738
3,8,4,32,3,0.92680280678,0.92680280678,0,0.537213831738
3,8,5,2,0,0.583723276237,0.584941271227,0.00121799498955,0.390064735856
3,8,5,2,1,0.581038897453,0.584941271227,0.00390237377367,0.390064735856
3,8,5,2,2,0.584941271227,0.584941271227,0,0.390064735856
3,8,5,2,3,0.584941271227,0.584941271227,0,0.390064735856
3,8,5,8,0,0.793617184088,0.866577798032,0.0729606139437,0.390064735856
3,8,5,8,1,0.830852446607,0.866577798032,0.0357253514245,0.390064735856
3,8,5,8,2,0.866577798032,0.866577798032,0,0.390064735856
3,8,5,8,3,0.866577798032,0.866577798032,0,0.390064735856
3,8,5,32,0,0.8167361066,0.912008806779,0.0952727001782,0.390064735856
3,8,5,32,1,0.899089403988,0.912008806779,0.0129194027903,0.390064735856
3,8,5,32,2,0.912008806779,0.912008806779,0,0.390064735856
3,8,5,32,3,0.912008806779,0.912008806779,0,0.390064735856
3,8,6,2,0,0.672644872089,0.672644872089,0,0.554223383086
3,8,6,2,1,0.672644872089,0.672644872089,0,0.554223383086
3,8,6,2,2,0.672644872089,0.672644872089,0,0.554223383086
3,8,6,2,3,0.672644872089,0.672644872089,0,0.554223383086
3,8,6,8,0,0.827219333632,0.827219333632,0,0.554223383086
3,8,6,8,1,0.827219333632,0.827219333632,0,0.554223383086
3,8,6,8,2,0.827219333632,0.827219333632,0,0.554223383086
3,8,6,8,3,0.827219333632,0.827219333632,0,0.554223383086
3,8,6,32,0,0.889740520938,0.889740520938,0,0.554223383086
3,8,6,32,1,0.889740520938,0.889740520938,0,0.554223383086
3,8,6,32,2,0.889740520938,0.889740520938,0,0.554223383086
3,8,6,32,3,0.889740520938,0.889740520938,0,0.554223383086
3,8,7,2,0,0.782549492804,0.782740800915,0.000191308111386,0.645946758401
3,8,7,2,1,0.782740800915,0.782740800915,0,0.645946758401
3,8,7,2,2,0.782740800915,0.782740800915,0,0.645946758401
3,8,7,2,3,0.782740800915,0.782740800915,0,0.645946758401
3,8,7,8,0,0.88841398952,0.890856978641,0.00244298912155,0.645946758401
3,8,7,8,1,0.890856978641,0.890856978641,0,0.645946758401
3,8,7,8,2,0.890856978641,0.890856978641,0,0.645946758401
3,8,7,8,3,0.890856978641,0.890856978641,0,0.645946758401
3,8,7,32,0,0.913674280117,0.91537437685,0.0017000967333,0.645946758401
3,8,7,32,1,0.91537437685,0.91537437685,0,0.645946758401
3,8,7,32,2,0.91537437685,0.91537437685,0,0.645946758401
3,8,7,32,3,0.91537437685,0.91537437685,0,0.645946758401
3,8,8,2,0,0.602849175988,0.602849175988,0,0.479725497198
3,8,8,2,1,0.602849175988,0.602849175988,0,0.479725497198
3,8,8,2,2,0.602849175988,0.602849175988,0,0.479725497198
3,8,8,2,3,0.602849175988,0.602849175988,0,0.479725497198
3,8,8,8,0,0.774914221054,0.774914221054,0,0.479725497198
3,8,8,8,1,0.774914221054,0.774914221054,0,0.479725497198
3,8,8,8,2,0.774914221054,0.774914221054,0,0.479725497198
3,8,8,8,3,0.774914221054,0.774914221054,0,0.479725497198
3,8,8,32,0,0.872392228993,0.877728481141,0.00533625214718,0.479725497198
3,8,8,32,1,0.877728481141,0.877728481141,0,0.479725497198
3,8,8,32,2,0.877728481141,0.877728481141,0,0.479725497198
3,8,8,32,3,0.877728481141,0.877728481141,0,0.479725497198
3,8,9,2,0,0.454832414323,0.462636983346,0.00780456902269,0.318657991812
3,8,9,2,1,0.462636983346,0.462636983346,0,0.318657991812
3,8,9,2,2,0.462636983346,0.462636983346,0,0.318657991812
3,8,9,2,3,0.462636983346,0.462636983346,0,0.318657991812
3,8,9,8,0,0.619605595877,0.747383059241,0.127777463365,0.318657991812
3,8,9,8,1,0.73033723267,0.747383059241,0.0170458265714,0.318657991812
3,8,9,8,2,0.747383059241,0.747383059241,0,0.318657991812
3,8,9,8,3,0.747383059241,0.747383059241,0,0.318657991812
3,8,9,32,0,0.694192259419,0.850739450926,0.156547191507,0.318657991812
3,8,9,32,1,0.818793042268,0.850739450926,0.0319464086572,0.318657991812
3,8,9,32,2,0.850739450926,0.850739450926,0,0.318657991812
3,8,9,32,3,0.850739450926,0.850739450926,0,0.318657991812
3,8,10,2,0,0.522164138707,0.522182913256,1.87745491756e-05,0.361693280196
3,8,10,2,1,0.522182913256,0.522182913256,0,0.361693280196
3,8,10,2,2,0.522182913256,0.522182913256,0,0.361693280196
3,8,10,2,3,0.522182913256,0.522182913256,0,0.361693280196
3,8,10,8,0,0.733459894544,0.733462002661,2.10811693402e-06,0.361693280196
3,8,10,8,1,0.733461896435,0.733462002661,1.06226204832e-07,0.361693280196
3,8,10,8,2,0.733462002661,0.733462002661,0,0.361693280196
3,8,10,8,3,0.733462002661,0.733462002661,0,0.361693280196
3,8,10,32,0,0.797014557564,0.797014557565,7.07212066686e-13,0.361693280196
3,8,10,32,1,0.797014557565,0.797014557565,0,0.361693280196
3,8,10,32,2,0.797014557565,0.797014557565,0,0.361693280196
3,8,10,32,3,0.797014557565,0.797014557565,0,0.361693280196
3,8,11,2,0,0.754751966996,0.754756145612,4.17861601631e-06,0.600546234853
3,8,11,2,1,0.7547560228,0.754756145612,1.22812106929e-07,0.600546234853
3,8,11,2,2,0.754756145612,0.754756145612,0,0.600546234853
3,8,11,2,3,0.754756145612,0.754756145612,0,0.600546234853
3,8,11,8,0,0.836140426225,0.836182665831,4.22396064638e-05,0.600546234853
3,8,11,8,1,0.836171917678,0.836182665831,1.07481533574e-05,0.600546234853
3,8,11,8,2,0.836182665831,0.836182665831,0,0.600546234853
3,8,11,8,3,0.836182665831,0.836182665831,0,0.600546234853
3,8,11,32,0,0.839699008743,0.841128218281,0.00142920953783,0.600546234853
3,8,11,32,1,0.840484973343,0.841128218281,0.000643244937673,0.600546234853
3,8,11,32,2,0.841128218281,0.841128218281,0,0.600546234853
3,8,11,32,3,0.841128218281,0.841128218281,0,0.600546234853
6,2,0,2,0,0.264246809191,0.264246809191,0,0.218254308968
6,2,0,2,1,0.264246809191,0.264246809191,0,0.218254308968
6,2,0,2,2,0.264246809191,0.264246809191,0,0.218254308968
6,2,0,2,3,0.264246809191,0.264246809191,0,0.218254308968
6,2,0,2,4,0.264246809191,0.264246809191,0,0.218254308968
6,2,0,2,5,0.264246809191,0.264246809191,0,0.218254308968
6,2,0,2,6,0.264246809191,0.264246809191,0,0.218254308968
6,2,0,8,0,0.373777691267,0.373777691267,0,0.218254308968
6,2,0,8,1,0.373777691267,0.373777691267,0,0.218254308968
6,2,0,8,2,0.373777691267,0.373777691267,0,0.218254308968
6,2,0,8,3,0.373777691267,0.373777691267,0,0.218254308968
6,2,0,8,4,0.373777691267,0.373777691267,0,0.218254308968
6,2,0,8,5,0.373777691267,0.373777691267,0,0.218254308968
6,2,0,8,6,0.373777691267,0.373777691267,0,0.218254308968
6,2,0,32,0,0.506140705903,0.506140705903,0,0.218254308968
6,2,0,32,1,0.506140705903,0.506140705903,0,0.218254308968
6,2,0,32,2,0.506140705903,0.506140705903,0,0.218254308968
6,2,0,32,3,0.506140705903,0.506140705903,0,0.218254308968
6,2,0,32,4,0.506140705903,0.506140705903,0,0.218254308968
6,2,0,32,5,0.506140705903,0.506140705903,0,0.218254308968
6,2,0,32,6,0.506140705903,0.506140705903,0,0.218254308968
6,2,1,2,0,0.587696474481,0.589321301709,0.00162482722739,0.491330610471
6,2,1,2,1,0.588863418425,0.589321301709,0.000457883283464,0.491330610471
6,2,1,2,2,0.589321301709,0.589321301709,0,0.491330610471
6,2,1,2,3,0.589321301709,0.589321301709,0,0.491330610471
6,2,1,2,4,0.589321301709,0.589321301709,0,0.491330610471
6,2,1,2,5,0.589321301709,0.589321301709,0,0.491330610471
6,2,1,2,6,0.589321301709,0.589321301709,0,0.491330610471
6,2,1,8,0,0.644924124641,0.670324988566,0.025400863925,0.491330610471
6,2,1,8,1,0.670324988566,0.670324988566,0,0.491330610471
6,2,1,8,2,0.670324988566,0.670324988566,0,0.491330610471
6,2,1,8,3,0.670324988566,0.670324988566,0,0.491330610471
6,2,1,8,4,0.670324988566,0.670324988566,0,0.491330610471
6,2,1,8,5,0.670324988566,0.670324988566,0,0.491330610471
6,2,1,8,6,0.670324988566,0.670324988566,0,0.491330610471
6,2,1,32,0,0.67415497229,0.752017634969,0.0778626626789,0.491330610471
6,2,1,32,1,0.748306872018,0.752017634969,0.00371076295095,0.491330610471
6,2,1,32,2,0.74832139205,0.752017634969,0.00369624291859,0.491330610471
6,2,1,32,3,0.752017634969,0.752017634969,0,0.491330610471
6,2,1,32,4,0.752017634969,0.752017634969,0,0.491330610471
6,2,1,32,5,0.752017634969,0.752017634969,0,0.491330610471
6,2,1,32,6,0.752017634969,0.752017634969,0,0.491330610471
6,2,2,2,0,0.285686658763,0.285686658763,0,0.183227316671
6,2,2,2,1,0.285686658763,0.285686658763,0,0.183227316671
6,2,2,2,2,0.285686658763,0.285686658763,0,0.183227316671
6,2,2,2,3,0.285686658763,0.285686658763,0,0.183227316671
6,2,2,2,4,0.285686658763,0.285686658763,0,0.183227316671
6,2,2,2,5,0.285686658763,0.285686658763,0,0.183227316671
6,2,2,2,6,0.285686658763,0.285686658763,0,0.183227316671
6,2,2,8,0,0.539678156375,0.584621322377,0.0449431660023,0.183227316671
6,2,2,8,1,0.584585207082,0.584621322377,3.61152953297e-05,0.183227316671
6,2,2,8,2,0.584621322377,0.584621322377,0,0.183227316671
6,2,2,8,3,0.584621322377,0.584621322377,0,0.183227316671
6,2,2,8,4,0.584621322377,0.584621322377,0,0.183227316671
6,2,2,8,5,0.584621322377,0.584621322377,0,0.183227316671
6,2,2,8,6,0.584621322377,0.584621322377,0,0.183227316671
6,2,2,32,0,0.65089777842,0.701456642194,0.0505588637749,0.183227316671
6,2,2,32,1,0.701320659735,0.701456642194,0.000135982459397,0.183227316671
6,2,2,32,2,0.701456642194,0.701456642194,0,0.183227316671
6,2,2,32,3,0.701456642194,0.701456642194,0,0.183227316671
6,2,2,32,4,0.701456642194,0.701456642194,0,0.183227316671
6,2,2,32,5,0.701456642194,0.701456642194,0,0.183227316671
6,2,2,32,6,0.701456642194,0.701456642194,0,0.183227316671
6,2,3,2,0,0.511194588285,0.511194588285,0,0.436278623494
6,2,3,2,1,0.511194588285,0.511194588285,0,0.436278623494
6,2,3,2,2,0.511194588285,0.511194588285,0,0.436278623494
6,2,3,2,3,0.511194588285,0.511194588285,0,0.436278623494
6,2,3,2,4,0.511194588285,0.511194588285,0,0.436278623494
6,2,3,2,5,0.511194588285,0.511194588285,0,0.436278623494
6,2,3,2,6,0.511194588285,0.511194588285,0,0.436278623494
6,2,3,8,0,0.652009277571,0.671627306362,0.0196180287915,0.436278623494
6,2,3,8,1,0.671627306362,0.671627306362,0,0.436278623494
6,2,3,8,2,0.671627306362,0.671627306362,0,0.436278623494
6,2,3,8,3,0.671627306362,0.671627306362,0,0.436278623494
6,2,3,8,4,0.671627306362,0.671627306362,0,0.436278623494
6,2,3,8,5,0.671627306362,0.671627306362,0,0.436278623494
6,2,3,8,6,0.671627306362,0.671627306362,0,0.436278623494
6,2,3,32,0,0.746306210317,0.790075634845,0.0437694245286,0.436278623494
6,2,3,32,1,0.770573013466,0.790075634845,0.0195026213794,0.436278623494
6,2,3,32,2,0.790075634845,0.790075634845,0,0.436278623494
6,2,3,32,3,0.790075634845,0.790075634845,0,0.436278623494
6,2,3,32,4,0.790075634845,0.790075634845,0,0.436278623494
6,2,3,32,5,0.790075634845,0.790075634845,0,0.436278623494
6,2,3,32,6,0.790075634845,0.790075634845,0,0.436278623494
6,2,4,2,0,0.413790705022,0.417780057343,0.00398935232055,0.312320463568
6,2,4,2,1,0.417780057343,0.417780057343,0,0.312320463568
6,2,4,2,2,0.417780057343,0.417780057343,0,0.312320463568
6,2,4,2,3,0.417780057343,0.417780057343,0,0.312320463568
6,2,4,2,4,0.417780057343,0.417780057343,0,0.312320463568
6,2,4,2,5,0.417780057343,0.417780057343,0,0.312320463568
6,2,4,2,6,0.417780057343,0.417780057343,0,0.312320463568
6,2,4,8,0,0.623863856002,0.63707832326,0.0132144672584,0.312320463568
6,2,4,8,1,0.63707832326,0.63707832326,0,0.312320463568
6,2,4,8,2,0.63707832326,0.63707832326,0,0.312320463568
6,2,4,8,3,0.63707832326,0.63707832326,0,0.312320463568
6,2,4,8,4,0.63707832326,0.63707832326,0,0.312320463568
6,2,4,8,5,0.63707832326,0.63707832326,0,0.312320463568
6,2,4,8,6,0.63707832326,0.63707832326,0,0.312320463568
6,2,4,32,0,0.756168415168,0.779111951814,0.0229435366456,0.312320463568
6,2,4,32,1,0.779111951814,0.779111951814,0,0.312320463568
6,2,4,32,2,0.779111951814,0.779111951814,0,0.312320463568
6,2,4,32,3,0.779111951814,0.779111951814,0,0.312320463568
6,2,4,32,4,0.779111951814,0.779111951814,0,0.312320463568
6,2,4,32,5,0.779111951814,0.779111951814,0,0.312320463568
6,2,4,32,6,0.779111951814,0.779111951814,0,0.312320463568
6,2,5,2,0,0.184802699164,0.184802699164,0,0.149758539291
6,2,5,2,1,0.184802699164,0.184802699164,0,0.149758539291
6,2,5,2,2,0.184802699164,0.184802699164,0,0.149758539291
6,2,5,2,3,0.184802699164,0.184802699164,0,0.149758539291
6,2,5,2,4,0.184802699164,0.184802699164,0,0.149758539291
6,2,5,2,5,0.184802699164,0.184802699164,0,0.149758539291
6,2,5,2,6,0.184802699164,0.184802699164,0,0.149758539291
6,2,5,8,0,0.243485752489,0.246797071885,0.00331131939602,0.149758539291
6,2,5,8,1,0.246754710535,0.246797071885,4.23613497227e-05,0.149758539291
6,2,5,8,2,0.246754710535,0.246797071885,4.23613497227e-05,0.149758539291
6,2,5,8,3,0.246797071885,0.246797071885,0,0.149758539291
6,2,5,8,4,0.246797071885,0.246797071885,0,0.149758539291
6,2,5,8,5,0.246797071885,0.246797071885,0,0.149758539291
6,2,5,8,6,0.246797071885,0.246797071885,0,0.149758539291
6,2,5,32,0,0.356107628158,0.386790982499,0.0306833543411,0.149758539291
6,2,5,32,1,0.386105985447,0.386790982499,0.000684997052307,0.149758539291
6,2,5,32,2,0.386105985447,0.386790982499,0.000684997052307,0.149758539291
6,2,5,32,3,0.386790982499,0.386790982499,0,0.149758539291
6,2,5,32,4,0.386790982499,0.386790982499,0,0.149758539291
6,2,5,32,5,0.386790982499,0.386790982499,0,0.149758539291
6,2,5,32,6,0.386790982499,0.386790982499,0,0.149758539291
6,2,6,2,0,0.305152056062,0.305152056062,0,0.262154175931
6,2,6,2,1,0.305152056062,0.305152056062,0,0.262154175931
6,2,6,2,2,0.305152056062,0.305152056062,0,0.262154175931
6,2,6,2,3,0.305152056062,0.305152056062,0,0.262154175931
6,2,6,2,4,0.305152056062,0.305152056062,0,0.262154175931
6,2,6,2,5,0.305152056062,0.305152056062,0,0.262154175931
6,2,6,2,6,0.305152056062,0.305152056062,0,0.262154175931
6,2,6,8,0,0.37724781078,0.37724781078,0,0.262154175931
6,2,6,8,1,0.37724781078,0.37724781078,0,0.262154175931
6,2,6,8,2,0.37724781078,0.37724781078,0,0.262154175931
6,2,6,8,3,0.37724781078,0.37724781078,0,0.262154175931
6,2,6,8,4,0.37724781078,0.37724781078,0,0.262154175931
6,2,6,8,5,0.37724781078,0.37724781078,0,0.262154175931
6,2,6,8,6,0.37724781078,0.37724781078,0,0.262154175931
6,2,6,32,0,0.47990446201,0.47990446201,0,0.262154175931
6,2,6,32,1,0.47990446201,0.47990446201,0,0.262154175931
6,2,6,32,2,0.47990446201,0.47990446201,0,0.262154175931
6,2,6,32,3,0.47990446201,0.47990446201,0,0.262154175931
6,2,6,32,4,0.47990446201,0.47990446201,0,0.262154175931
6,2,6,32,5,0.47990446201,0.47990446201,0,0.262154175931
6,2,6,32,6,0.47990446201,0.47990446201,0,0.262154175931
6,2,7,2,0,0.360439439831,0.360718383795,0.000278943963906,0.317598287985
6,2,7,2,1,0.360718383795,0.360718383795,0,0.317598287985
6,2,7,2,2,0.360718383795,0.360718383795,0,0.317598287985
6,2,7,2,3,0.360718383795,0.360718383795,0,0.317598287985
6,2,7,2,4,0.360718383795,0.360718383795,0,0.317598287985
6,2,7,2,5,0.360718383795,0.360718383795,0,0.317598287985
6,2,7,2,6,0.360718383795,0.360718383795,0,0.317598287985
6,2,7,8,0,0.474912981575,0.475506223867,0.000593242292529,0.317598287985
6,2,7,8,1,0.475317266177,0.475506223867,0.000188957689939,0.317598287985
6,2,7,8,2,0.475506223867,0.475506223867,0,0.317598287985
6,2,7,8,3,0.475506223867,0.475506223867,0,0.317598287985
6,2,7,8,4,0.475506223867,0.475506223867,0,0.317598287985
6,2,7,8,5,0.475506223867,0.475506223867,0,0.317598287985
6,2,7,8,6,0.475506223867,0.475506223867,0,0.317598287985
6,2,7,32,0,0.605912838093,0.606053249015,0.000140410922151,0.317598287985
6,2,7,32,1,0.605012713936,0.606053249015,0.00104053507935,0.317598287985
6,2,7,32,2,0.606053249015,0.606053249015,0,0.317598287985
6,2,7,32,3,0.606053249015,0.606053249015,0,0.317598287985
6,2,7,32,4,0.606053249015,0.606053249015,0,0.317598287985
6,2,7,32,5,0.606053249015,0.606053249015,0,0.317598287985
6,2,7,32,6,0.606053249015,0.606053249015,0,0.317598287985
6,2,8,2,0,0.631471447798,0.631471447798,0,0.564838354837
6,2,8,2,1,0.631471447798,0.631471447798,0,0.564838354837
6,2,8,2,2,0.631471447798,0.631471447798,0,0.564838354837
6,2,8,2,3,0.631471447798,0.631471447798,0,0.564838354837
6,2,8,2,4,0.631471447798,0.631471447798,0,0.564838354837
6,2,8,2,5,0.631471447798,0.631471447798,0,0.564838354837
6,2,8,2,6,0.631471447798,0.631471447798,0,0.564838354837
6,2,8,8,0,0.718009753593,0.718009753593,0,0.564838354837
6,2,8,8,1,0.718009753593,0.718009753593,0,0.564838354837
6,2,8,8,2,0.718009753593,0.718009753593,0,0.564838354837
6,2,8,8,3,0.718009753593,0.718009753593,0,0.564838354837
6,2,8,8,4,0.718009753593,0.718009753593,0,0.564838354837
6,2,8,8,5,0.718009753593,0.718009753593,0,0.564838354837
6,2,8,8,6,0.718009753593,0.718009753593,0,0.564838354837
6,2,8,32,0,0.751339814536,0.751339814536,0,0.564838354837
6,2,8,32,1,0.751339814536,0.751339814536,0,0.564838354837
6,2,8,32,2,0.751339814536,0.751339814536,0,0.564838354837
6,2,8,32,3,0.751339814536,0.751339814536,0,0.564838354837
6,2,8,32,4,0.751339814536,0.751339814536,0,0.564838354837
6,2,8,32,5,0.751339814536,0.751339814536,0,0.564838354837
6,2,8,32,6,0.751339814536,0.751339814536,0,0.564838354837
6,2,9,2,0,0.131913150717,0.131913150717,0,0.114326180833
6,2,9,2,1,0.131913150717,0.131913150717,0,0.114326180833
6,2,9,2,2,0.131913150717,0.131913150717,0,0.114326180833
6,2,9,2,3,0.131913150717,0.131913150717,0,0.114326180833
6,2,9,2,4,0.131913150717,0.131913150717,0,0.114326180833
6,2,9,2,5,0.131913150717,0.131913150717,0,0.114326180833
6,2,9,2,6,0.131913150717,0.131913150717,0,0.114326180833
6,2,9,8,0,0.174901280326,0.175129829954,0.000228549628527,0.114326180833
6,2,9,8,1,0.174901280326,0.175129829954,0.000228549628527,0.114326180833
6,2,9,8,2,0.174901280326,0.175129829954,0.000228549628527,0.114326180833
6,2,9,8,3,0.175129829954,0.175129829954,0,0.114326180833
6,2,9,8,4,0.175129829954,0.175129829954,0,0.114326180833
6,2,9,8,5,0.175129829954,0.175129829954,0,0.114326180833
6,2,9,8,6,0.175129829954,0.175129829954,0,0.114326180833
6,2,9,32,0,0.283190068471,0.314360897123,0.031170828652,0.114326180833
6,2,9,32,1,0.310172887607,0.314360897123,0.00418800951597,0.114326180833
6,2,9,32,2,0.313375078473,0.314360897123,0.000985818649895,0.114326180833
6,2,9,32,3,0.314360897123,0.314360897123,0,0.114326180833
6,2,9,32,4,0.314360897123,0.314360897123,0,0.114326180833
6,2,9,32,5,0.314360897123,0.314360897123,0,0.114326180833
6,2,9,32,6,0.314360897123,0.314360897123,0,0.114326180833
6,2,10,2,0,0.126986071808,0.126986071808,0,0.109445429639
6,2,10,2,1,0.126986071808,0.126986071808,0,0.109445429639
6,2,10,2,2,0.126986071808,0.126986071808,0,0.109445429639
6,2,10,2,3,0.126986071808,0.126986071808,0,0.109445429639
6,2,10,2,4,0.126986071808,0.126986071808,0,0.109445429639
6,2,10,2,5,0.126986071808,0.126986071808,0,0.109445429639
6,2,10,2,6,0.126986071808,0.126986071808,0,0.109445429639
6,2,10,8,0,0.160759745934,0.161500036106,0.000740290171728,0.109445429639
6,2,10,8,1,0.161500036106,0.161500036106,0,0.109445429639
6,2,10,8,2,0.161500036106,0.161500036106,0,0.109445429639
6,2,10,8,3,0.161500036106,0.161500036106,0,0.109445429639
6,2,10,8,4,0.161500036106,0.161500036106,0,0.109445429639
6,2,10,8,5,0.161500036106,0.161500036106,0,0.109445429639
6,2,10,8,6,0.161500036106,0.161500036106,0,0.109445429639
6,2,10,32,0,0.229160919162,0.249042493137,0.0198815739751,0.109445429639
6,2,10,32,1,0.23381543182,0.249042493137,0.0152270613172,0.109445429639
6,2,10,32,2,0.249042493137,0.249042493137,0,0.109445429639
6,2,10,32,3,0.249042493137,0.249042493137,0,0.109445429639
6,2,10,32,4,0.249042493137,0.249042493137,0,0.109445429639
6,2,10,32,5,0.249042493137,0.249042493137,0,0.109445429639
6,2,10,32,6,0.249042493137,0.249042493137,0,0.109445429639
6,2,11,2,0,0.20773683646,0.20773683646,0,0.171288166398
6,2,11,2,1,0.20773683646,0.20773683646,0,0.171288166398
6,2,11,2,2,0.20773683646,0.20773683646,0,0.171288166398
6,2,11,2,3,0.20773683646,0.20773683646,0,0.171288166398
6,2,11,2,4,0.20773683646,0.20773683646,0,0.171288166398
6,2,11,2,5,0.20773683646,0.20773683646,0,0.171288166398
6,2,11,2,6,0.20773683646,0.20773683646,0,0.171288166398
6,2,11,8,0,0.250715497048,0.250715497048,0,0.171288166398
6,2,11,8,1,0.250715497048,0.250715497048,0,0.171288166398
6,2,11,8,2,0.250715497048,0.250715497048,0,0.171288166398
6,2,11,8,3,0.250715497048,0.250715497048,0,0.171288166398
6,2,11,8,4,0.250715497048,0.250715497048,0,0.171288166398
6,2,11,8,5,0.250715497048,0.250715497048,0,0.171288166398
6,2,11,8,6,0.250715497048,0.250715497048,0,0.171288166398
6,2,11,32,0,0.28077427135,0.295525278328,0.0147510069782,0.171288166398
6,2,11,32,1,0.294402817414,0.295525278328,0.00112246091446,0.171288166398
6,2,11,32,2,0.295525278328,0.295525278328,0,0.171288166398
6,2,11,32,3,0.295525278328,0.295525278328,0,0.171288166398
6,2,11,32,4,0.295525278328,0.295525278328,0,0.171288166398
6,2,11,32,5,0.295525278328,0.295525278328,0,0.171288166398
6,2,11,32,6,0.295525278328,0.295525278328,0,0.171288166398
6,8,0,2,0,0.38724932234,0.387310244561,6.09222212122e-05,0.185075922802
6,8,0,2,1,0.387310244561,0.387310244561,0,0.185075922802
6,8,0,2,2,0.387310244561,0.387310244561,0,0.185075922802
6,8,0,2,3,0.387310244561,0.387310244561,0,0.185075922802
6,8,0,2,4,0.387310244561,0.387310244561,0,0.185075922802
6,8,0,2,5,0.387310244561,0.387310244561,0,0.185075922802
6,8,0,2,6,0.387310244561,0.387310244561,0,0.185075922802
6,8,0,8,0,0.815693972706,0.825163167549,0.00946919484277,0.185075922802
6,8,0,8,1,0.82401372145,0.825163167549,0.00114944609868,0.185075922802
6,8,0,8,2,0.825163167549,0.825163167549,0,0.185075922802
6,8,0,8,3,0.825163167549,0.825163167549,0,0.185075922802
6,8,0,8,4,0.825163167549,0.825163167549,0,0.185075922802
6,8,0,8,5,0.825163167549,0.825163167549,0,0.185075922802
6,8,0,8,6,0.825163167549,0.825163167549,0,0.185075922802
6,8,0,32,0,0.918551997245,0.920831886083,0.00227988883801,0.185075922802
6,8,0,32,1,0.918343930526,0.920831886083,0.0024879555577,0.185075922802
6,8,0,32,2,0.919777580813,0.920831886083,0.00105430527088,0.185075922802
6,8,0,32,3,0.920822875797,0.920831886083,9.01028661082e-06,0.185075922802
6,8,0,32,4,0.920830390085,0.920831886083,1.49599803212e-06,0.185075922802
6,8,0,32,5,0.920831886083,0.920831886083,0,0.185075922802
6,8,0,32,6,0.920831886083,0.920831886083,0,0.185075922802
6,8,1,2,0,0.576703661442,0.578126863681,0.00142320223886,0.458169192023
6,8,1,2,1,0.578060029827,0.578126863681,6.68338537482e-05,0.458169192023
6,8,1,2,2,0.578120142362,0.578126863681,6.72131929247e-06,0.458169192023
6,8,1,2,3,0.578126863681,0.578126863681,0,0.458169192023
6,8,1,2,4,0.578126863681,0.578126863681,0,0.458169192023
6,8,1,2,5,0.578126863681,0.578126863681,0,0.458169192023
6,8,1,2,6,0.578126863681,0.578126863681,0,0.458169192023
6,8,1,8,0,0.656883346914,0.676405793875,0.0195224469615,0.458169192023
6,8,1,8,1,0.673155684458,0.676405793875,0.00325010941742,0.458169192023
6,8,1,8,2,0.675484933847,0.676405793875,0.000920860028065,0.458169192023
6,8,1,8,3,0.676405793875,0.676405793875,0,0.458169192023
6,8,1,8,4,0.676405793875,0.676405793875,0,0.458169192023
6,8,1,8,5,0.676405793875,0.676405793875,0,0.458169192023
6,8,1,8,6,0.676405793875,0.676405793875,0,0.458169192023
6,8,1,32,0,0.658428782347,0.687492076504,0.0290632941566,0.458169192023
6,8,1,32,1,0.684798300551,0.687492076504,0.0026937759532,0.458169192023
6,8,1,32,2,0.687274592399,0.687492076504,0.000217484105075,0.458169192023
6,8,1,32,3,0.687412274054,0.687492076504,7.98024500918e-05,0.458169192023
6,8,1,32,4,0.687467590794,0.687492076504,2.44857093542e-05,0.458169192023
6,8,1,32,5,0.687492076504,0.687492076504,0,0.458169192023
6,8,1,32,6,0.687492076504,0.687492076504,0,0.458169192023
6,8,2,2,0,0.390123350415,0.390463837935,0.000340487520221,0.21577541489
6,8,2,2,1,0.389661115259,0.390463837935,0.000802722675863,0.21577541489
6,8,2,2,2,0.390463251135,0.390463837935,5.86800027791e-07,0.21577541489
6,8,2,2,3,0.390463837935,0.390463837935,0,0.21577541489
6,8,2,2,4,0.390463837935,0.390463837935,0,0.21577541489
6,8,2,2,5,0.390463837935,0.390463837935,0,0.21577541489
6,8,2,2,6,0.390463837935,0.390463837935,0,0.21577541489
6,8,2,8,0,0.673518588924,0.674583647177,0.00106505825304,0.21577541489
6,8,2,8,1,0.669488019574,0.674583647177,0.00509562760302,0.21577541489
6,8,2,8,2,0.67456661266,0.674583647177,1.70345170154e-05,0.21577541489
6,8,2,8,3,0.674409974483,0.674583647177,0.000173672694492,0.21577541489
6,8,2,8,4,0.674583647177,0.674583647177,0,0.21577541489
6,8,2,8,5,0.674583647177,0.674583647177,0,0.21577541489
6,8,2,8,6,0.674583647177,0.674583647177,0,0.21577541489
6,8,2,32,0,0.801392523526,0.803622414063,0.00222989053743,0.21577541489
6,8,2,32,1,0.796521868862,0.803622414063,0.00710054520116,0.21577541489
6,8,2,32,2,0.803530254066,0.803622414063,9.21599969356e-05,0.21577541489
6,8,2,32,3,0.803622414063,0.803622414063,0,0.21577541489
6,8,2,32,4,0.803622414063,0.803622414063,0,0.21577541489
6,8,2,32,5,0.803622414063,0.803622414063,0,0.21577541489
6,8,2,32,6,0.803622414063,0.803622414063,0,0.21577541489
6,8,3,2,0,0.349106534317,0.349385280703,0.000278746386436,0.207177460869
6,8,3,2,1,0.349381812489,0.349385280703,3.46821468405e-06,0.207177460869
6,8,3,2,2,0.349371928855,0.349385280703,1.33518480616e-05,0.207177460869
6,8,3,2,3,0.349371928855,0.349385280703,1.33518480616e-05,0.207177460869
6,8,3,2,4,0.349385280703,0.349385280703,0,0.207177460869
6,8,3,2,5,0.349385280703,0.349385280703,0,0.207177460869
6,8,3,2,6,0.349385280703,0.349385280703,0,0.207177460869
6,8,3,8,0,0.494482240898,0.568066821779,0.0735845808817,0.207177460869
6,8,3,8,1,0.539764725602,0.568066821779,0.0283020961772,0.207177460869
6,8,3,8,2,0.558588188107,0.568066821779,0.00947863367211,0.207177460869
6,8,3,8,3,0.561901646917,0.568066821779,0.00616517486259,0.207177460869
6,8,3,8,4,0.568066076587,0.568066821779,7.45192685558e-07,0.207177460869
6,8,3,8,5,0.568066821779,0.568066821779,0,0.207177460869
6,8,3,8,6,0.568066821779,0.568066821779,0,0.207177460869
6,8,3,32,0,0.615808840812,0.658531274212,0.0427224333999,0.207177460869
6,8,3,32,1,0.658045873965,0.658531274212,0.00048540024762,0.207177460869
6,8,3,32,2,0.65853040857,0.658531274212,8.6564258639e-07,0.207177460869
6,8,3,32,3,0.658531273091,0.658531274212,1.12106934846e-09,0.207177460869
6,8,3,32,4,0.658531274212,0.658531274212,0,0.207177460869
6,8,3,32,5,0.658531274212,0.658531274212,0,0.207177460869
6,8,3,32,6,0.658531274212,0.658531274212,0,0.207177460869
6,8,4,2,0,0.239245528959,0.239656835841,0.000411306882185,0.100129076898
6,8,4,2,1,0.239643927304,0.239656835841,1.29085375638e-05,0.100129076898
6,8,4,2,2,0.239655675634,0.239656835841,1.16020691976e-06,0.100129076898
6,8,4,2,3,0.239656835841,0.239656835841,0,0.100129076898
6,8,4,2,4,0.239656835841,0.239656835841,0,0.100129076898
6,8,4,2,5,0.239656835841,0.239656835841,0,0.100129076898
6,8,4,2,6,0.239656835841,0.239656835841,0,0.100129076898
6,8,4,8,0,0.579959654696,0.61066272562,0.0307030709246,0.100129076898
6,8,4,8,1,0.6105544833,0.61066272562,0.000108242320099,0.100129076898
6,8,4,8,2,0.610572310662,0.61066272562,9.04149580494e-05,0.100129076898
6,8,4,8,3,0.610572310662,0.61066272562,9.04149580494e-05,0.100129076898
6,8,4,8,4,0.610662474621,0.61066272562,2.50998912432e-07,0.100129076898
6,8,4,8,5,0.61066272562,0.61066272562,0,0.100129076898
6,8,4,8,6,0.61066272562,0.61066272562,0,0.100129076898
6,8,4,32,0,0.684292691053,0.734441751448,0.0501490603945,0.100129076898
6,8,4,32,1,0.73313896799,0.734441751448,0.00130278345747,0.100129076898
6,8,4,32,2,0.733614306866,0.734441751448,0.000827444581986,0.100129076898
6,8,4,32,3,0.733815517007,0.734441751448,0.000626234440745,0.100129076898
6,8,4,32,4,0.734441674318,0.734441751448,7.71303181324e-08,0.100129076898
6,8,4,32,5,0.734441751448,0.734441751448,0,0.100129076898
6,8,4,32,6,0.734441751448,0.734441751448,0,0.100129076898
6,8,5,2,0,0.578641206053,0.580089822308,0.00144861625451,0.4152875759
6,8,5,2,1,0.580045584688,0.580089822308,4.42376196066e-05,0.4152875759
6,8,5,2,2,0.580080961875,0.580089822308,8.86043325288e-06,0.4152875759
6,8,5,2,3,0.580086308198,0.580089822308,3.51410972033e-06,0.4152875759
6,8,5,2,4,0.580089822308,0.580089822308,0,0.4152875759
6,8,5,2,5,0.580089822308,0.580089822308,0,0.4152875759
6,8,5,2,6,0.580089822308,0.580089822308,0,0.4152875759
6,8,5,8,0,0.693570785087,0.715301400331,0.0217306152439,0.4152875759
6,8,5,8,1,0.71474423753,0.715301400331,0.000557162800242,0.4152875759
6,8,5,8,2,0.715301058457,0.715301400331,3.41873548471e-07,0.4152875759
6,8,5,8,3,0.715301400331,0.715301400331,0,0.4152875759
6,8,5,8,4,0.715301400331,0.715301400331,0,0.4152875759
6,8,5,8,5,0.715301400331,0.715301400331,0,0.4152875759
6,8,5,8,6,0.715301400331,0.715301400331,0,0.4152875759
6,8,5,32,0,0.749458574427,0.762881507435,0.0134229330088,0.4152875759
6,8,5,32,1,0.762877651838,0.762881507435,3.85559710991e-06,0.4152875759
6,8,5,32,2,0.762878125369,0.762881507435,3.38206632489e-06,0.4152875759
6,8,5,32,3,0.762880869764,0.762881507435,6.37670861781e-07,0.4152875759
6,8,5,32,4,0.762881104565,0.762881507435,4.02870396043e-07,0.4152875759
6,8,5,32,5,0.762881507435,0.762881507435,0,0.4152875759
6,8,5,32,6,0.762881507435,0.762881507435,0,0.4152875759
6,8,6,2,0,0.573476480274,0.575129160951,0.00165268067743,0.383375702988
6,8,6,2,1,0.574949240635,0.575129160951,0.00017992031674,0.383375702988
6,8,6,2,2,0.575129160951,0.575129160951,0,0.383375702988
6,8,6,2,3,0.575129160951,0.575129160951,0,0.383375702988
6,8,6,2,4,0.575129160951,0.575129160951,0,0.383375702988
6,8,6,2,5,0.575129160951,0.575129160951,0,0.383375702988
6,8,6,2,6,0.575129160951,0.575129160951,0,0.383375702988
6,8,6,8,0,0.829698761154,0.839647019906,0.00994825875261,0.383375702988
6,8,6,8,1,0.838465976864,0.839647019906,0.00118104304213,0.383375702988
6,8,6,8,2,0.839640149472,0.839647019906,6.87043435232e-06,0.383375702988
6,8,6,8,3,0.839647019906,0.839647019906,0,0.383375702988
6,8,6,8,4,0.839647019906,0.839647019906,0,0.383375702988
6,8,6,8,5,0.839647019906,0.839647019906,0,0.383375702988
6,8,6,8,6,0.839647019906,0.839647019906,0,0.383375702988
6,8,6,32,0,0.903805724676,0.90959963533,0.0057939106542,0.383375702988
6,8,6,32,1,0.907350840956,0.90959963533,0.00224879437418,0.383375702988
6,8,6,32,2,0.909203548293,0.90959963533,0.000396087037097,0.383375702988
6,8,6,32,3,0.90959963533,0.90959963533,0,0.383375702988
6,8,6,32,4,0.90959963533,0.90959963533,0,0.383375702988
6,8,6,32,5,0.90959963533,0.90959963533,0,0.383375702988
6,8,6,32,6,0.90959963533,0.90959963533,0,0.383375702988
6,8,7,2,0,0.618850800979,0.618855359172,4.55819355327e-06,0.413179402871
6,8,7,2,1,0.61885457859,0.618855359172,7.80581920434e-07,0.413179402871
6,8,7,2,2,0.618855359172,0.618855359172,0,0.413179402871
6,8,7,2,3,0.618855359172,0.618855359172,0,0.413179402871
6,8,7,2,4,0.618855359172,0.618855359172,0,0.413179402871
6,8,7,2,5,0.618855359172,0.618855359172,0,0.413179402871
6,8,7,2,6,0.618855359172,0.618855359172,0,0.413179402871
6,8,7,8,0,0.809966882363,0.811204869629,0.00123798726577,0.413179402871
6,8,7,8,1,0.810377848483,0.811204869629,0.000827021145748,0.413179402871
6,8,7,8,2,0.811204855317,0.811204869629,1.43121603458e-08,0.413179402871
6,8,7,8,3,0.811204869629,0.811204869629,0,0.413179402871
6,8,7,8,4,0.811204869629,0.811204869629,0,0.413179402871
6,8,7,8,5,0.811204869629,0.811204869629,0,0.413179402871
6,8,7,8,6,0.811204869629,0.811204869629,0,0.413179402871
6,8,7,32,0,0.828565068008,0.833038051507,0.00447298349934,0.413179402871
6,8,7,32,1,0.83153415973,0.833038051507,0.00150389177712,0.413179402871
6,8,7,32,2,0.832999338195,0.833038051507,3.87133126138e-05,0.413179402871
6,8,7,32,3,0.833038027318,0.833038051507,2.41887485597e-08,0.413179402871
6,8,7,32,4,0.833038027318,0.833038051507,2.41887470054e-08,0.413179402871
6,8,7,32,5,0.833038051507,0.833038051507,0,0.413179402871
6,8,7,32,6,0.833038051507,0.833038051507,0,0.413179402871
6,8,8,2,0,0.41677004916,0.418421240231,0.00165119107116,0.257457836663
6,8,8,2,1,0.417863840409,0.418421240231,0.000557399822423,0.257457836663
6,8,8,2,2,0.418417783998,0.418421240231,3.45623280401e-06,0.257457836663
6,8,8,2,3,0.418421240231,0.418421240231,0,0.257457836663
6,8,8,2,4,0.418421240231,0.418421240231,0,0.257457836663
6,8,8,2,5,0.418421240231,0.418421240231,0,0.257457836663
6,8,8,2,6,0.418421240231,0.418421240231,0,0.257457836663
6,8,8,8,0,0.610531528151,0.630439217432,0.0199076892804,0.257457836663
6,8,8,8,1,0.627510928869,0.630439217432,0.00292828856284,0.257457836663
6,8,8,8,2,0.630351223766,0.630439217432,8.79936656911e-05,0.257457836663
6,8,8,8,3,0.630361834281,0.630439217432,7.73831505293e-05,0.257457836663
6,8,8,8,4,0.630439217432,0.630439217432,0,0.257457836663
6,8,8,8,5,0.630439217432,0.630439217432,0,0.257457836663
6,8,8,8,6,0.630439217432,0.630439217432,0,0.257457836663
6,8,8,32,0,0.618352503735,0.723448604404,0.105096100669,0.257457836663
6,8,8,32,1,0.697255687646,0.723448604404,0.0261929167581,0.257457836663
6,8,8,32,2,0.714664005334,0.723448604404,0.00878459907025,0.257457836663
6,8,8,32,3,0.722169353664,0.723448604404,0.00127925074009,0.257457836663
6,8,8,32,4,0.723448604404,0.723448604404,0,0.257457836663
6,8,8,32,5,0.723448604404,0.723448604404,0,0.257457836663
6,8,8,32,6,0.723448604404,0.723448604404,0,0.257457836663
6,8,9,2,0,0.547610072263,0.549478352035,0.00186827977271,0.316767702291
6,8,9,2,1,0.548962133085,0.549478352035,0.000516218950058,0.316767702291
6,8,9,2,2,0.549478023489,0.549478352035,3.28546305606e-07,0.316767702291
6,8,9,2,3,0.549478352035,0.549478352035,0,0.316767702291
6,8,9,2,4,0.549478352035,0.549478352035,0,0.316767702291
6,8,9,2,5,0.549478352035,0.549478352035,0,0.316767702291
6,8,9,2,6,0.549478352035,0.549478352035,0,0.316767702291
6,8,9,8,0,0.765818924148,0.778330683543,0.0125117593947,0.316767702291
6,8,9,8,1,0.777854058422,0.778330683543,0.000476625121401,0.316767702291
6,8,9,8,2,0.778330683543,0.778330683543,0,0.316767702291
6,8,9,8,3,0.778330683543,0.778330683543,0,0.316767702291
6,8,9,8,4,0.778330683543,0.778330683543,0,0.316767702291
6,8,9,8,5,0.778330683543,0.778330683543,0,0.316767702291
6,8,9,8,6,0.778330683543,0.778330683543,0,0.316767702291
6,8,9,32,0,0.833765500982,0.843559910779,0.00979440979708,0.316767702291
6,8,9,32,1,0.843062297873,0.843559910779,0.000497612906558,0.316767702291
6,8,9,32,2,0.843559910779,0.843559910779,0,0.316767702291
6,8,9,32,3,0.843559910779,0.843559910779,0,0.316767702291
6,8,9,32,4,0.843559910779,0.843559910779,0,0.316767702291
6,8,9,32,5,0.843559910779,0.843559910779,0,0.316767702291
6,8,9,32,6,0.843559910779,0.843559910779,0,0.316767702291
6,8,10,2,0,0.466474119985,0.466928283176,0.000454163190609,0.341690473187
6,8,10,2,1,0.466152916867,0.466928283176,0.000775366308615,0.341690473187
6,8,10,2,2,0.466766328442,0.466928283176,0.000161954734342,0.341690473187
6,8,10,2,3,0.466928283176,0.466928283176,0,0.341690473187
6,8,10,2,4,0.466928283176,0.466928283176,0,0.341690473187
6,8,10,2,5,0.466928283176,0.466928283176,0,0.341690473187
6,8,10,2,6,0.466928283176,0.466928283176,0,0.341690473187
6,8,10,8,0,0.63327255782,0.643543701005,0.0102711431852,0.341690473187
6,8,10,8,1,0.630942592446,0.643543701005,0.0126011085595,0.341690473187
6,8,10,8,2,0.642319363593,0.643543701005,0.00122433741244,0.341690473187
6,8,10,8,3,0.643543701005,0.643543701005,0,0.341690473187
6,8,10,8,4,0.643543701005,0.643543701005,0,0.341690473187
6,8,10,8,5,0.643543701005,0.643543701005,0,0.341690473187
6,8,10,8,6,0.643543701005,0.643543701005,0,0.341690473187
6,8,10,32,0,0.728998203185,0.775688563997,0.0466903608118,0.341690473187
6,8,10,32,1,0.772906740183,0.775688563997,0.0027818238143,0.341690473187
6,8,10,32,2,0.773979467505,0.775688563997,0.00170909649136,0.341690473187
6,8,10,32,3,0.775587956314,0.775688563997,0.00010060768318,0.341690473187
6,8,10,32,4,0.775688563997,0.775688563997,0,0.341690473187
6,8,10,32,5,0.775688563997,0.775688563997,0,0.341690473187
6,8,10,32,6,0.775688563997,0.775688563997,0,0.341690473187
6,8,11,2,0,0.433895206691,0.435025644266,0.00113043757531,0.233855072094
6,8,11,2,1,0.435025644266,0.435025644266,0,0.233855072094
6,8,11,2,2,0.435025644266,0.435025644266,0,0.233855072094
6,8,11,2,3,0.435025644266,0.435025644266,0,0.233855072094
6,8,11,2,4,0.435025644266,0.435025644266,0,0.233855072094
6,8,11,2,5,0.435025644266,0.435025644266,0,0.233855072094
6,8,11,2,6,0.435025644266,0.435025644266,0,0.233855072094
6,8,11,8,0,0.650829227431,0.661934598734,0.0111053713034,0.233855072094
6,8,11,8,1,0.661925465637,0.661934598734,9.13309728579e-06,0.233855072094
6,8,11,8,2,0.661557152309,0.661934598734,0.000377446425,0.233855072094
6,8,11,8,3,0.661934157398,0.661934598734,4.41335944124e-07,0.233855072094
6,8,11,8,4,0.661934598734,0.661934598734,0,0.233855072094
6,8,11,8,5,0.661934598734,0.661934598734,0,0.233855072094
6,8,11,8,6,0.661934598734,0.661934598734,0,0.233855072094
6,8,11,32,0,0.790211432542,0.80300992551,0.0127984929687,0.233855072094
6,8,11,32,1,0.8014872024,0.80300992551,0.00152272311007,0.233855072094
6,8,11,32,2,0.802474625089,0.80300992551,0.000535300421392,0.233855072094
6,8,11,32,3,0.803009925505,0.80300992551,5.67690339182e-12,0.233855072094
6,8,11,32,4,0.80300992551,0.80300992551,0,0.233855072094
6,8,11,32,5,0.80300992551,0.80300992551,0,0.233855072094
6,8,11,32,6,0.80300992551,0.80300992551,0,0.233855072094
10,2,0,2,0,0.0980906811075,0.0980906811075,0,0.0602987023282
10,2,0,2,1,0.0980906811075,0.0980906811075,0,0.0602987023282
10,2,0,2,2,0.0980906811075,0.0980906811075,0,0.0602987023282
10,2,0,2,3,0.0980906811075,0.0980906811075,0,0.0602987023282
10,2,0,2,4,0.0980906811075,0.0980906811075,0,0.0602987023282
10,2,0,2,5,0.0980906811075,0.0980906811075,0,0.0602987023282
10,2,0,2,6,0.0980906811075,0.0980906811075,0,0.0602987023282
10,2,0,2,7,0.0980906811075,0.0980906811075,0,0.0602987023282
10,2,0,2,8,0.0980906811075,0.0980906811075,0,0.0602987023282
10,2,0,2,9,0.0980906811075,0.0980906811075,0,0.0602987023282
10,2,0,2,10,0.0980906811075,0.0980906811075,0,0.0602987023282
10,2,0,8,0,0.216147363803,0.216147363803,0,0.0602987023282
10,2,0,8,1,0.216147363803,0.216147363803,0,0.0602987023282
10,2,0,8,2,0.216147363803,0.216147363803,0,0.0602987023282
10,2,0,8,3,0.216147363803,0.216147363803,0,0.0602987023282
10,2,0,8,4,0.216147363803,0.216147363803,0,0.0602987023282
10,2,0,8,5,0.216147363803,0.216147363803,0,0.0602987023282
10,2,0,8,6,0.216147363803,0.216147363803,0,0.0602987023282
10,2,0,8,7,0.216147363803,0.216147363803,0,0.0602987023282
10,2,0,8,8,0.216147363803,0.216147363803,0,0.0602987023282
10,2,0,8,9,0.216147363803,0.216147363803,0,0.0602987023282
10,2,0,8,10,0.216147363803,0.216147363803,0,0.0602987023282
10,2,0,32,0,0.288197018724,0.288197018724,0,0.0602987023282
10,2,0,32,1,0.279445202423,0.288197018724,0.00875181630136,0.0602987023282
10,2,0,32,2,0.288197018724,0.288197018724,0,0.0602987023282
10,2,0,32,3,0.288197018724,0.288197018724,0,0.0602987023282
10,2,0,32,4,0.288197018724,0.288197018724,0,0.0602987023282
10,2,0,32,5,0.288197018724,0.288197018724,0,0.0602987023282
10,2,0,32,6,0.288197018724,0.288197018724,0,0.0602987023282
10,2,0,32,7,0.288197018724,0.288197018724,0,0.0602987023282
10,2,0,32,8,0.288197018724,0.288197018724,0,0.0602987023282
10,2,0,32,9,0.288197018724,0.288197018724,0,0.0602987023282
10,2,0,32,10,0.288197018724,0.288197018724,0,0.0602987023282
10,2,1,2,0,0.269977064153,0.270007856875,3.07927223818e-05,0.175999663589
10,2,1,2,1,0.269977064153,0.270007856875,3.07927223818e-05,0.175999663589
10,2,1,2,2,0.270007856875,0.270007856875,0,0.175999663589
10,2,1,2,3,0.270007856875,0.270007856875,0,0.175999663589
10,2,1,2,4,0.270007856875,0.270007856875,0,0.175999663589
10,2,1,2,5,0.270007856875,0.270007856875,0,0.175999663589
10,2,1,2,6,0.270007856875,0.270007856875,0,0.175999663589
10,2,1,2,7,0.270007856875,0.270007856875,0,0.175999663589
10,2,1,2,8,0.270007856875,0.270007856875,0,0.175999663589
10,2,1,2,9,0.270007856875,0.270007856875,0,0.175999663589
10,2,1,2,10,0.270007856875,0.270007856875,0,0.175999663589
10,2,1,8,0,0.429964980234,0.433946405454,0.00398142521959,0.175999663589
10,2,1,8,1,0.426714148535,0.433946405454,0.00723225691867,0.175999663589
10,2,1,8,2,0.433946405454,0.433946405454,0,0.175999663589
10,2,1,8,3,0.433946405454,0.433946405454,0,0.175999663589
10,2,1,8,4,0.433946405454,0.433946405454,0,0.175999663589
10,2,1,8,5,0.433946405454,0.433946405454,0,0.175999663589
10,2,1,8,6,0.433946405454,0.433946405454,0,0.175999663589
10,2,1,8,7,0.433946405454,0.433946405454,0,0.175999663589
10,2,1,8,8,0.433946405454,0.433946405454,0,0.175999663589
10,2,1,8,9,0.433946405454,0.433946405454,0,0.175999663589
10,2,1,8,10,0.433946405454,0.433946405454,0,0.175999663589
10,2,1,32,0,0.504582729946,0.525321363557,0.0207386336112,0.175999663589
10,2,1,32,1,0.521702041893,0.525321363557,0.00361932166366,0.175999663589
10,2,1,32,2,0.524873298008,0.525321363557,0.000448065548899,0.175999663589
10,2,1,32,3,0.524873298008,0.525321363557,0.000448065548899,0.175999663589
10,2,1,32,4,0.524873298008,0.525321363557,0.000448065548899,0.175999663589
10,2,1,32,5,0.525321363557,0.525321363557,0,0.175999663589
10,2,1,32,6,0.525321363557,0.525321363557,0,0.175999663589
10,2,1,32,7,0.525321363557,0.525321363557,0,0.175999663589
10,2,1,32,8,0.525321363557,0.525321363557,0,0.175999663589
10,2,1,32,9,0.525321363557,0.525321363557,0,0.175999663589
10,2,1,32,10,0.525321363557,0.525321363557,0,0.175999663589
10,2,2,2,0,0.399231278394,0.399231278394,0,0.324180295287
10,2,2,2,1,0.399231278394,0.399231278394,0,0.324180295287
10,2,2,2,2,0.399231278394,0.399231278394,0,0.324180295287
10,2,2,2,3,0.399231278394,0.399231278394,0,0.324180295287
10,2,2,2,4,0.399231278394,0.399231278394,0,0.324180295287
10,2,2,2,5,0.399231278394,0.399231278394,0,0.324180295287
10,2,2,2,6,0.399231278394,0.399231278394,0,0.324180295287
10,2,2,2,7,0.399231278394,0.399231278394,0,0.324180295287
10,2,2,2,8,0.399231278394,0.399231278394,0,0.324180295287
10,2,2,2,9,0.399231278394,0.399231278394,0,0.324180295287
10,2,2,2,10,0.399231278394,0.399231278394,0,0.324180295287
10,2,2,8,0,0.603634047485,0.603959031771,0.000324984286521,0.324180295287
10,2,2,8,1,0.603634047485,0.603959031771,0.000324984286521,0.324180295287
10,2,2,8,2,0.603959031771,0.603959031771,0,0.324180295287
10,2,2,8,3,0.603959031771,0.603959031771,0,0.324180295287
10,2,2,8,4,0.603959031771,0.603959031771,0,0.324180295287
10,2,2,8,5,0.603959031771,0.603959031771,0,0.324180295287
10,2,2,8,6,0.603959031771,0.603959031771,0,0.324180295287
10,2,2,8,7,0.603959031771,0.603959031771,0,0.324180295287
10,2,2,8,8,0.603959031771,0.603959031771,0,0.324180295287
10,2,2,8,9,0.603959031771,0.603959031771,0,0.324180295287
10,2,2,8,10,0.603959031771,0.603959031771,0,0.324180295287
10,2,2,32,0,0.71705229606,0.717803476965,0.000751180905009,0.324180295287
10,2,2,32,1,0.717803476965,0.717803476965,0,0.324180295287
10,2,2,32,2,0.717803476965,0.717803476965,0,0.324180295287
10,2,2,32,3,0.717803476965,0.717803476965,0,0.324180295287
10,2,2,32,4,0.717803476965,0.717803476965,0,0.324180295287
10,2,2,32,5,0.717803476965,0.717803476965,0,0.324180295287
10,2,2,32,6,0.717803476965,0.717803476965,0,0.324180295287
10,2,2,32,7,0.717803476965,0.717803476965,0,0.324180295287
10,2,2,32,8,0.717803476965,0.717803476965,0,0.324180295287
10,2,2,32,9,0.717803476965,0.717803476965,0,0.324180295287
10,2,2,32,10,0.717803476965,0.717803476965,0,0.324180295287
10,2,3,2,0,0.0453307580444,0.0481401496835,0.0028093916391,0.0203614186335
10,2,3,2,1,0.0480728356721,0.0481401496835,6.73140114182e-05,0.0203614186335
10,2,3,2,2,0.0481401496835,0.0481401496835,0,0.0203614186335
10,2,3,2,3,0.0481401496835,0.0481401496835,0,0.0203614186335
10,2,3,2,4,0.0481401496835,0.0481401496835,0,0.0203614186335
10,2,3,2,5,0.0481401496835,0.0481401496835,0,0.0203614186335
10,2,3,2,6,0.0481401496835,0.0481401496835,0,0.0203614186335
10,2,3,2,7,0.0481401496835,0.0481401496835,0,0.0203614186335
10,2,3,2,8,0.0481401496835,0.0481401496835,0,0.0203614186335
10,2,3,2,9,0.0481401496835,0.0481401496835,0,0.0203614186335
10,2,3,2,10,0.0481401496835,0.0481401496835,0,0.0203614186335
10,2,3,8,0,0.189428676587,0.276433169553,0.087004492966,0.0203614186335
10,2,3,8,1,0.272788672995,0.276433169553,0.00364449655745,0.0203614186335
10,2,3,8,2,0.2748489148,0.276433169553,0.00158425475285,0.0203614186335
10,2,3,8,3,0.276423916887,0.276433169553,9.25266618973e-06,0.0203614186335
10,2,3,8,4,0.276433169553,0.276433169553,0,0.0203614186335
10,2,3,8,5,0.276433169553,0.276433169553,0,0.0203614186335
10,2,3,8,6,0.276433169553,0.276433169553,0,0.0203614186335
10,2,3,8,7,0.276433169553,0.276433169553,0,0.0203614186335
10,2,3,8,8,0.276433169553,0.276433169553,0,0.0203614186335
10,2,3,8,9,0.276433169553,0.276433169553,0,0.0203614186335
10,2,3,8,10,0.276433169553,0.276433169553,0,0.0203614186335
10,2,3,32,0,0.349033539073,0.575225767167,0.226192228094,0.0203614186335
10,2,3,32,1,0.548071523153,0.575225767167,0.0271542440139,0.0203614186335
10,2,3,32,2,0.559684712178,0.575225767167,0.015541054989,0.0203614186335
10,2,3,32,3,0.574948929098,0.575225767167,0.000276838068974,0.0203614186335
10,2,3,32,4,0.575225767167,0.575225767167,0,0.0203614186335
10,2,3,32,5,0.575225767167,0.575225767167,0,0.0203614186335
10,2,3,32,6,0.575225767167,0.575225767167,0,0.0203614186335
10,2,3,32,7,0.575225767167,0.575225767167,0,0.0203614186335
10,2,3,32,8,0.575225767167,0.575225767167,0,0.0203614186335
10,2,3,32,9,0.575225767167,0.575225767167,0,0.0203614186335
10,2,3,32,10,0.575225767167,0.575225767167,0,0.0203614186335
10,2,4,2,0,0.246000048281,0.246000048281,0,0.197994250732
10,2,4,2,1,0.246000048281,0.246000048281,0,0.197994250732
10,2,4,2,2,0.246000048281,0.246000048281,0,0.197994250732
10,2,4,2,3,0.246000048281,0.246000048281,0,0.197994250732
10,2,4,2,4,0.246000048281,0.246000048281,0,0.197994250732
10,2,4,2,5,0.246000048281,0.246000048281,0,0.197994250732
10,2,4,2,6,0.246000048281,0.246000048281,0,0.197994250732
10,2,4,2,7,0.246000048281,0.246000048281,0,0.197994250732
10,2,4,2,8,0.246000048281,0.246000048281,0,0.197994250732
10,2,4,2,9,0.246000048281,0.246000048281,0,0.197994250732
10,2,4,2,10,0.246000048281,0.246000048281,0,0.197994250732
10,2,4,8,0,0.294578530729,0.294578530729,0,0.197994250732
10,2,4,8,1,0.294578530729,0.294578530729,0,0.197994250732
10,2,4,8,2,0.294578530729,0.294578530729,0,0.197994250732
10,2,4,8,3,0.294578530729,0.294578530729,0,0.197994250732
10,2,4,8,4,0.294578530729,0.294578530729,0,0.197994250732
10,2,4,8,5,0.294578530729,0.294578530729,0,0.197994250732
10,2,4,8,6,0.294578530729,0.294578530729,0,0.197994250732
10,2,4,8,7,0.294578530729,0.294578530729,0,0.197994250732
10,2,4,8,8,0.294578530729,0.294578530729,0,0.197994250732
10,2,4,8,9,0.294578530729,0.294578530729,0,0.197994250732
10,2,4,8,10,0.294578530729,0.294578530729,0,0.197994250732
10,2,4,32,0,0.395325652279,0.395414702133,8.90498534306e-05,0.197994250732
10,2,4,32,1,0.395362992941,0.395414702133,5.17091913499e-05,0.197994250732
10,2,4,32,2,0.395362992941,0.395414702133,5.17091913499e-05,0.197994250732
10,2,4,32,3,0.395362992941,0.395414702133,5.17091913499e-05,0.197994250732
10,2,4,32,4,0.395363962381,0.395414702133,5.07397513528e-05,0.197994250732
10,2,4,32,5,0.395363962381,0.395414702133,5.07397513528e-05,0.197994250732
10,2,4,32,6,0.395414702133,0.395414702133,0,0.197994250732
10,2,4,32,7,0.395414702133,0.395414702133,0,0.197994250732
10,2,4,32,8,0.395414702133,0.395414702133,0,0.197994250732
10,2,4,32,9,0.395414702133,0.395414702133,0,0.197994250732
10,2,4,32,10,0.395414702133,0.395414702133,0,0.197994250732
10,2,5,2,0,0.202907962907,0.203167921336,0.000259958429004,0.16683389878
10,2,5,2,1,0.202907962907,0.203167921336,0.000259958429004,0.16683389878
10,2,5,2,2,0.202907962907,0.203167921336,0.000259958429004,0.16683389878
10,2,5,2,3,0.203167921336,0.203167921336,0,0.16683389878
10,2,5,2,4,0.203167921336,0.203167921336,0,0.16683389878
10,2,5,2,5,0.203167921336,0.203167921336,0,0.16683389878
10,2,5,2,6,0.203167921336,0.203167921336,0,0.16683389878
10,2,5,2,7,0.203167921336,0.203167921336,0,0.16683389878
10,2,5,2,8,0.203167921336,0.203167921336,0,0.16683389878
10,2,5,2,9,0.203167921336,0.203167921336,0,0.16683389878
10,2,5,2,10,0.203167921336,0.203167921336,0,0.16683389878
10,2,5,8,0,0.267018195126,0.273034099847,0.00601590472152,0.16683389878
10,2,5,8,1,0.267018195126,0.273034099847,0.00601590472152,0.16683389878
10,2,5,8,2,0.273025982038,0.273034099847,8.11780883414e-06,0.16683389878
10,2,5,8,3,0.273025982038,0.273034099847,8.11780883414e-06,0.16683389878
10,2,5,8,4,0.273025982038,0.273034099847,8.11780883414e-06,0.16683389878
10,2,5,8,5,0.273034099847,0.273034099847,0,0.16683389878
10,2,5,8,6,0.273034099847,0.273034099847,0,0.16683389878
10,2,5,8,7,0.273034099847,0.273034099847,0,0.16683389878
10,2,5,8,8,0.273034099847,0.273034099847,0,0.16683389878
10,2,5,8,9,0.273034099847,0.273034099847,0,0.16683389878
10,2,5,8,10,0.273034099847,0.273034099847,0,0.16683389878
10,2,5,32,0,0.334206841133,0.34893112107,0.0147242799374,0.16683389878
10,2,5,32,1,0.347460122271,0.34893112107,0.00147099879888,0.16683389878
10,2,5,32,2,0.34893112107,0.34893112107,0,0.16683389878
10,2,5,32,3,0.34893112107,0.34893112107,0,0.16683389878
10,2,5,32,4,0.34893112107,0.34893112107,0,0.16683389878
10,2,5,32,5,0.34893112107,0.34893112107,0,0.16683389878
10,2,5,32,6,0.34893112107,0.34893112107,0,0.16683389878
10,2,5,32,7,0.34893112107,0.34893112107,0,0.16683389878
10,2,5,32,8,0.34893112107,0.34893112107,0,0.16683389878
10,2,5,32,9,0.34893112107,0.34893112107,0,0.16683389878
10,2,5,32,10,0.34893112107,0.34893112107,0,0.16683389878
10,2,6,2,0,0.433496510834,0.433496510834,0,0.322719105502
10,2,6,2,1,0.433496510834,0.433496510834,0,0.322719105502
10,2,6,2,2,0.433496510834,0.433496510834,0,0.322719105502
10,2,6,2,3,0.433496510834,0.433496510834,0,0.322719105502
10,2,6,2,4,0.433496510834,0.433496510834,0,0.322719105502
10,2,6,2,5,0.433496510834,0.433496510834,0,0.322719105502
10,2,6,2,6,0.433496510834,0.433496510834,0,0.322719105502
10,2,6,2,7,0.433496510834,0.433496510834,0,0.322719105502
10,2,6,2,8,0.433496510834,0.433496510834,0,0.322719105502
10,2,6,2,9,0.433496510834,0.433496510834,0,0.322719105502
10,2,6,2,10,0.433496510834,0.433496510834,0,0.322719105502
10,2,6,8,0,0.553076431972,0.553648607564,0.000572175591812,0.322719105502
10,2,6,8,1,0.553648607564,0.553648607564,0,0.322719105502
10,2,6,8,2,0.553648607564,0.553648607564,0,0.322719105502
10,2,6,8,3,0.553648607564,0.553648607564,0,0.322719105502
10,2,6,8,4,0.553648607564,0.553648607564,0,0.322719105502
10,2,6,8,5,0.553648607564,0.553648607564,0,0.322719105502
10,2,6,8,6,0.553648607564,0.553648607564,0,0.322719105502
10,2,6,8,7,0.553648607564,0.553648607564,0,0.322719105502
10,2,6,8,8,0.553648607564,0.553648607564,0,0.322719105502
10,2,6,8,9,0.553648607564,0.553648607564,0,0.322719105502
10,2,6,8,10,0.553648607564,0.553648607564,0,0.322719105502
10,2,6,32,0,0.612851225297,0.621322338257,0.00847111296048,0.322719105502
10,2,6,32,1,0.621298840418,0.621322338257,2.34978389345e-05,0.322719105502
10,2,6,32,2,0.621298840418,0.621322338257,2.34978389345e-05,0.322719105502
10,2,6,32,3,0.621322338257,0.621322338257,0,0.322719105502
10,2,6,32,4,0.621322338257,0.621322338257,0,0.322719105502
10,2,6,32,5,0.621322338257,0.621322338257,0,0.322719105502
10,2,6,32,6,0.621322338257,0.621322338257,0,0.322719105502
10,2,6,32,7,0.621322338257,0.621322338257,0,0.322719105502
10,2,6,32,8,0.621322338257,0.621322338257,0,0.322719105502
10,2,6,32,9,0.621322338257,0.621322338257,0,0.322719105502
10,2,6,32,10,0.621322338257,0.621322338257,0,0.322719105502
10,2,7,2,0,0.143002199304,0.143060679338,5.84800339876e-05,0.0846055507811
10,2,7,2,1,0.143013224836,0.143060679338,4.74545025823e-05,0.0846055507811
10,2,7,2,2,0.143060679338,0.143060679338,0,0.0846055507811
10,2,7,2,3,0.143060679338,0.143060679338,0,0.0846055507811
10,2,7,2,4,0.143060679338,0.143060679338,0,0.0846055507811
10,2,7,2,5,0.143060679338,0.143060679338,0,0.0846055507811
10,2,7,2,6,0.143060679338,0.143060679338,0,0.0846055507811
10,2,7,2,7,0.143060679338,0.143060679338,0,0.0846055507811
10,2,7,2,8,0.143060679338,0.143060679338,0,0.0846055507811
10,2,7,2,9,0.143060679338,0.143060679338,0,0.0846055507811
10,2,7,2,10,0.143060679338,0.143060679338,0,0.0846055507811
10,2,7,8,0,0.304225928856,0.305269695013,0.00104376615716,0.0846055507811
10,2,7,8,1,0.304218851833,0.305269695013,0.00105084318001,0.0846055507811
10,2,7,8,2,0.304582302212,0.305269695013,0.000687392801019,0.0846055507811
10,2,7,8,3,0.305269695013,0.305269695013,0,0.0846055507811
10,2,7,8,4,0.305269695013,0.305269695013,0,0.0846055507811
10,2,7,8,5,0.305269695013,0.305269695013,0,0.0846055507811
10,2,7,8,6,0.305269695013,0.305269695013,0,0.0846055507811
10,2,7,8,7,0.305269695013,0.305269695013,0,0.0846055507811
10,2,7,8,8,0.305269695013,0.305269695013,0,0.0846055507811
10,2,7,8,9,0.305269695013,0.305269695013,0,0.0846055507811
10,2,7,8,10,0.305269695013,0.305269695013,0,0.0846055507811
10,2,7,32,0,0.427978641744,0.440122916594,0.0121442748504,0.0846055507811
10,2,7,32,1,0.395851900722,0.440122916594,0.0442710158718,0.0846055507811
10,2,7,32,2,0.440122916594,0.440122916594,0,0.0846055507811
10,2,7,32,3,0.440122916594,0.440122916594,0,0.0846055507811
10,2,7,32,4,0.440122916594,0.440122916594,0,0.0846055507811
10,2,7,32,5,0.440122916594,0.440122916594,0,0.0846055507811
10,2,7,32,6,0.440122916594,0.440122916594,0,0.0846055507811
10,2,7,32,7,0.440122916594,0.440122916594,0,0.0846055507811
10,2,7,32,8,0.440122916594,0.440122916594,0,0.0846055507811
10,2,7,32,9,0.440122916594,0.440122916594,0,0.0846055507811
10,2,7,32,10,0.440122916594,0.440122916594,0,0.0846055507811
10,2,8,2,0,0.429535294454,0.429562775098,2.74806437964e-05,0.353252329024
10,2,8,2,1,0.429535294454,0.429562775098,2.74806437964e-05,0.353252329024
10,2,8,2,2,0.429562775098,0.429562775098,0,0.353252329024
10,2,8,2,3,0.429562775098,0.429562775098,0,0.353252329024
10,2,8,2,4,0.429562775098,0.429562775098,0,0.353252329024
10,2,8,2,5,0.429562775098,0.429562775098,0,0.353252329024
10,2,8,2,6,0.429562775098,0.429562775098,0,0.353252329024
10,2,8,2,7,0.429562775098,0.429562775098,0,0.353252329024
10,2,8,2,8,0.429562775098,0.429562775098,0,0.353252329024
10,2,8,2,9,0.429562775098,0.429562775098,0,0.353252329024
10,2,8,2,10,0.429562775098,0.429562775098,0,0.353252329024
10,2,8,8,0,0.578635467222,0.579623356342,0.000987889119909,0.353252329024
10,2,8,8,1,0.579403497797,0.579623356342,0.000219858545206,0.353252329024
10,2,8,8,2,0.579623356342,0.579623356342,0,0.353252329024
10,2,8,8,3,0.579623356342,0.579623356342,0,0.353252329024
10,2,8,8,4,0.579623356342,0.579623356342,0,0.353252329024
10,2,8,8,5,0.579623356342,0.579623356342,0,0.353252329024
10,2,8,8,6,0.579623356342,0.579623356342,0,0.353252329024
10,2,8,8,7,0.579623356342,0.579623356342,0,0.353252329024
10,2,8,8,8,0.579623356342,0.579623356342,0,0.353252329024
10,2,8,8,9,0.579623356342,0.579623356342,0,0.353252329024
10,2,8,8,10,0.579623356342,0.579623356342,0,0.353252329024
10,2,8,32,0,0.653783864283,0.662204576819,0.00842071253652,0.353252329024
10,2,8,32,1,0.661745761834,0.662204576819,0.000458814985186,0.353252329024
10,2,8,32,2,0.662204576819,0.662204576819,0,0.353252329024
10,2,8,32,3,0.662204576819,0.662204576819,0,0.353252329024
10,2,8,32,4,0.662204576819,0.662204576819,0,0.353252329024
10,2,8,32,5,0.662204576819,0.662204576819,0,0.353252329024
10,2,8,32,6,0.662204576819,0.662204576819,0,0.353252329024
10,2,8,32,7,0.662204576819,0.662204576819,0,0.353252329024
10,2,8,32,8,0.662204576819,0.662204576819,0,0.353252329024
10,2,8,32,9,0.662204576819,0.662204576819,0,0.353252329024
10,2,8,32,10,0.662204576819,0.662204576819,0,0.353252329024
10,2,9,2,0,0.0753146798931,0.0753150640765,3.84183427141e-07,0.0529956280224
10,2,9,2,1,0.0753150640765,0.0753150640765,0,0.0529956280224
10,2,9,2,2,0.0753150640765,0.0753150640765,0,0.0529956280224
10,2,9,2,3,0.0753150640765,0.0753150640765,0,0.0529956280224
10,2,9,2,4,0.0753150640765,0.0753150640765,0,0.0529956280224
10,2,9,2,5,0.0753150640765,0.0753150640765,0,0.0529956280224
10,2,9,2,6,0.0753150640765,0.0753150640765,0,0.0529956280224
10,2,9,2,7,0.0753150640765,0.0753150640765,0,0.0529956280224
10,2,9,2,8,0.0753150640765,0.0753150640765,0,0.0529956280224
10,2,9,2,9,0.0753150640765,0.0753150640765,0,0.0529956280224
10,2,9,2,10,0.0753150640765,0.0753150640765,0,0.0529956280224
10,2,9,8,0,0.138535701491,0.138643644498,0.000107943006944,0.0529956280224
10,2,9,8,1,0.138642880905,0.138643644498,7.63593087816e-07,0.0529956280224
10,2,9,8,2,0.138535701491,0.138643644498,0.000107943006944,0.0529956280224
10,2,9,8,3,0.138643644498,0.138643644498,0,0.0529956280224
10,2,9,8,4,0.138643644498,0.138643644498,0,0.0529956280224
10,2,9,8,5,0.138643644498,0.138643644498,0,0.0529956280224
10,2,9,8,6,0.138643644498,0.138643644498,0,0.0529956280224
10,2,9,8,7,0.138643644498,0.138643644498,0,0.0529956280224
10,2,9,8,8,0.138643644498,0.138643644498,0,0.0529956280224
10,2,9,8,9,0.138643644498,0.138643644498,0,0.0529956280224
10,2,9,8,10,0.138643644498,0.138643644498,0,0.0529956280224
10,2,9,32,0,0.2617574268,0.263313464148,0.00155603734813,0.0529956280224
10,2,9,32,1,0.263313464148,0.263313464148,0,0.0529956280224
10,2,9,32,2,0.263313464148,0.263313464148,0,0.0529956280224
10,2,9,32,3,0.263313464148,0.263313464148,0,0.0529956280224
10,2,9,32,4,0.263313464148,0.263313464148,0,0.0529956280224
10,2,9,32,5,0.263313464148,0.263313464148,0,0.0529956280224
10,2,9,32,6,0.263313464148,0.263313464148,0,0.0529956280224
10,2,9,32,7,0.263313464148,0.263313464148,0,0.0529956280224
10,2,9,32,8,0.263313464148,0.263313464148,0,0.0529956280224
10,2,9,32,9,0.263313464148,0.263313464148,0,0.0529956280224
10,2,9,32,10,0.263313464148,0.263313464148,0,0.0529956280224
10,2,10,2,0,0.123520654814,0.123520654814,0,0.0662817302493
10,2,10,2,1,0.123520654814,0.123520654814,0,0.0662817302493
10,2,10,2,2,0.123520654814,0.123520654814,0,0.0662817302493
10,2,10,2,3,0.123520654814,0.123520654814,0,0.0662817302493
10,2,10,2,4,0.123520654814,0.123520654814,0,0.0662817302493
10,2,10,2,5,0.123520654814,0.123520654814,0,0.0662817302493
10,2,10,2,6,0.123520654814,0.123520654814,0,0.0662817302493
10,2,10,2,7,0.123520654814,0.123520654814,0,0.0662817302493
10,2,10,2,8,0.123520654814,0.123520654814,0,0.0662817302493
10,2,10,2,9,0.123520654814,0.123520654814,0,0.0662817302493
10,2,10,2,10,0.123520654814,0.123520654814,0,0.0662817302493
10,2,10,8,0,0.286895668282,0.286895668282,0,0.0662817302493
10,2,10,8,1,0.286895668282,0.286895668282,0,0.0662817302493
10,2,10,8,2,0.286895668282,0.286895668282,0,0.0662817302493
10,2,10,8,3,0.286895668282,0.286895668282,0,0.0662817302493
10,2,10,8,4,0.286895668282,0.286895668282,0,0.0662817302493
10,2,10,8,5,0.286895668282,0.286895668282,0,0.0662817302493
10,2,10,8,6,0.286895668282,0.286895668282,0,0.0662817302493
10,2,10,8,7,0.286895668282,0.286895668282,0,0.0662817302493
10,2,10,8,8,0.286895668282,0.286895668282,0,0.0662817302493
10,2,10,8,9,0.286895668282,0.286895668282,0,0.0662817302493
10,2,10,8,10,0.286895668282,0.286895668282,0,0.0662817302493
10,2,10,32,0,0.363320700934,0.368002749369,0.00468204843502,0.0662817302493
10,2,10,32,1,0.368002749369,0.368002749369,0,0.0662817302493
10,2,10,32,2,0.366078234685,0.368002749369,0.00192451468401,0.0662817302493
10,2,10,32,3,0.368002749369,0.368002749369,0,0.0662817302493
10,2,10,32,4,0.368002749369,0.368002749369,0,0.0662817302493
10,2,10,32,5,0.368002749369,0.368002749369,0,0.0662817302493
10,2,10,32,6,0.368002749369,0.368002749369,0,0.0662817302493
10,2,10,32,7,0.368002749369,0.368002749369,0,0.0662817302493
10,2,10,32,8,0.368002749369,0.368002749369,0,0.0662817302493
10,2,10,32,9,0.368002749369,0.368002749369,0,0.0662817302493
10,2,10,32,10,0.368002749369,0.368002749369,0,0.0662817302493
10,2,11,2,0,0.462363070291,0.462392496009,2.94257177592e-05,0.373828351321
10,2,11,2,1,0.462363070291,0.462392496009,2.94257177592e-05,0.373828351321
10,2,11,2,2,0.462259332417,0.462392496009,0.000133163591831,0.373828351321
10,2,11,2,3,0.462392496009,0.462392496009,0,0.373828351321
10,2,11,2,4,0.462392496009,0.462392496009,0,0.373828351321
10,2,11,2,5,0.462392496009,0.462392496009,0,0.373828351321
10,2,11,2,6,0.462392496009,0.462392496009,0,0.373828351321
10,2,11,2,7,0.462392496009,0.462392496009,0,0.373828351321
10,2,11,2,8,0.462392496009,0.462392496009,0,0.373828351321
10,2,11,2,9,0.462392496009,0.462392496009,0,0.373828351321
10,2,11,2,10,0.462392496009,0.462392496009,0,0.373828351321
10,2,11,8,0,0.512233789897,0.513162211627,0.000928421730109,0.373828351321
10,2,11,8,1,0.512233789897,0.513162211627,0.000928421730109,0.373828351321
10,2,11,8,2,0.513162211627,0.513162211627,0,0.373828351321
10,2,11,8,3,0.513162211627,0.513162211627,0,0.373828351321
10,2,11,8,4,0.513162211627,0.513162211627,0,0.373828351321
10,2,11,8,5,0.513162211627,0.513162211627,0,0.373828351321
10,2,11,8,6,0.513162211627,0.513162211627,0,0.373828351321
10,2,11,8,7,0.513162211627,0.513162211627,0,0.373828351321
10,2,11,8,8,0.513162211627,0.513162211627,0,0.373828351321
10,2,11,8,9,0.513162211627,0.513162211627,0,0.373828351321
10,2,11,8,10,0.513162211627,0.513162211627,0,0.373828351321
10,2,11,32,0,0.555269223015,0.555269223015,0,0.373828351321
10,2,11,32,1,0.555269223015,0.555269223015,0,0.373828351321
10,2,11,32,2,0.555269223015,0.555269223015,0,0.373828351321
10,2,11,32,3,0.555269223015,0.555269223015,0,0.373828351321
10,2,11,32,4,0.555269223015,0.555269223015,0,0.373828351321
10,2,11,32,5,0.555269223015,0.555269223015,0,0.373828351321
10,2,11,32,6,0.555269223015,0.555269223015,0,0.373828351321
10,2,11,32,7,0.555269223015,0.555269223015,0,0.373828351321
10,2,11,32,8,0.555269223015,0.555269223015,0,0.373828351321
10,2,11,32,9,0.555269223015,0.555269223015,0,0.373828351321
10,2,11,32,10,0.555269223015,0.555269223015,0,0.373828351321
10,8,0,2,0,0.478623736248,0.478699383784,7.5647535911e-05,0.29596745676
10,8,0,2,1,0.478695089371,0.478699383784,4.29441321581e-06,0.29596745676
10,8,0,2,2,0.478699383784,0.478699383784,0,0.29596745676
10,8,0,2,3,0.478699383784,0.478699383784,0,0.29596745676
10,8,0,2,4,0.478699383784,0.478699383784,0,0.29596745676
10,8,0,2,5,0.478699383784,0.478699383784,0,0.29596745676
10,8,0,2,6,0.478699383784,0.478699383784,0,0.29596745676
10,8,0,2,7,0.478699383784,0.478699383784,0,0.29596745676
10,8,0,2,8,0.478699383784,0.478699383784,0,0.29596745676
10,8,0,2,9,0.478699383784,0.478699383784,0,0.29596745676
10,8,0,2,10,0.478699383784,0.478699383784,0,0.29596745676
10,8,0,8,0,0.751849244117,0.76393146174,0.0120822176233,0.29596745676
10,8,0,8,1,0.753505628478,0.76393146174,0.0104258332626,0.29596745676
10,8,0,8,2,0.763447793541,0.76393146174,0.00048366819938,0.29596745676
10,8,0,8,3,0.763663576481,0.76393146174,0.000267885259624,0.29596745676
10,8,0,8,4,0.76392925258,0.76393146174,2.20916090632e-06,0.29596745676
10,8,0,8,5,0.76393146174,0.76393146174,0,0.29596745676
10,8,0,8,6,0.76393146174,0.76393146174,0,0.29596745676
10,8,0,8,7,0.76393146174,0.76393146174,0,0.29596745676
10,8,0,8,8,0.76393146174,0.76393146174,0,0.29596745676
10,8,0,8,9,0.76393146174,0.76393146174,0,0.29596745676
10,8,0,8,10,0.76393146174,0.76393146174,0,0.29596745676
10,8,0,32,0,0.811225489026,0.852000007031,0.0407745180052,0.29596745676
10,8,0,32,1,0.848282033995,0.852000007031,0.00371797303554,0.29596745676
10,8,0,32,2,0.851567837381,0.852000007031,0.000432169650088,0.29596745676
10,8,0,32,3,0.851829464807,0.852000007031,0.000170542223829,0.29596745676
10,8,0,32,4,0.852000007031,0.852000007031,0,0.29596745676
10,8,0,32,5,0.852000007031,0.852000007031,1.11022302463e-16,0.29596745676
10,8,0,32,6,0.852000007031,0.852000007031,0,0.29596745676
10,8,0,32,7,0.852000007031,0.852000007031,0,0.29596745676
10,8,0,32,8,0.852000007031,0.852000007031,0,0.29596745676
10,8,0,32,9,0.852000007031,0.852000007031,0,0.29596745676
10,8,0,32,10,0.852000007031,0.852000007031,0,0.29596745676
10,8,1,2,0,0.553007694515,0.555304749679,0.00229705516402,0.332965071962
10,8,1,2,1,0.555226295846,0.555304749679,7.84538331731e-05,0.332965071962
10,8,1,2,2,0.55529999001,0.555304749679,4.75966937319e-06,0.332965071962
10,8,1,2,3,0.555303408215,0.555304749679,1.34146440089e-06,0.332965071962
10,8,1,2,4,0.555304749679,0.555304749679,0,0.332965071962
10,8,1,2,5,0.555304749679,0.555304749679,0,0.332965071962
10,8,1,2,6,0.555304749679,0.555304749679,0,0.332965071962
10,8,1,2,7,0.555304749679,0.555304749679,0,0.332965071962
10,8,1,2,8,0.555304749679,0.555304749679,0,0.332965071962
10,8,1,2,9,0.555304749679,0.555304749679,0,0.332965071962
10,8,1,2,10,0.555304749679,0.555304749679,0,0.332965071962
10,8,1,8,0,0.752382443124,0.833664417453,0.0812819743289,0.332965071962
10,8,1,8,1,0.830700573809,0.833664417453,0.00296384364393,0.332965071962
10,8,1,8,2,0.832859214049,0.833664417453,0.000805203403398,0.332965071962
10,8,1,8,3,0.83351626918,0.833664417453,0.000148148272589,0.332965071962
10,8,1,8,4,0.83365197937,0.833664417453,1.24380827741e-05,0.332965071962
10,8,1,8,5,0.83366439814,0.833664417453,1.93124451986e-08,0.332965071962
10,8,1,8,6,0.833664417453,0.833664417453,0,0.332965071962
10,8,1,8,7,0.833664417453,0.833664417453,0,0.332965071962
10,8,1,8,8,0.833664417453,0.833664417453,0,0.332965071962
10,8,1,8,9,0.833664417453,0.833664417453,0,0.332965071962
10,8,1,8,10,0.833664417453,0.833664417453,0,0.332965071962
10,8,1,32,0,0.789540459001,0.888416095429,0.0988756364285,0.332965071962
10,8,1,32,1,0.886961835991,0.888416095429,0.00145425943764,0.332965071962
10,8,1,32,2,0.887704654656,0.888416095429,0.000711440773573,0.332965071962
10,8,1,32,3,0.88828328236,0.888416095429,0.000132813069622,0.332965071962
10,8,1,32,4,0.888409759283,0.888416095429,6.33614622492e-06,0.332965071962
10,8,1,32,5,0.888409759283,0.888416095429,6.33614622492e-06,0.332965071962
10,8,1,32,6,0.888416095429,0.888416095429,0,0.332965071962
10,8,1,32,7,0.888416095429,0.888416095429,0,0.332965071962
10,8,1,32,8,0.888416095429,0.888416095429,0,0.332965071962
10,8,1,32,9,0.888416095429,0.888416095429,0,0.332965071962
10,8,1,32,10,0.888416095429,0.888416095429,0,0.332965071962
10,8,2,2,0,0.595185476344,0.596285051955,0.00109957561043,0.367586642375
10,8,2,2,1,0.595390508846,0.596285051955,0.000894543108834,0.367586642375
10,8,2,2,2,0.596285051955,0.596285051955,0,0.367586642375
10,8,2,2,3,0.596285051955,0.596285051955,0,0.367586642375
10,8,2,2,4,0.596285051955,0.596285051955,0,0.367586642375
10,8,2,2,5,0.596285051955,0.596285051955,0,0.367586642375
10,8,2,2,6,0.596285051955,0.596285051955,0,0.367586642375
10,8,2,2,7,0.596285051955,0.596285051955,0,0.367586642375
10,8,2,2,8,0.596285051955,0.596285051955,0,0.367586642375
10,8,2,2,9,0.596285051955,0.596285051955,0,0.367586642375
10,8,2,2,10,0.596285051955,0.596285051955,0,0.367586642375
10,8,2,8,0,0.735213603488,0.75404264958,0.0188290460918,0.367586642375
10,8,2,8,1,0.751569051273,0.75404264958,0.00247359830739,0.367586642375
10,8,2,8,2,0.753713603035,0.75404264958,0.000329046545512,0.367586642375
10,8,2,8,3,0.753789413293,0.75404264958,0.000253236287465,0.367586642375
10,8,2,8,4,0.754001280555,0.75404264958,4.13690253445e-05,0.367586642375
10,8,2,8,5,0.754041330012,0.75404264958,1.31956839777e-06,0.367586642375
10,8,2,8,6,0.75404264958,0.75404264958,0,0.367586642375
10,8,2,8,7,0.75404264958,0.75404264958,0,0.367586642375
10,8,2,8,8,0.75404264958,0.75404264958,0,0.367586642375
10,8,2,8,9,0.75404264958,0.75404264958,0,0.367586642375
10,8,2,8,10,0.75404264958,0.75404264958,0,0.367586642375
10,8,2,32,0,0.7744661508,0.806382603467,0.0319164526667,0.367586642375
10,8,2,32,1,0.803639622716,0.806382603467,0.00274298075097,0.367586642375
10,8,2,32,2,0.805683370534,0.806382603467,0.000699232932424,0.367586642375
10,8,2,32,3,0.806135405417,0.806382603467,0.000247198049663,0.367586642375
10,8,2,32,4,0.806270517425,0.806382603467,0.000112086041982,0.367586642375
10,8,2,32,5,0.806374256549,0.806382603467,8.34691820883e-06,0.367586642375
10,8,2,32,6,0.806380951017,0.806382603467,1.65244927364e-06,0.367586642375
10,8,2,32,7,0.806382603467,0.806382603467,0,0.367586642375
10,8,2,32,8,0.806382603467,0.806382603467,0,0.367586642375
10,8,2,32,9,0.806382603467,0.806382603467,0,0.367586642375
10,8,2,32,10,0.806382603467,0.806382603467,0,0.367586642375
10,8,3,2,0,0.602127808687,0.603589035089,0.00146122640177,0.354100277419
10,8,3,2,1,0.603421171633,0.603589035089,0.000167863455294,0.354100277419
10,8,3,2,2,0.603586706803,0.603589035089,2.32828539271e-06,0.354100277419
10,8,3,2,3,0.603589035089,0.603589035089,0,0.354100277419
10,8,3,2,4,0.603589035089,0.603589035089,0,0.354100277419
10,8,3,2,5,0.603589035089,0.603589035089,0,0.354100277419
10,8,3,2,6,0.603589035089,0.603589035089,0,0.354100277419
10,8,3,2,7,0.603589035089,0.603589035089,0,0.354100277419
10,8,3,2,8,0.603589035089,0.603589035089,0,0.354100277419
10,8,3,2,9,0.603589035089,0.603589035089,0,0.354100277419
10,8,3,2,10,0.603589035089,0.603589035089,0,0.354100277419
10,8,3,8,0,0.806483256761,0.821676490915,0.0151932341542,0.354100277419
10,8,3,8,1,0.821108508879,0.821676490915,0.000567982035683,0.354100277419
10,8,3,8,2,0.821352765564,0.821676490915,0.00032372535046,0.354100277419
10,8,3,8,3,0.821656095139,0.821676490915,2.03957760228e-05,0.354100277419
10,8,3,8,4,0.821653385307,0.821676490915,2.31056075042e-05,0.354100277419
10,8,3,8,5,0.821676490915,0.821676490915,0,0.354100277419
10,8,3,8,6,0.821676490915,0.821676490915,0,0.354100277419
10,8,3,8,7,0.821676490915,0.821676490915,0,0.354100277419
10,8,3,8,8,0.821676490915,0.821676490915,0,0.354100277419
10,8,3,8,9,0.821676490915,0.821676490915,0,0.354100277419
10,8,3,8,10,0.821676490915,0.821676490915,0,0.354100277419
10,8,3,32,0,0.88526942596,0.895755718292,0.0104862923315,0.354100277419
10,8,3,32,1,0.895526482829,0.895755718292,0.000229235462963,0.354100277419
10,8,3,32,2,0.895723483005,0.895755718292,3.22352866425e-05,0.354100277419
10,8,3,32,3,0.895749193233,0.895755718292,6.52505884235e-06,0.354100277419
10,8,3,32,4,0.895753592021,0.895755718292,2.12627128915e-06,0.354100277419
10,8,3,32,5,0.895753873361,0.895755718292,1.84493045241e-06,0.354100277419
10,8,3,32,6,0.895755716047,0.895755718292,2.24513874159e-09,0.354100277419
10,8,3,32,7,0.895755716047,0.895755718292,2.24513874159e-09,0.354100277419
10,8,3,32,8,0.895755716047,0.895755718292,2.24513874159e-09,0.354100277419
10,8,3,32,9,0.895755718292,0.895755718292,0,0.354100277419
10,8,3,32,10,0.895755718292,0.895755718292,0,0.354100277419
10,8,4,2,0,0.386936722301,0.390755201005,0.00381847870325,0.208318559226
10,8,4,2,1,0.390333156384,0.390755201005,0.000422044620618,0.208318559226
10,8,4,2,2,0.39031182034,0.390755201005,0.000443380664376,0.208318559226
10,8,4,2,3,0.390706434956,0.390755201005,4.87660482164e-05,0.208318559226
10,8,4,2,4,0.390755201005,0.390755201005,0,0.208318559226
10,8,4,2,5,0.390755201005,0.390755201005,0,0.208318559226
10,8,4,2,6,0.390755201005,0.390755201005,0,0.208318559226
10,8,4,2,7,0.390755201005,0.390755201005,0,0.208318559226
10,8,4,2,8,0.390755201005,0.390755201005,0,0.208318559226
10,8,4,2,9,0.390755201005,0.390755201005,0,0.208318559226
10,8,4,2,10,0.390755201005,0.390755201005,0,0.208318559226
10,8,4,8,0,0.61257914689,0.731405597775,0.118826450885,0.208318559226
10,8,4,8,1,0.702838489837,0.731405597775,0.0285671079382,0.208318559226
10,8,4,8,2,0.727200036079,0.731405597775,0.00420556169597,0.208318559226
10,8,4,8,3,0.731309115435,0.731405597775,9.64823396232e-05,0.208318559226
10,8,4,8,4,0.731379205391,0.731405597775,2.63923842252e-05,0.208318559226
10,8,4,8,5,0.731405597775,0.731405597775,0,0.208318559226
10,8,4,8,6,0.731405597775,0.731405597775,0,0.208318559226
10,8,4,8,7,0.731405597775,0.731405597775,0,0.208318559226
10,8,4,8,8,0.731405597775,0.731405597775,0,0.208318559226
10,8,4,8,9,0.731405597775,0.731405597775,0,0.208318559226
10,8,4,8,10,0.731405597775,0.731405597775,0,0.208318559226
10,8,4,32,0,0.750641273381,0.912920831972,0.16227955859,0.208318559226
10,8,4,32,1,0.884835551205,0.912920831972,0.0280852807662,0.208318559226
10,8,4,32,2,0.908280895039,0.912920831972,0.00463993693215,0.208318559226
10,8,4,32,3,0.912323903694,0.912920831972,0.000596928277295,0.208318559226
10,8,4,32,4,0.912865532508,0.912920831972,5.52994631433e-05,0.208318559226
10,8,4,32,5,0.912899313071,0.912920831972,2.15189009392e-05,0.208318559226
10,8,4,32,6,0.912901035607,0.912920831972,1.97963644814e-05,0.208318559226
10,8,4,32,7,0.912920831972,0.912920831972,0,0.208318559226
10,8,4,32,8,0.912920831972,0.912920831972,0,0.208318559226
10,8,4,32,9,0.912920831972,0.912920831972,0,0.208318559226
10,8,4,32,10,0.912920831972,0.912920831972,0,0.208318559226
10,8,5,2,0,0.37867806157,0.381901873258,0.00322381168848,0.183767954135
10,8,5,2,1,0.37957144447,0.381901873258,0.00233042878843,0.183767954135
10,8,5,2,2,0.381897611405,0.381901873258,4.26185307861e-06,0.183767954135
10,8,5,2,3,0.381901873258,0.381901873258,0,0.183767954135
10,8,5,2,4,0.381901873258,0.381901873258,0,0.183767954135
10,8,5,2,5,0.381901873258,0.381901873258,0,0.183767954135
10,8,5,2,6,0.381901873258,0.381901873258,0,0.183767954135
10,8,5,2,7,0.381901873258,0.381901873258,0,0.183767954135
10,8,5,2,8,0.381901873258,0.381901873258,0,0.183767954135
10,8,5,2,9,0.381901873258,0.381901873258,0,0.183767954135
10,8,5,2,10,0.381901873258,0.381901873258,0,0.183767954135
10,8,5,8,0,0.659931374025,0.680954565167,0.0210231911422,0.183767954135
10,8,5,8,1,0.674387682374,0.680954565167,0.00656688279274,0.183767954135
10,8,5,8,2,0.680941867285,0.680954565167,1.26978822278e-05,0.183767954135
10,8,5,8,3,0.680952474798,0.680954565167,2.09036938403e-06,0.183767954135
10,8,5,8,4,0.680954565167,0.680954565167,0,0.183767954135
10,8,5,8,5,0.680954565167,0.680954565167,0,0.183767954135
10,8,5,8,6,0.680954565167,0.680954565167,0,0.183767954135
10,8,5,8,7,0.680954565167,0.680954565167,0,0.183767954135
10,8,5,8,8,0.680954565167,0.680954565167,0,0.183767954135
10,8,5,8,9,0.680954565167,0.680954565167,0,0.183767954135
10,8,5,8,10,0.680954565167,0.680954565167,0,0.183767954135
10,8,5,32,0,0.740704420318,0.769418113017,0.0287136926992,0.183767954135
10,8,5,32,1,0.764199229214,0.769418113017,0.00521888380309,0.183767954135
10,8,5,32,2,0.768232204905,0.769418113017,0.00118590811152,0.183767954135
10,8,5,32,3,0.769414340126,0.769418113017,3.77289049625e-06,0.183767954135
10,8,5,32,4,0.769418113017,0.769418113017,0,0.183767954135
10,8,5,32,5,0.769418113017,0.769418113017,0,0.183767954135
10,8,5,32,6,0.769418113017,0.769418113017,0,0.183767954135
10,8,5,32,7,0.769418113017,0.769418113017,0,0.183767954135
10,8,5,32,8,0.769418113017,0.769418113017,0,0.183767954135
10,8,5,32,9,0.769418113017,0.769418113017,0,0.183767954135
10,8,5,32,10,0.769418113017,0.769418113017,0,0.183767954135
10,8,6,2,0,0.459379798086,0.469944953262,0.0105651551767,0.209035304963
10,8,6,2,1,0.468139400014,0.469944953262,0.00180555324852,0.209035304963
10,8,6,2,2,0.469301796815,0.469944953262,0.000643156447563,0.209035304963
10,8,6,2,3,0.46994482325,0.469944953262,1.30012299981e-07,0.209035304963
10,8,6,2,4,0.46994482325,0.469944953262,1.30012299981e-07,0.209035304963
10,8,6,2,5,0.469944878831,0.469944953262,7.44313256584e-08,0.209035304963
10,8,6,2,6,0.469944953262,0.469944953262,0,0.209035304963
10,8,6,2,7,0.469944953262,0.469944953262,0,0.209035304963
10,8,6,2,8,0.469944953262,0.469944953262,0,0.209035304963
10,8,6,2,9,0.469944953262,0.469944953262,0,0.209035304963
10,8,6,2,10,0.469944953262,0.469944953262,0,0.209035304963
10,8,6,8,0,0.786812071947,0.859719454353,0.0729073824062,0.209035304963
10,8,6,8,1,0.84592302399,0.859719454353,0.0137964303636,0.209035304963
10,8,6,8,2,0.852781867867,0.859719454353,0.00693758648606,0.209035304963
10,8,6,8,3,0.856098681264,0.859719454353,0.00362077308899,0.209035304963
10,8,6,8,4,0.859615945409,0.859719454353,0.000103508944605,0.209035304963
10,8,6,8,5,0.859700534111,0.859719454353,1.89202424292e-05,0.209035304963
10,8,6,8,6,0.859719454353,0.859719454353,0,0.209035304963
10,8,6,8,7,0.859719454353,0.859719454353,0,0.209035304963
10,8,6,8,8,0.859719454353,0.859719454353,0,0.209035304963
10,8,6,8,9,0.859719454353,0.859719454353,0,0.209035304963
10,8,6,8,10,0.859719454353,0.859719454353,0,0.209035304963
10,8,6,32,0,0.856228343279,0.916772982542,0.0605446392634,0.209035304963
10,8,6,32,1,0.90442823063,0.916772982542,0.0123447519122,0.209035304963
10,8,6,32,2,0.912947999948,0.916772982542,0.00382498259372,0.209035304963
10,8,6,32,3,0.916766423683,0.916772982542,6.55885949108e-06,0.209035304963
10,8,6,32,4,0.916772982327,0.916772982542,2.15457429675e-10,0.209035304963
10,8,6,32,5,0.916772982542,0.916772982542,0,0.209035304963
10,8,6,32,6,0.916772982542,0.916772982542,0,0.209035304963
10,8,6,32,7,0.916772982542,0.916772982542,0,0.209035304963
10,8,6,32,8,0.916772982542,0.916772982542,0,0.209035304963
10,8,6,32,9,0.916772982542,0.916772982542,0,0.209035304963
10,8,6,32,10,0.916772982542,0.916772982542,0,0.209035304963
10,8,7,2,0,0.515066892604,0.518940791202,0.00387389859792,0.240688994228
10,8,7,2,1,0.518940791202,0.518940791202,0,0.240688994228
10,8,7,2,2,0.518940791202,0.518940791202,0,0.240688994228
10,8,7,2,3,0.518940791202,0.518940791202,0,0.240688994228
10,8,7,2,4,0.518940791202,0.518940791202,0,0.240688994228
10,8,7,2,5,0.518940791202,0.518940791202,0,0.240688994228
10,8,7,2,6,0.518940791202,0.518940791202,0,0.240688994228
10,8,7,2,7,0.518940791202,0.518940791202,0,0.240688994228
10,8,7,2,8,0.518940791202,0.518940791202,0,0.240688994228
10,8,7,2,9,0.518940791202,0.518940791202,0,0.240688994228
10,8,7,2,10,0.518940791202,0.518940791202,0,0.240688994228
10,8,7,8,0,0.849078258476,0.871988069976,0.0229098115003,0.240688994228
10,8,7,8,1,0.870570068399,0.871988069976,0.00141800157696,0.240688994228
10,8,7,8,2,0.871965521286,0.871988069976,2.25486901144e-05,0.240688994228
10,8,7,8,3,0.871981777828,0.871988069976,6.29214844672e-06,0.240688994228
10,8,7,8,4,0.871988069976,0.871988069976,0,0.240688994228
10,8,7,8,5,0.871988069976,0.871988069976,0,0.240688994228
10,8,7,8,6,0.871988069976,0.871988069976,0,0.240688994228
10,8,7,8,7,0.871988069976,0.871988069976,0,0.240688994228
10,8,7,8,8,0.871988069976,0.871988069976,0,0.240688994228
10,8,7,8,9,0.871988069976,0.871988069976,0,0.240688994228
10,8,7,8,10,0.871988069976,0.871988069976,0,0.240688994228
10,8,7,32,0,0.91049810646,0.923572035933,0.0130739294732,0.240688994228
10,8,7,32,1,0.921422857305,0.923572035933,0.00214917862774,0.240688994228
10,8,7,32,2,0.923521493081,0.923572035933,5.05428520673e-05,0.240688994228
10,8,7,32,3,0.923572035933,0.923572035933,1.19237952845e-13,0.240688994228
10,8,7,32,4,0.923572035933,0.923572035933,1.19237952845e-13,0.240688994228
10,8,7,32,5,0.923572035933,0.923572035933,1.19237952845e-13,0.240688994228
10,8,7,32,6,0.923572035933,0.923572035933,0,0.240688994228
10,8,7,32,7,0.923572035933,0.923572035933,0,0.240688994228
10,8,7,32,8,0.923572035933,0.923572035933,0,0.240688994228
10,8,7,32,9,0.923572035933,0.923572035933,0,0.240688994228
10,8,7,32,10,0.923572035933,0.923572035933,0,0.240688994228
10,8,8,2,0,0.449920772157,0.451839462203,0.00191869004541,0.198897734478
10,8,8,2,1,0.451782722956,0.451839462203,5.6739246337e-05,0.198897734478
10,8,8,2,2,0.451839462203,0.451839462203,0,0.198897734478
10,8,8,2,3,0.451839462203,0.451839462203,0,0.198897734478
10,8,8,2,4,0.451839462203,0.451839462203,0,0.198897734478
10,8,8,2,5,0.451839462203,0.451839462203,0,0.198897734478
10,8,8,2,6,0.451839462203,0.451839462203,0,0.198897734478
10,8,8,2,7,0.451839462203,0.451839462203,0,0.198897734478
10,8,8,2,8,0.451839462203,0.451839462203,0,0.198897734478
10,8,8,2,9,0.451839462203,0.451839462203,0,0.198897734478
10,8,8,2,10,0.451839462203,0.451839462203,0,0.198897734478
10,8,8,8,0,0.770366559596,0.807684661365,0.0373181017684,0.198897734478
10,8,8,8,1,0.807595627378,0.807684661365,8.9033986679e-05,0.198897734478
10,8,8,8,2,0.807660267613,0.807684661365,2.43937517319e-05,0.198897734478
10,8,8,8,3,0.807684661365,0.807684661365,0,0.198897734478
10,8,8,8,4,0.807684661365,0.807684661365,0,0.198897734478
10,8,8,8,5,0.807684661365,0.807684661365,0,0.198897734478
10,8,8,8,6,0.807684661365,0.807684661365,0,0.198897734478
10,8,8,8,7,0.807684661365,0.807684661365,0,0.198897734478
10,8,8,8,8,0.807684661365,0.807684661365,0,0.198897734478
10,8,8,8,9,0.807684661365,0.807684661365,0,0.198897734478
10,8,8,8,10,0.807684661365,0.807684661365,0,0.198897734478
10,8,8,32,0,0.853351713912,0.889122842952,0.0357711290405,0.198897734478
10,8,8,32,1,0.885401373093,0.889122842952,0.0037214698595,0.198897734478
10,8,8,32,2,0.889079579279,0.889122842952,4.32636728425e-05,0.198897734478
10,8,8,32,3,0.889122819011,0.889122842952,2.39416663161e-08,0.198897734478
10,8,8,32,4,0.889122842952,0.889122842952,0,0.198897734478
10,8,8,32,5,0.889122842952,0.889122842952,0,0.198897734478
10,8,8,32,6,0.889122842952,0.889122842952,0,0.198897734478
10,8,8,32,7,0.889122842952,0.889122842952,0,0.198897734478
10,8,8,32,8,0.889122842952,0.889122842952,0,0.198897734478
10,8,8,32,9,0.889122842952,0.889122842952,0,0.198897734478
10,8,8,32,10,0.889122842952,0.889122842952,0,0.198897734478
10,8,9,2,0,0.56083269732,0.563093961305,0.00226126398491,0.339102381753
10,8,9,2,1,0.563051054675,0.563093961305,4.29066298632e-05,0.339102381753
10,8,9,2,2,0.563093961305,0.563093961305,0,0.339102381753
10,8,9,2,3,0.563093961305,0.563093961305,0,0.339102381753
10,8,9,2,4,0.563093961305,0.563093961305,0,0.339102381753
10,8,9,2,5,0.563093961305,0.563093961305,0,0.339102381753
10,8,9,2,6,0.563093961305,0.563093961305,0,0.339102381753
10,8,9,2,7,0.563093961305,0.563093961305,0,0.339102381753
10,8,9,2,8,0.563093961305,0.563093961305,0,0.339102381753
10,8,9,2,9,0.563093961305,0.563093961305,0,0.339102381753
10,8,9,2,10,0.563093961305,0.563093961305,0,0.339102381753
10,8,9,8,0,0.787425583766,0.808245967969,0.020820384203,0.339102381753
10,8,9,8,1,0.80765249322,0.808245967969,0.000593474749149,0.339102381753
10,8,9,8,2,0.808141585225,0.808245967969,0.000104382744306,0.339102381753
10,8,9,8,3,0.808241420113,0.808245967969,4.54785636084e-06,0.339102381753
10,8,9,8,4,0.808245967969,0.808245967969,0,0.339102381753
10,8,9,8,5,0.808245967969,0.808245967969,0,0.339102381753
10,8,9,8,6,0.808245967969,0.808245967969,0,0.339102381753
10,8,9,8,7,0.808245967969,0.808245967969,0,0.339102381753
10,8,9,8,8,0.808245967969,0.808245967969,0,0.339102381753
10,8,9,8,9,0.808245967969,0.808245967969,0,0.339102381753
10,8,9,8,10,0.808245967969,0.808245967969,0,0.339102381753
10,8,9,32,0,0.806252274289,0.838452228042,0.0321999537525,0.339102381753
10,8,9,32,1,0.837454352068,0.838452228042,0.000997875973601,0.339102381753
10,8,9,32,2,0.837994764149,0.838452228042,0.000457463893394,0.339102381753
10,8,9,32,3,0.838377220174,0.838452228042,7.50078677512e-05,0.339102381753
10,8,9,32,4,0.838452228042,0.838452228042,0,0.339102381753
10,8,9,32,5,0.838452228042,0.838452228042,0,0.339102381753
10,8,9,32,6,0.838452228042,0.838452228042,1.66533453694e-15,0.339102381753
10,8,9,32,7,0.838452228042,0.838452228042,1.66533453694e-15,0.339102381753
10,8,9,32,8,0.838452228042,0.838452228042,1.66533453694e-15,0.339102381753
10,8,9,32,9,0.838452228042,0.838452228042,0,0.339102381753
10,8,9,32,10,0.838452228042,0.838452228042,0,0.339102381753
10,8,10,2,0,0.651043357728,0.654743092829,0.00369973510131,0.402116251273
10,8,10,2,1,0.653045316352,0.654743092829,0.00169777647734,0.402116251273
10,8,10,2,2,0.654741934157,0.654743092829,1.15867195427e-06,0.402116251273
10,8,10,2,3,0.654743092829,0.654743092829,0,0.402116251273
10,8,10,2,4,0.654743092829,0.654743092829,0,0.402116251273
10,8,10,2,5,0.654743092829,0.654743092829,0,0.402116251273
10,8,10,2,6,0.654743092829,0.654743092829,0,0.402116251273
10,8,10,2,7,0.654743092829,0.654743092829,0,0.402116251273
10,8,10,2,8,0.654743092829,0.654743092829,0,0.402116251273
10,8,10,2,9,0.654743092829,0.654743092829,0,0.402116251273
10,8,10,2,10,0.654743092829,0.654743092829,0,0.402116251273
10,8,10,8,0,0.886869664508,0.894175552611,0.00730588810274,0.402116251273
10,8,10,8,1,0.887877374005,0.894175552611,0.00629817860555,0.402116251273
10,8,10,8,2,0.893976218313,0.894175552611,0.00019933429744,0.402116251273
10,8,10,8,3,0.8941741201,0.894175552611,1.43251046825e-06,0.402116251273
10,8,10,8,4,0.894175552611,0.894175552611,0,0.402116251273
10,8,10,8,5,0.894175552611,0.894175552611,0,0.402116251273
10,8,10,8,6,0.894175552611,0.894175552611,0,0.402116251273
10,8,10,8,7,0.894175552611,0.894175552611,0,0.402116251273
10,8,10,8,8,0.894175552611,0.894175552611,0,0.402116251273
10,8,10,8,9,0.894175552611,0.894175552611,0,0.402116251273
10,8,10,8,10,0.894175552611,0.894175552611,0,0.402116251273
10,8,10,32,0,0.917963868028,0.921026508624,0.0030626405968,0.402116251273
10,8,10,32,1,0.91989066458,0.921026508624,0.00113584404436,0.402116251273
10,8,10,32,2,0.92080626793,0.921026508624,0.000220240694821,0.402116251273
10,8,10,32,3,0.921025629368,0.921026508624,8.79255965813e-07,0.402116251273
10,8,10,32,4,0.921025706713,0.921026508624,8.01910960857e-07,0.402116251273
10,8,10,32,5,0.921026508624,0.921026508624,0,0.402116251273
10,8,10,32,6,0.921026508624,0.921026508624,0,0.402116251273
10,8,10,32,7,0.921026508624,0.921026508624,0,0.402116251273
10,8,10,32,8,0.921026508624,0.921026508624,0,0.402116251273
10,8,10,32,9,0.921026508624,0.921026508624,0,0.402116251273
10,8,10,32,10,0.921026508624,0.921026508624,0,0.402116251273
10,8,11,2,0,0.456797460615,0.456931970389,0.00013450977309,0.251590319684
10,8,11,2,1,0.456925737668,0.456931970389,6.23272097416e-06,0.251590319684
10,8,11,2,2,0.456900036617,0.456931970389,3.1933771536e-05,0.251590319684
10,8,11,2,3,0.456931970389,0.456931970389,0,0.251590319684
10,8,11,2,4,0.456931970389,0.456931970389,0,0.251590319684
10,8,11,2,5,0.456931970389,0.456931970389,0,0.251590319684
10,8,11,2,6,0.456931970389,0.456931970389,0,0.251590319684
10,8,11,2,7,0.456931970389,0.456931970389,0,0.251590319684
10,8,11,2,8,0.456931970389,0.456931970389,0,0.251590319684
10,8,11,2,9,0.456931970389,0.456931970389,0,0.251590319684
10,8,11,2,10,0.456931970389,0.456931970389,0,0.251590319684
10,8,11,8,0,0.694310485874,0.72336933016,0.0290588442857,0.251590319684
10,8,11,8,1,0.715464205609,0.72336933016,0.00790512455102,0.251590319684
10,8,11,8,2,0.722941769655,0.72336933016,0.000427560504948,0.251590319684
10,8,11,8,3,0.72336933016,0.72336933016,0,0.251590319684
10,8,11,8,4,0.72336933016,0.72336933016,0,0.251590319684
10,8,11,8,5,0.72336933016,0.72336933016,0,0.251590319684
10,8,11,8,6,0.72336933016,0.72336933016,0,0.251590319684
10,8,11,8,7,0.72336933016,0.72336933016,0,0.251590319684
10,8,11,8,8,0.72336933016,0.72336933016,0,0.251590319684
10,8,11,8,9,0.72336933016,0.72336933016,0,0.251590319684
10,8,11,8,10,0.72336933016,0.72336933016,0,0.251590319684
10,8,11,32,0,0.758515458194,0.830781776545,0.0722663183517,0.251590319684
10,8,11,32,1,0.825390041035,0.830781776545,0.00539173551012,0.251590319684
10,8,11,32,2,0.827965749231,0.830781776545,0.00281602731422,0.251590319684
10,8,11,32,3,0.830248182711,0.830781776545,0.000533593834115,0.251590319684
10,8,11,32,4,0.830456193365,0.830781776545,0.000325583180398,0.251590319684
10,8,11,32,5,0.830780745324,0.830781776545,1.03122108119e-06,0.251590319684
10,8,11,32,6,0.830781776545,0.830781776545,0,0.251590319684
10,8,11,32,7,0.830781776545,0.830781776545,0,0.251590319684
10,8,11,32,8,0.830781776545,0.830781776545,0,0.251590319684
10,8,11,32,9,0.830781776545,0.830781776545,0,0.251590319684
10,8,11,32,10,0.830781776545,0.830781776545,0,0.251590319684
3,32,0,2,0,0.614551475975,0.616008271396,0.00145679542102,0.381170643182
3,32,0,2,1,0.61600318528,0.616008271396,5.08611600214e-06,0.381170643182
3,32,0,2,2,0.616008271396,0.616008271396,0,0.381170643182
3,32,0,2,3,0.616008271396,0.616008271396,0,0.381170643182
3,32,0,8,0,0.840249823353,0.853569936711,0.0133201133576,0.381170643182
3,32,0,8,1,0.853509426025,0.853569936711,6.0510685975e-05,0.381170643182
3,32,0,8,2,0.853569936711,0.853569936711,0,0.381170643182
3,32,0,8,3,0.853569936711,0.853569936711,0,0.381170643182
3,32,0,32,0,0.901413518383,0.907056770637,0.00564325225322,0.381170643182
3,32,0,32,1,0.900490696866,0.907056770637,0.0065660737706,0.381170643182
3,32,0,32,2,0.907056770637,0.907056770637,0,0.381170643182
3,32,0,32,3,0.907056770637,0.907056770637,0,0.381170643182
3,32,1,2,0,0.736046520825,0.736097371048,5.0850222632e-05,0.541759413452
3,32,1,2,1,0.736097371048,0.736097371048,0,0.541759413452
3,32,1,2,2,0.736097371048,0.736097371048,0,0.541759413452
3,32,1,2,3,0.736097371048,0.736097371048,0,0.541759413452
3,32,1,8,0,0.898837061359,0.898852122606,1.50612475442e-05,0.541759413452
3,32,1,8,1,0.898849650483,0.898852122606,2.47212297178e-06,0.541759413452
3,32,1,8,2,0.898852122606,0.898852122606,0,0.541759413452
3,32,1,8,3,0.898852122606,0.898852122606,0,0.541759413452
3,32,1,32,0,0.913397787216,0.913440964886,4.31776699944e-05,0.541759413452
3,32,1,32,1,0.913440954912,0.913440964886,9.97451921059e-09,0.541759413452
3,32,1,32,2,0.913440964886,0.913440964886,0,0.541759413452
3,32,1,32,3,0.913440964886,0.913440964886,0,0.541759413452
3,32,2,2,0,0.661973243854,0.663505964527,0.00153272067254,0.480402038599
3,32,2,2,1,0.663447952432,0.663505964527,5.80120940525e-05,0.480402038599
3,32,2,2,2,0.663505964527,0.663505964527,0,0.480402038599
3,32,2,2,3,0.663505964527,0.663505964527,0,0.480402038599
3,32,2,8,0,0.857207660006,0.861685170827,0.00447751082116,0.480402038599
3,32,2,8,1,0.861322315872,0.861685170827,0.000362854955215,0.480402038599
3,32,2,8,2,0.861685170827,0.861685170827,0,0.480402038599
3,32,2,8,3,0.861685170827,0.861685170827,0,0.480402038599
3,32,2,32,0,0.913869516451,0.914606956268,0.000737439816976,0.480402038599
3,32,2,32,1,0.914603843415,0.914606956268,3.11285357624e-06,0.480402038599
3,32,2,32,2,0.914606956268,0.914606956268,0,0.480402038599
3,32,2,32,3,0.914606956268,0.914606956268,0,0.480402038599
6,32,0,2,0,0.567887601703,0.568388736003,0.000501134300583,0.307870449568
6,32,0,2,1,0.568369408169,0.568388736003,1.93278345789e-05,0.307870449568
6,32,0,2,2,0.568388638401,0.568388736003,9.76027892952e-08,0.307870449568
6,32,0,2,3,0.568388736003,0.568388736003,0,0.307870449568
6,32,0,2,4,0.568388736003,0.568388736003,0,0.307870449568
6,32,0,2,5,0.568388736003,0.568388736003,0,0.307870449568
6,32,0,2,6,0.568388736003,0.568388736003,0,0.307870449568
6,32,0,8,0,0.843759429958,0.849652236101,0.00589280614363,0.307870449568
6,32,0,8,1,0.849592507161,0.849652236101,5.97289400877e-05,0.307870449568
6,32,0,8,2,0.849645497881,0.849652236101,6.7382206913e-06,0.307870449568
6,32,0,8,3,0.849652227433,0.849652236101,8.66882787776e-09,0.307870449568
6,32,0,8,4,0.849652235421,0.849652236101,6.80948963883e-10,0.307870449568
6,32,0,8,5,0.849652236101,0.849652236101,0,0.307870449568
6,32,0,8,6,0.849652236101,0.849652236101,0,0.307870449568
6,32,0,32,0,0.891718407673,0.896858545328,0.0051401376554,0.307870449568
6,32,0,32,1,0.896748151006,0.896858545328,0.000110394322287,0.307870449568
6,32,0,32,2,0.896838923266,0.896858545328,1.96220621691e-05,0.307870449568
6,32,0,32,3,0.896857546383,0.896858545328,9.98945525521e-07,0.307870449568
6,32,0,32,4,0.896858540509,0.896858545328,4.81909612216e-09,0.307870449568
6,32,0,32,5,0.896858545328,0.896858545328,0,0.307870449568
6,32,0,32,6,0.896858545328,0.896858545328,0,0.307870449568
6,32,1,2,0,0.484742024943,0.487781097718,0.00303907277467,0.259581994884
6,32,1,2,1,0.487669791707,0.487781097718,0.000111306011213,0.259581994884
6,32,1,2,2,0.487781070886,0.487781097718,2.68325242581e-08,0.259581994884
6,32,1,2,3,0.487781095436,0.487781097718,2.28213331566e-09,0.259581994884
6,32,1,2,4,0.487781097718,0.487781097718,0,0.259581994884
6,32,1,2,5,0.487781097718,0.487781097718,0,0.259581994884
6,32,1,2,6,0.487781097718,0.487781097718,0,0.259581994884
6,32,1,8,0,0.737570173943,0.743360520852,0.00579034690889,0.259581994884
6,32,1,8,1,0.742664929523,0.743360520852,0.000695591329113,0.259581994884
6,32,1,8,2,0.74328615357,0.743360520852,7.43672816191e-05,0.259581994884
6,32,1,8,3,0.743360141013,0.743360520852,3.79839100728e-07,0.259581994884
6,32,1,8,4,0.743360519858,0.743360520852,9.93723214826e-10,0.259581994884
6,32,1,8,5,0.743360520852,0.743360520852,0,0.259581994884
6,32,1,8,6,0.743360520852,0.743360520852,0,0.259581994884
6,32,1,32,0,0.840065646605,0.844023409397,0.00395776279193,0.259581994884
6,32,1,32,1,0.843449695758,0.844023409397,0.000573713639261,0.259581994884
6,32,1,32,2,0.843765872586,0.844023409397,0.00025753681053,0.259581994884
6,32,1,32,3,0.844001565376,0.844023409397,2.18440211414e-05,0.259581994884
6,32,1,32,4,0.844023407297,0.844023409397,2.0997739103e-09,0.259581994884
6,32,1,32,5,0.844023409397,0.844023409397,0,0.259581994884
6,32,1,32,6,0.844023409397,0.844023409397,0,0.259581994884
6,32,2,2,0,0.551897468064,0.553011836022,0.0011143679587,0.295362072489
6,32,2,2,1,0.552988463447,0.553011836022,2.33725753895e-05,0.295362072489
6,32,2,2,2,0.55301180496,0.553011836022,3.10622426669e-08,0.295362072489
6,32,2,2,3,0.553011836022,0.553011836022,0,0.295362072489
6,32,2,2,4,0.553011836022,0.553011836022,0,0.295362072489
6,32,2,2,5,0.553011836022,0.553011836022,0,0.295362072489
6,32,2,2,6,0.553011836022,0.553011836022,0,0.295362072489
6,32,2,8,0,0.787945725512,0.797873963324,0.00992823781204,0.295362072489
6,32,2,8,1,0.796951057753,0.797873963324,0.000922905571555,0.295362072489
6,32,2,8,2,0.797778414634,0.797873963324,9.5548690749e-05,0.295362072489
6,32,2,8,3,0.79785031137,0.797873963324,2.36519544533e-05,0.295362072489
6,32,2,8,4,0.797873963324,0.797873963324,0,0.295362072489
6,32,2,8,5,0.797873963324,0.797873963324,0,0.295362072489
6,32,2,8,6,0.797873963324,0.797873963324,0,0.295362072489
6,32,2,32,0,0.896501695319,0.898406295048,0.00190459972913,0.295362072489
6,32,2,32,1,0.898303417811,0.898406295048,0.00010287723713,0.295362072489
6,32,2,32,2,0.898401939763,0.898406295048,4.35528484344e-06,0.295362072489
6,32,2,32,3,0.898406206999,0.898406295048,8.80494066546e-08,0.295362072489
6,32,2,32,4,0.898406295048,0.898406295048,0,0.295362072489
6,32,2,32,5,0.898406295048,0.898406295048,0,0.295362072489
6,32,2,32,6,0.898406295048,0.898406295048,0,0.295362072489
