taskseed,dataseed,k,updates,value,matched,gap,rank_bound,generic_bound,empirical_full_value,baseline
0,0,2,0,0.34362443269,0.371326186702,0.0277017540114,16.2594825292,20.9127156671,0.370999674747,0.236539589649
0,0,2,1,0.343493505202,0.371326186702,0.0278326814998,16.1274163749,20.7593631406,0.370999674747,0.236539589649
0,0,2,2,0.343805183859,0.371326186702,0.0275210028429,16.5749654354,21.3335748146,0.370999674747,0.236539589649
0,0,2,3,0.343921550173,0.371326186702,0.0274046365286,16.8071011584,21.6315242803,0.370999674747,0.236539589649
0,0,2,4,0.343805183859,0.371326186702,0.0275210028429,16.8230859543,21.6556451718,0.370999674747,0.236539589649
0,0,2,5,0.343805183859,0.371326186702,0.0275210028429,16.8230859543,21.6556451718,0.370999674747,0.236539589649
0,0,8,0,0.501436102378,0.595078731531,0.0936426291538,21.7921144675,21.9378002469,0.593014715347,0.236539589649
0,0,8,1,0.521101124265,0.595078731531,0.0739776072666,21.9894594044,22.1418613197,0.593014715347,0.236539589649
0,0,8,2,0.520017521679,0.595078731531,0.0750612098527,23.5723499577,23.7326171594,0.593014715347,0.236539589649
0,0,8,3,0.51983954438,0.595078731531,0.0752391871517,23.941980792,24.1018139919,0.593014715347,0.236539589649
0,0,8,4,0.519315709769,0.595078731531,0.075763021762,23.7729078463,23.9362895395,0.593014715347,0.236539589649
0,0,8,5,0.519315709769,0.595078731531,0.075763021762,23.7729078463,23.9362895395,0.593014715347,0.236539589649
0,0,32,0,0.527347543343,0.70316674289,0.175819199547,22.5566062138,22.6756268054,0.698019911549,0.236539589649
0,0,32,1,0.591783501098,0.70316674289,0.111383241792,23.3039671958,23.4202211549,0.698019911549,0.236539589649
0,0,32,2,0.589432876226,0.70316674289,0.113733866664,25.3204788277,25.4549931219,0.698019911549,0.236539589649
0,0,32,3,0.588023077727,0.70316674289,0.115143665163,25.6854550504,25.8174471517,0.698019911549,0.236539589649
0,0,32,4,0.587161844814,0.70316674289,0.116004898076,25.3894916838,25.5238246804,0.698019911549,0.236539589649
0,0,32,5,0.587161844814,0.70316674289,0.116004898076,25.3894916838,25.5238246804,0.698019911549,0.236539589649
0,1,2,0,0.340577972378,0.371326186702,0.0307482143242,17.2159371726,22.1392720751,0.370983476506,0.236539589649
0,1,2,1,0.343548146014,0.371326186702,0.0277780406881,16.923354388,21.7856632073,0.370983476506,0.236539589649
0,1,2,2,0.343518241086,0.371326186702,0.0278079456156,17.5015760205,22.5242683616,0.370983476506,0.236539589649
0,1,2,3,0.343518241086,0.371326186702,0.0278079456156,17.6497517473,22.7178375131,0.370983476506,0.236539589649
0,1,2,4,0.343518241086,0.371326186702,0.0278079456156,17.6524453405,22.7254188684,0.370983476506,0.236539589649
0,1,2,5,0.343518241086,0.371326186702,0.0278079456156,17.6524453405,22.7254188684,0.370983476506,0.236539589649
0,1,8,0,0.497538367548,0.595078731531,0.0975403639838,23.0927971946,23.2588500105,0.592907106214,0.236539589649
0,1,8,1,0.518958546993,0.595078731531,0.0761201845383,23.2669553661,23.4376160894,0.592907106214,0.236539589649
0,1,8,2,0.518517637207,0.595078731531,0.0765610943243,24.7651265835,24.9448325375,0.592907106214,0.236539589649
0,1,8,3,0.518788059434,0.595078731531,0.0762906720979,25.06071804,25.2397677193,0.592907106214,0.236539589649
0,1,8,4,0.518788059434,0.595078731531,0.0762906720979,24.8392170127,25.0222749171,0.592907106214,0.236539589649
0,1,8,5,0.518788059434,0.595078731531,0.0762906720979,24.8392170127,25.0222749171,0.592907106214,0.236539589649
0,1,32,0,0.528070101927,0.70316674289,0.175096640962,23.8965031859,24.0340059887,0.696694406382,0.236539589649
0,1,32,1,0.580178129204,0.70316674289,0.122988613686,24.7815702639,24.9175767539,0.696694406382,0.236539589649
0,1,32,2,0.578051434524,0.70316674289,0.125115308366,26.7030832166,26.8512798068,0.696694406382,0.236539589649
0,1,32,3,0.576013155801,0.70316674289,0.127153587089,27.0277657341,27.1748281111,0.696694406382,0.236539589649
0,1,32,4,0.575114772089,0.70316674289,0.128051970801,26.6422896195,26.7946632644,0.696694406382,0.236539589649
0,1,32,5,0.575114772089,0.70316674289,0.128051970801,26.6422896195,26.7946632644,0.696694406382,0.236539589649
0,2,2,0,0.337918057067,0.371326186702,0.0334081296344,17.9883570257,23.112303648,0.371007023257,0.236539589649
0,2,2,1,0.343126354882,0.371326186702,0.0281998318201,17.9269101095,23.0465964937,0.371007023257,0.236539589649
0,2,2,2,0.343277667697,0.371326186702,0.0280485190049,18.3316227588,23.5667960029,0.371007023257,0.236539589649
0,2,2,3,0.343278305771,0.371326186702,0.028047880931,18.5709871624,23.8727059944,0.371007023257,0.236539589649
0,2,2,4,0.343278305771,0.371326186702,0.028047880931,18.626456983,23.9478062354,0.371007023257,0.236539589649
0,2,2,5,0.343278305771,0.371326186702,0.028047880931,18.626456983,23.9478062354,0.371007023257,0.236539589649
0,2,8,0,0.495962842657,0.595078731531,0.0991158888743,23.967392533,24.1199894833,0.594120853542,0.236539589649
0,2,8,1,0.518743420019,0.595078731531,0.0763353115124,24.1651797508,24.3220554559,0.594120853542,0.236539589649
0,2,8,2,0.521561669864,0.595078731531,0.0735170616674,25.2691992423,25.4329419531,0.594120853542,0.236539589649
0,2,8,3,0.520447673452,0.595078731531,0.0746310580796,25.8051832121,25.9679496551,0.594120853542,0.236539589649
0,2,8,4,0.520412605044,0.595078731531,0.074666126487,25.7131161182,25.8784941683,0.594120853542,0.236539589649
0,2,8,5,0.520412605044,0.595078731531,0.074666126487,25.7131161182,25.8784941683,0.594120853542,0.236539589649
0,2,32,0,0.532441425598,0.70316674289,0.170725317292,24.7689063156,24.8948920109,0.701847311762,0.236539589649
0,2,32,1,0.582990919517,0.70316674289,0.120175823373,25.39344783,25.5150260586,0.701847311762,0.236539589649
0,2,32,2,0.578357842492,0.70316674289,0.124808900398,26.9508291714,27.0922036557,0.701847311762,0.236539589649
0,2,32,3,0.585234599973,0.70316674289,0.117932142916,27.5017817284,27.6422921394,0.701847311762,0.236539589649
0,2,32,4,0.576181705373,0.70316674289,0.126985037517,27.2942244891,27.4377256154,0.701847311762,0.236539589649
0,2,32,5,0.576181705373,0.70316674289,0.126985037517,27.2942244891,27.4377256154,0.701847311762,0.236539589649
1,0,2,0,0.741997491805,0.767717168315,0.0257196765094,21.5729139011,28.770695529,0.767120315807,0.570344181764
1,0,2,1,0.742698738603,0.767717168315,0.0250184297113,21.873736352,29.1619699863,0.767120315807,0.570344181764
1,0,2,2,0.741947141816,0.767717168315,0.0257700264986,21.8476461543,29.147068842,0.767120315807,0.570344181764
1,0,2,3,0.741947141816,0.767717168315,0.0257700264986,21.7782184327,29.0648606468,0.767120315807,0.570344181764
1,0,2,4,0.741947141816,0.767717168315,0.0257700264986,21.6895357045,28.9603563461,0.767120315807,0.570344181764
1,0,2,5,0.741947141816,0.767717168315,0.0257700264986,21.6895357045,28.9603563461,0.767120315807,0.570344181764
1,0,8,0,0.844771011919,0.927887170896,0.0831161589771,30.8440925066,31.1109507854,0.926689740315,0.570344181764
1,0,8,1,0.846961943138,0.927887170896,0.0809252277583,29.5230991755,29.7349609373,0.926689740315,0.570344181764
1,0,8,2,0.847409843199,0.927887170896,0.0804773276978,29.4698519815,29.6916142979,0.926689740315,0.570344181764
1,0,8,3,0.848500248656,0.927887170896,0.0793869222404,29.2806869262,29.5269772299,0.926689740315,0.570344181764
1,0,8,4,0.84742108537,0.927887170896,0.0804660855258,29.0849826029,29.3502318103,0.926689740315,0.570344181764
1,0,8,5,0.84742108537,0.927887170896,0.0804660855258,29.0849826029,29.3502318103,0.926689740315,0.570344181764
1,0,32,0,0.694817080991,0.942132787448,0.247315706458,31.7531881388,31.9018243631,0.939313427826,0.570344181764
1,0,32,1,0.728097118174,0.942132787448,0.214035669274,30.3001331175,30.4220502698,0.939313427826,0.570344181764
1,0,32,2,0.72809654182,0.942132787448,0.214036245629,30.3374647661,30.4708774005,0.939313427826,0.570344181764
1,0,32,3,0.72809654182,0.942132787448,0.214036245629,30.0813139021,30.2239129579,0.939313427826,0.570344181764
1,0,32,4,0.72809654034,0.942132787448,0.214036247108,29.8627058324,30.0151050737,0.939313427826,0.570344181764
1,0,32,5,0.72809654034,0.942132787448,0.214036247108,29.8627058324,30.0151050737,0.939313427826,0.570344181764
1,1,2,0,0.740545846806,0.767717168315,0.0271713215082,21.4334146532,28.5781220577,0.767620018961,0.570344181764
1,1,2,1,0.741369821513,0.767717168315,0.0263473468014,21.9552599067,29.2589931712,0.767620018961,0.570344181764
1,1,2,2,0.741544184011,0.767717168315,0.0261729843039,21.9242971741,29.2380809511,0.767620018961,0.570344181764
1,1,2,3,0.741544184011,0.767717168315,0.0261729843039,21.8503868691,29.1490310564,0.767620018961,0.570344181764
1,1,2,4,0.741544184011,0.767717168315,0.0261729843039,21.7592030069,29.0414768461,0.767620018961,0.570344181764
1,1,2,5,0.741544184011,0.767717168315,0.0261729843039,21.7592030069,29.0414768461,0.767620018961,0.570344181764
1,1,8,0,0.861290304112,0.927887170896,0.066596866784,30.6832007221,30.9606342922,0.927615144013,0.570344181764
1,1,8,1,0.858670407263,0.927887170896,0.0692167636335,29.6787587388,29.8992031522,0.927615144013,0.570344181764
1,1,8,2,0.859086540132,0.927887170896,0.0688006307645,29.623608161,29.8538488784,0.927615144013,0.570344181764
1,1,8,3,0.858256735563,0.927887170896,0.0696304353338,29.4140180027,29.6680278603,0.927615144013,0.570344181764
1,1,8,4,0.859086540132,0.927887170896,0.0688006307645,29.2117916569,29.4843585344,0.927615144013,0.570344181764
1,1,8,5,0.859086540132,0.927887170896,0.0688006307645,29.2117916569,29.4843585344,0.927615144013,0.570344181764
1,1,32,0,0.740229977779,0.942132787448,0.201902809669,31.5676305414,31.7107731355,0.941402188189,0.570344181764
1,1,32,1,0.747635544987,0.942132787448,0.194497242462,30.2073460441,30.332266322,0.941402188189,0.570344181764
1,1,32,2,0.747635475306,0.942132787448,0.194497312142,30.238070045,30.3751845905,0.941402188189,0.570344181764
1,1,32,3,0.747634135726,0.942132787448,0.194498651723,29.9664479696,30.1115698397,0.941402188189,0.570344181764
1,1,32,4,0.747634135726,0.942132787448,0.194498651723,29.7405295284,29.8921576925,0.941402188189,0.570344181764
1,1,32,5,0.747634135726,0.942132787448,0.194498651723,29.7405295284,29.8921576925,0.941402188189,0.570344181764
1,2,2,0,0.741272078979,0.767717168315,0.0264450893355,21.3764695295,28.5147579011,0.767082035001,0.570344181764
1,2,2,1,0.741176525844,0.767717168315,0.0265406424712,21.8865798057,29.1806110283,0.767082035001,0.570344181764
1,2,2,2,0.741176525844,0.767717168315,0.0265406424712,21.8565579327,29.1613280011,0.767082035001,0.570344181764
1,2,2,3,0.741176525844,0.767717168315,0.0265406424712,21.78534264,29.0763490862,0.767082035001,0.570344181764
1,2,2,4,0.741176525844,0.767717168315,0.0265406424712,21.6959705008,28.9715636672,0.767082035001,0.570344181764
1,2,2,5,0.741176525844,0.767717168315,0.0265406424712,21.6959705008,28.9715636672,0.767082035001,0.570344181764
1,2,8,0,0.847445699302,0.927887170896,0.0804414715947,30.6387053267,30.9128759147,0.923342965929,0.570344181764
1,2,8,1,0.84691452277,0.927887170896,0.0809726481258,29.4837114416,29.7053107107,0.923342965929,0.570344181764
1,2,8,2,0.845899123051,0.927887170896,0.0819880478454,29.4277322069,29.6606790645,0.923342965929,0.570344181764
1,2,8,3,0.845899089678,0.927887170896,0.0819880812188,29.2312923728,29.488908306,0.923342965929,0.570344181764
1,2,8,4,0.845899089678,0.927887170896,0.0819880812188,29.035074533,29.311947236,0.923342965929,0.570344181764
1,2,8,5,0.845899089678,0.927887170896,0.0819880812188,29.035074533,29.311947236,0.923342965929,0.570344181764
1,2,32,0,0.700369060285,0.942132787448,0.241763727163,31.5425534483,31.6853425448,0.924431351791,0.570344181764
1,2,32,1,0.716185598066,0.942132787448,0.225947189382,30.0191115696,30.1356680167,0.924431351791,0.570344181764
1,2,32,2,0.720959512764,0.942132787448,0.221173274684,30.055924804,30.1871405747,0.924431351791,0.570344181764
1,2,32,3,0.720647309992,0.942132787448,0.221485477456,29.8001355026,29.9389311504,0.924431351791,0.570344181764
1,2,32,4,0.720647309992,0.942132787448,0.221485477456,29.5840205326,29.7311137387,0.924431351791,0.570344181764
1,2,32,5,0.720647309992,0.942132787448,0.221485477456,29.5840205326,29.7311137387,0.924431351791,0.570344181764
2,0,2,0,0.636599231994,0.654942748094,0.0183435161002,20.9481390594,27.0471842244,0.654388291454,0.474979814844
2,0,2,1,0.636380045041,0.654942748094,0.0185627030531,20.4857077391,26.4562031753,0.654388291454,0.474979814844
2,0,2,2,0.636344805989,0.654942748094,0.0185979421054,21.2120344549,27.3759842692,0.654388291454,0.474979814844
2,0,2,3,0.636344805989,0.654942748094,0.0185979421054,21.573943331,27.839227617,0.654388291454,0.474979814844
2,0,2,4,0.636344805989,0.654942748094,0.0185979421054,21.4164300221,27.664433426,0.654388291454,0.474979814844
2,0,2,5,0.636344805989,0.654942748094,0.0185979421054,21.4164300221,27.664433426,0.654388291454,0.474979814844
2,0,8,0,0.763683213286,0.796664053932,0.0329808406458,27.6749256595,27.8277762788,0.796255909093,0.474979814844
2,0,8,1,0.763151694995,0.796664053932,0.0335123589373,27.2328413453,27.388858555,0.796255909093,0.474979814844
2,0,8,2,0.76260128065,0.796664053932,0.0340627732816,28.3797134628,28.5406938684,0.796255909093,0.474979814844
2,0,8,3,0.762623260585,0.796664053932,0.0340407933467,28.8301083298,28.9943251942,0.796255909093,0.474979814844
2,0,8,4,0.762623260585,0.796664053932,0.0340407933467,28.5331629959,28.7036399325,0.796255909093,0.474979814844
2,0,8,5,0.762623260585,0.796664053932,0.0340407933467,28.5331629959,28.7036399325,0.796255909093,0.474979814844
2,0,32,0,0.754343400601,0.826291272798,0.0719478721968,27.8447577467,27.8807101332,0.826192337586,0.474979814844
2,0,32,1,0.755629370685,0.826291272798,0.0706619021133,27.52513924,27.5731840051,0.826192337586,0.474979814844
2,0,32,2,0.752259917986,0.826291272798,0.0740313548121,28.7283887683,28.7767389637,0.826192337586,0.474979814844
2,0,32,3,0.752272092565,0.826291272798,0.0740191802338,29.1718394574,29.2242732546,0.826192337586,0.474979814844
2,0,32,4,0.752272092565,0.826291272798,0.0740191802338,28.8773098982,28.9320874082,0.826192337586,0.474979814844
2,0,32,5,0.752272092565,0.826291272798,0.0740191802338,28.8773098982,28.9320874082,0.826192337586,0.474979814844
2,1,2,0,0.636671716572,0.654942748094,0.0182710315224,20.669897851,26.6813032294,0.654846295624,0.474979814844
2,1,2,1,0.63528272298,0.654942748094,0.0196600251145,20.3733885528,26.3011282897,0.654846295624,0.474979814844
2,1,2,2,0.635637036031,0.654942748094,0.0193057120626,21.3603798496,27.5474626457,0.654846295624,0.474979814844
2,1,2,3,0.635637036031,0.654942748094,0.0193057120626,21.4518487483,27.672414883,0.654846295624,0.474979814844
2,1,2,4,0.635637036031,0.654942748094,0.0193057120626,21.2990434659,27.5020140095,0.654846295624,0.474979814844
2,1,2,5,0.635637036031,0.654942748094,0.0193057120626,21.2990434659,27.5020140095,0.654846295624,0.474979814844
2,1,8,0,0.75773736299,0.796664053932,0.038926690942,27.5406768557,27.6820842571,0.796645810073,0.474979814844
2,1,8,1,0.756827928808,0.796664053932,0.0398361251239,27.2489778274,27.397972493,0.796645810073,0.474979814844
2,1,8,2,0.756746444262,0.796664053932,0.0399176096697,28.6789146498,28.8308344205,0.796645810073,0.474979814844
2,1,8,3,0.756763381653,0.796664053932,0.0399006722788,28.7228393969,28.8777795999,0.796645810073,0.474979814844
2,1,8,4,0.756763381653,0.796664053932,0.0399006722788,28.4321844395,28.5926259789,0.796645810073,0.474979814844
2,1,8,5,0.756763381653,0.796664053932,0.0399006722788,28.4321844395,28.5926259789,0.796645810073,0.474979814844
2,1,32,0,0.736062654805,0.826291272798,0.0902286179931,27.7748767962,27.8096097826,0.826118042892,0.474979814844
2,1,32,1,0.738227880933,0.826291272798,0.0880633918655,27.6944888019,27.7495469633,0.826118042892,0.474979814844
2,1,32,2,0.738054533904,0.826291272798,0.0882367388947,29.1142970621,29.166907268,0.826118042892,0.474979814844
2,1,32,3,0.738054503376,0.826291272798,0.0882367694221,29.1282822287,29.1834690456,0.826118042892,0.474979814844
2,1,32,4,0.738054503376,0.826291272798,0.0882367694221,28.838223631,28.8957495451,0.826118042892,0.474979814844
2,1,32,5,0.738054503376,0.826291272798,0.0882367694221,28.838223631,28.8957495451,0.826118042892,0.474979814844
2,2,2,0,0.636071675337,0.654942748094,0.0188710727572,20.9816378358,27.094172808,0.654780850632,0.474979814844
2,2,2,1,0.636277400934,0.654942748094,0.0186653471597,20.4479519329,26.4124090679,0.654780850632,0.474979814844
2,2,2,2,0.636329132162,0.654942748094,0.0186136159316,21.4890164891,27.7262717112,0.654780850632,0.474979814844
2,2,2,3,0.636329132162,0.654942748094,0.0186136159316,21.5068667798,27.7596581436,0.654780850632,0.474979814844
2,2,2,4,0.636329132162,0.654942748094,0.0186136159316,21.3586444823,27.5961711305,0.654780850632,0.474979814844
2,2,2,5,0.636329132162,0.654942748094,0.0186136159316,21.3586444823,27.5961711305,0.654780850632,0.474979814844
2,2,8,0,0.757446689691,0.796664053932,0.039217364241,27.7036181517,27.8696501967,0.796458125196,0.474979814844
2,2,8,1,0.758272641666,0.796664053932,0.0383914122661,26.7174302817,26.8862689716,0.796458125196,0.474979814844
2,2,8,2,0.756288048977,0.796664053932,0.0403760049549,28.9571536754,29.1292191301,0.796458125196,0.474979814844
2,2,8,3,0.756908386658,0.796664053932,0.0397556672737,28.9088771733,29.0841124138,0.796458125196,0.474979814844
2,2,8,4,0.756908386658,0.796664053932,0.0397556672737,28.6157636241,28.7983859424,0.796458125196,0.474979814844
2,2,8,5,0.756908386658,0.796664053932,0.0397556672737,28.6157636241,28.7983859424,0.796458125196,0.474979814844
2,2,32,0,0.73228011874,0.826291272798,0.0940111540587,27.8544825085,27.9466583414,0.825633985038,0.474979814844
2,2,32,1,0.732543469904,0.826291272798,0.0937478028944,27.159738729,27.2567812632,0.825633985038,0.474979814844
2,2,32,2,0.72266117619,0.826291272798,0.103630096608,29.490813446,29.5867508192,0.825633985038,0.474979814844
2,2,32,3,0.720409467953,0.826291272798,0.105881804846,29.4433580814,29.5418048801,0.825633985038,0.474979814844
2,2,32,4,0.720409467953,0.826291272798,0.105881804846,29.1391035198,29.2441133104,0.825633985038,0.474979814844
2,2,32,5,0.720409467953,0.826291272798,0.105881804846,29.1391035198,29.2441133104,0.825633985038,0.474979814844
3,0,2,0,0.522766566759,0.559319224606,0.0365526578467,18.8058961106,24.8873357723,0.558891175327,0.372891112613
3,0,2,1,0.523004575674,0.559319224606,0.0363146489315,19.5150430558,25.8271827948,0.558891175327,0.372891112613
3,0,2,2,0.523004575674,0.559319224606,0.0363146489315,19.5867371189,25.9259780513,0.558891175327,0.372891112613
3,0,2,3,0.523198544298,0.559319224606,0.0361206803074,19.4026073015,25.7129330813,0.558891175327,0.372891112613
3,0,2,4,0.523198544298,0.559319224606,0.0361206803074,19.5313313758,25.8982705458,0.558891175327,0.372891112613
3,0,2,5,0.523198544298,0.559319224606,0.0361206803074,19.5313313758,25.8982705458,0.558891175327,0.372891112613
3,0,8,0,0.62611033121,0.788971345495,0.162861014285,26.1599492274,26.3606845927,0.787511071928,0.372891112613
3,0,8,1,0.613038969056,0.788971345495,0.175932376439,28.1806381458,28.3843402703,0.787511071928,0.372891112613
3,0,8,2,0.626914073117,0.788971345495,0.162057272378,28.3252179521,28.5430006344,0.787511071928,0.372891112613
3,0,8,3,0.626914073117,0.788971345495,0.162057272378,28.0665441884,28.2955721274,0.787511071928,0.372891112613
3,0,8,4,0.626914073117,0.788971345495,0.162057272378,28.261640232,28.5008029448,0.787511071928,0.372891112613
3,0,8,5,0.626914073117,0.788971345495,0.162057272378,28.261640232,28.5008029448,0.787511071928,0.372891112613
3,0,32,0,0.490019631809,0.83164102274,0.341621390931,27.1393639287,27.2687769984,0.825987900683,0.372891112613
3,0,32,1,0.471397026958,0.83164102274,0.360243995782,29.9124652136,30.0154952113,0.825987900683,0.372891112613
3,0,32,2,0.47406711107,0.83164102274,0.35757391167,30.1873325938,30.3015046054,0.825987900683,0.372891112613
3,0,32,3,0.474067114162,0.83164102274,0.357573908578,30.0467247526,30.1585468227,0.825987900683,0.372891112613
3,0,32,4,0.474067114162,0.83164102274,0.357573908578,30.1127313501,30.2355933005,0.825987900683,0.372891112613
3,0,32,5,0.474067114162,0.83164102274,0.357573908578,30.1127313501,30.2355933005,0.825987900683,0.372891112613
3,1,2,0,0.522708460716,0.559319224606,0.0366107638893,18.7266830723,24.8064923954,0.558742372707,0.372891112613
3,1,2,1,0.523335848798,0.559319224606,0.0359833758078,19.3740557098,25.6662491081,0.558742372707,0.372891112613
3,1,2,2,0.524389106518,0.559319224606,0.0349301180875,19.5090986445,25.8478583651,0.558742372707,0.372891112613
3,1,2,3,0.524389106518,0.559319224606,0.0349301180875,19.3383444567,25.652895712,0.558742372707,0.372891112613
3,1,2,4,0.524389106518,0.559319224606,0.0349301180875,19.4563954343,25.8256924465,0.558742372707,0.372891112613
3,1,2,5,0.524389106518,0.559319224606,0.0349301180875,19.4563954343,25.8256924465,0.558742372707,0.372891112613
3,1,8,0,0.62391862614,0.788971345495,0.165052719355,26.2020574984,26.4085657196,0.786255297186,0.372891112613
3,1,8,1,0.612498617039,0.788971345495,0.176472728456,27.996477991,28.2353159632,0.786255297186,0.372891112613
3,1,8,2,0.626598039099,0.788971345495,0.162373306395,28.2651006389,28.5018654846,0.786255297186,0.372891112613
3,1,8,3,0.626546313941,0.788971345495,0.162425031554,28.1355611005,28.3849387846,0.786255297186,0.372891112613
3,1,8,4,0.626546313941,0.788971345495,0.162425031554,28.1682881142,28.4279392017,0.786255297186,0.372891112613
3,1,8,5,0.626546313941,0.788971345495,0.162425031554,28.1682881142,28.4279392017,0.786255297186,0.372891112613
3,1,32,0,0.485565623811,0.83164102274,0.346075398929,27.2150567282,27.363044208,0.818002324418,0.372891112613
3,1,32,1,0.461438097988,0.83164102274,0.370202924751,29.7519945396,29.8816158553,0.818002324418,0.372891112613
3,1,32,2,0.474060792569,0.83164102274,0.35758023017,30.1470270567,30.2878834934,0.818002324418,0.372891112613
3,1,32,3,0.474067483154,0.83164102274,0.357573539586,30.0116981384,30.1523407121,0.818002324418,0.372891112613
3,1,32,4,0.474067483154,0.83164102274,0.357573539586,29.9436810292,30.0949154632,0.818002324418,0.372891112613
3,1,32,5,0.474067483154,0.83164102274,0.357573539586,29.9436810292,30.0949154632,0.818002324418,0.372891112613
3,2,2,0,0.521634869049,0.559319224606,0.0376843555569,18.7977628495,24.88398613,0.558849277035,0.372891112613
3,2,2,1,0.522579257683,0.559319224606,0.0367399669228,19.4944388256,25.8083240428,0.558849277035,0.372891112613
3,2,2,2,0.522579257683,0.559319224606,0.0367399669228,19.5757386605,25.9185495456,0.558849277035,0.372891112613
3,2,2,3,0.522579257683,0.559319224606,0.0367399669228,19.3780944073,25.6893343446,0.558849277035,0.372891112613
3,2,2,4,0.522579257683,0.559319224606,0.0367399669228,19.5144979524,25.8865698385,0.558849277035,0.372891112613
3,2,2,5,0.522579257683,0.559319224606,0.0367399669228,19.5144979524,25.8865698385,0.558849277035,0.372891112613
3,2,8,0,0.622599370208,0.788971345495,0.166371975287,26.3105506161,26.5061964006,0.784500984323,0.372891112613
3,2,8,1,0.612951462671,0.788971345495,0.176019882824,28.3069434718,28.5225033473,0.784500984323,0.372891112613
3,2,8,2,0.627014894845,0.788971345495,0.16195645065,28.4816342599,28.7054872913,0.784500984323,0.372891112613
3,2,8,3,0.627014894845,0.788971345495,0.16195645065,28.2683225785,28.5047195857,0.784500984323,0.372891112613
3,2,8,4,0.627014894845,0.788971345495,0.16195645065,28.420050254,28.667098651,0.784500984323,0.372891112613
3,2,8,5,0.627014894845,0.788971345495,0.16195645065,28.420050254,28.667098651,0.784500984323,0.372891112613
3,2,32,0,0.48857575916,0.83164102274,0.343065263579,27.3066099696,27.4437352461,0.830954805678,0.372891112613
3,2,32,1,0.462661527292,0.83164102274,0.368979495447,30.0962640655,30.194055424,0.830954805678,0.372891112613
3,2,32,2,0.476398162497,0.83164102274,0.355242860243,30.4337989791,30.5442913669,0.830954805678,0.372891112613
3,2,32,3,0.491154669916,0.83164102274,0.340486352823,30.2535092646,30.3623236589,0.830954805678,0.372891112613
3,2,32,4,0.491154669916,0.83164102274,0.340486352823,30.318662006,30.4392342825,0.830954805678,0.372891112613
3,2,32,5,0.491154669916,0.83164102274,0.340486352823,30.318662006,30.4392342825,0.830954805678,0.372891112613
4,0,2,0,0.53819183262,0.564048470144,0.0258566375248,18.5207839502,26.3010746639,0.562851772296,0.41313715332
4,0,2,1,0.540402533832,0.564048470144,0.0236459363128,18.4282661681,26.1967004093,0.562851772296,0.41313715332
4,0,2,2,0.540333739922,0.564048470144,0.0237147302228,18.7718745851,26.6856286881,0.562851772296,0.41313715332
4,0,2,3,0.540333739922,0.564048470144,0.0237147302228,18.7378477061,26.6378051855,0.562851772296,0.41313715332
4,0,2,4,0.540333739922,0.564048470144,0.0237147302228,18.6634409295,26.5397882998,0.562851772296,0.41313715332
4,0,2,5,0.540333739922,0.564048470144,0.0237147302228,18.6634409295,26.5397882998,0.562851772296,0.41313715332
4,0,8,0,0.66029188898,0.729725992867,0.069434103887,26.885727101,27.255961504,0.728612710882,0.41313715332
4,0,8,1,0.670004426737,0.729725992867,0.0597215661296,26.9917244747,27.3848491173,0.728612710882,0.41313715332
4,0,8,2,0.660151355026,0.729725992867,0.0695746378408,27.8165942807,28.2262440256,0.728612710882,0.41313715332
4,0,8,3,0.659712636956,0.729725992867,0.070013355911,27.691240363,28.1045427766,0.728612710882,0.41313715332
4,0,8,4,0.659712636956,0.729725992867,0.070013355911,27.5114160336,27.9297251412,0.728612710882,0.41313715332
4,0,8,5,0.659712636956,0.729725992867,0.070013355911,27.5114160336,27.9297251412,0.728612710882,0.41313715332
4,0,32,0,0.677929931234,0.816128855003,0.138198923769,27.7714976264,28.0065013354,0.812354009075,0.41313715332
4,0,32,1,0.672056489743,0.816128855003,0.14407236526,28.1757598983,28.3708325398,0.812354009075,0.41313715332
4,0,32,2,0.670014949128,0.816128855003,0.146113905875,29.3415145831,29.5753765562,0.812354009075,0.41313715332
4,0,32,3,0.670014949128,0.816128855003,0.146113905875,29.1634001463,29.4070041034,0.812354009075,0.41313715332
4,0,32,4,0.670014949128,0.816128855003,0.146113905875,28.8859412102,29.1336506417,0.812354009075,0.41313715332
4,0,32,5,0.670014949128,0.816128855003,0.146113905875,28.8859412102,29.1336506417,0.812354009075,0.41313715332
4,1,2,0,0.537864981235,0.564048470144,0.0261834889096,17.9392239847,25.4742176911,0.563424971595,0.41313715332
4,1,2,1,0.53895535958,0.564048470144,0.0250931105647,17.8619972199,25.3902255435,0.563424971595,0.41313715332
4,1,2,2,0.539003292097,0.564048470144,0.0250451780476,18.1636125924,25.8218516206,0.563424971595,0.41313715332
4,1,2,3,0.539003292097,0.564048470144,0.0250451780476,18.1323547398,25.7783915419,0.563424971595,0.41313715332
4,1,2,4,0.539003292097,0.564048470144,0.0250451780476,18.0639510055,25.6888404689,0.563424971595,0.41313715332
4,1,2,5,0.539003292097,0.564048470144,0.0250451780476,18.0639510055,25.6888404689,0.563424971595,0.41313715332
4,1,8,0,0.659443203532,0.729725992867,0.0702827893351,26.2255363995,26.5908987993,0.729052609599,0.41313715332
4,1,8,1,0.667318014846,0.729725992867,0.0624079780207,26.2073294753,26.5892561948,0.729052609599,0.41313715332
4,1,8,2,0.659697850283,0.729725992867,0.0700281425837,26.968421448,27.3629786714,0.729052609599,0.41313715332
4,1,8,3,0.660291932257,0.729725992867,0.0694340606092,26.8484513289,27.2461922755,0.729052609599,0.41313715332
4,1,8,4,0.660417949531,0.729725992867,0.0693080433359,26.6718686588,27.0759217087,0.729052609599,0.41313715332
4,1,8,5,0.660417949531,0.729725992867,0.0693080433359,26.6718686588,27.0759217087,0.729052609599,0.41313715332
4,1,32,0,0.67392009146,0.816128855003,0.142208763543,27.2282527987,27.4633148778,0.814471809476,0.41313715332
4,1,32,1,0.65864755623,0.816128855003,0.157481298773,27.4903925541,27.7095606857,0.814471809476,0.41313715332
4,1,32,2,0.651333705774,0.816128855003,0.164795149229,28.5702220383,28.8273746647,0.814471809476,0.41313715332
4,1,32,3,0.651333705774,0.816128855003,0.164795149229,28.40923416,28.6791811336,0.814471809476,0.41313715332
4,1,32,4,0.651333705774,0.816128855003,0.164795149229,28.1369833764,28.4122993144,0.814471809476,0.41313715332
4,1,32,5,0.651333705774,0.816128855003,0.164795149229,28.1369833764,28.4122993144,0.814471809476,0.41313715332
4,2,2,0,0.540474904952,0.564048470144,0.0235735651925,18.6047126788,26.4116952358,0.563705672607,0.41313715332
4,2,2,1,0.537365401745,0.564048470144,0.0266830683992,18.5562975413,26.3700917623,0.563705672607,0.41313715332
4,2,2,2,0.537365401745,0.564048470144,0.0266830683992,18.7861349327,26.7028390507,0.563705672607,0.41313715332
4,2,2,3,0.537365401745,0.564048470144,0.0266830683992,18.7491422637,26.6508030141,0.563705672607,0.41313715332
4,2,2,4,0.537365401745,0.564048470144,0.0266830683992,18.6874189479,26.5701275976,0.563705672607,0.41313715332
4,2,2,5,0.537365401745,0.564048470144,0.0266830683992,18.6874189479,26.5701275976,0.563705672607,0.41313715332
4,2,8,0,0.660202578855,0.729725992867,0.0695234140119,26.9484332776,27.3151111127,0.728744407367,0.41313715332
4,2,8,1,0.661295256749,0.729725992867,0.0684307361175,27.4519437245,27.8371343973,0.728744407367,0.41313715332
4,2,8,2,0.669501914057,0.729725992867,0.0602240788093,28.0703158256,28.4679713173,0.728744407367,0.41313715332
4,2,8,3,0.669220365188,0.729725992867,0.0605056276782,27.9319318171,28.334373525,0.728744407367,0.41313715332
4,2,8,4,0.669220365188,0.729725992867,0.0605056276782,27.7966771108,28.205471792,0.728744407367,0.41313715332
4,2,8,5,0.669220365188,0.729725992867,0.0605056276782,27.7966771108,28.205471792,0.728744407367,0.41313715332
4,2,32,0,0.677936638929,0.816128855003,0.138192216074,27.8308177423,28.0567220075,0.805075596429,0.41313715332
4,2,32,1,0.672441255317,0.816128855003,0.143687599685,28.5239919346,28.7358677561,0.805075596429,0.41313715332
4,2,32,2,0.670365370652,0.816128855003,0.145763484351,29.389787447,29.6357741913,0.805075596429,0.41313715332
4,2,32,3,0.670365370652,0.816128855003,0.145763484351,29.1996996494,29.4562480735,0.805075596429,0.41313715332
4,2,32,4,0.670365370652,0.816128855003,0.145763484351,29.0246874069,29.2862766441,0.805075596429,0.41313715332
4,2,32,5,0.670365370652,0.816128855003,0.145763484351,29.0246874069,29.2862766441,0.805075596429,0.41313715332
5,0,2,0,0.461175405936,0.486857468045,0.0256820621087,17.354217655,24.7848929754,0.485911320938,0.312669281134
5,0,2,1,0.463792263327,0.486857468045,0.0230652047176,17.8544977357,25.5456352881,0.485911320938,0.312669281134
5,0,2,2,0.464607857837,0.486857468045,0.0222496102079,17.850335425,25.5611424724,0.485911320938,0.312669281134
5,0,2,3,0.464607857837,0.486857468045,0.0222496102079,17.82872503,25.5404145435,0.485911320938,0.312669281134
5,0,2,4,0.464607857837,0.486857468045,0.0222496102079,17.8746336939,25.6118780478,0.485911320938,0.312669281134
5,0,2,5,0.464607857837,0.486857468045,0.0222496102079,17.8746336939,25.6118780478,0.485911320938,0.312669281134
5,0,8,0,0.641374777664,0.739562862057,0.0981880843928,26.2175693153,26.3721542141,0.73806314526,0.312669281134
5,0,8,1,0.666040083731,0.739562862057,0.0735227783262,27.9760512341,28.1380543924,0.73806314526,0.312669281134
5,0,8,2,0.664908632547,0.739562862057,0.0746542295103,28.1079549164,28.2745874642,0.73806314526,0.312669281134
5,0,8,3,0.664933530894,0.739562862057,0.0746293311637,28.0697284692,28.2371126145,0.73806314526,0.312669281134
5,0,8,4,0.664933530894,0.739562862057,0.0746293311637,28.0246240507,28.1954708248,0.73806314526,0.312669281134
5,0,8,5,0.664933530894,0.739562862057,0.0746293311637,28.0246240507,28.1954708248,0.73806314526,0.312669281134
5,0,32,0,0.713753232767,0.834094558937,0.12034132617,27.2647595332,27.3438570974,0.833393228039,0.312669281134
5,0,32,1,0.73504257093,0.834094558937,0.0990519880072,29.6456319767,29.7589654636,0.833393228039,0.312669281134
5,0,32,2,0.741974680426,0.834094558937,0.0921198785107,29.8998920762,30.0191745945,0.833393228039,0.312669281134
5,0,32,3,0.745462116065,0.834094558937,0.0886324428724,29.8671545699,29.9969770589,0.833393228039,0.312669281134
5,0,32,4,0.745462116065,0.834094558937,0.0886324428724,29.8048323501,29.9430231619,0.833393228039,0.312669281134
5,0,32,5,0.745462116065,0.834094558937,0.0886324428724,29.8048323501,29.9430231619,0.833393228039,0.312669281134
5,1,2,0,0.461521404465,0.486857468045,0.0253360635791,17.4464284864,24.910632231,0.48568916209,0.312669281134
5,1,2,1,0.464523868348,0.486857468045,0.0223335996965,17.9600041119,25.6878727418,0.48568916209,0.312669281134
5,1,2,2,0.465447775528,0.486857468045,0.0214096925168,17.9620284784,25.7112603552,0.48568916209,0.312669281134
5,1,2,3,0.465494044253,0.486857468045,0.0213634237915,17.9502069586,25.7059894268,0.48568916209,0.312669281134
5,1,2,4,0.465447775528,0.486857468045,0.0214096925168,18.0000010028,25.7834694193,0.48568916209,0.312669281134
5,1,2,5,0.465447775528,0.486857468045,0.0214096925168,18.0000010028,25.7834694193,0.48568916209,0.312669281134
5,1,8,0,0.646745440514,0.739562862057,0.0928174215433,26.459047639,26.6367144434,0.736725301024,0.312669281134
5,1,8,1,0.66092715043,0.739562862057,0.0786357116271,28.2875037371,28.4711930086,0.736725301024,0.312669281134
5,1,8,2,0.650985141169,0.739562862057,0.0885777208879,28.4420081082,28.6268774102,0.736725301024,0.312669281134
5,1,8,3,0.65121896158,0.739562862057,0.0883439004773,28.4381798809,28.6262542959,0.736725301024,0.312669281134
5,1,8,4,0.65121896158,0.739562862057,0.0883439004773,28.4039179839,28.5947992587,0.736725301024,0.312669281134
5,1,8,5,0.65121896158,0.739562862057,0.0883439004773,28.4039179839,28.5947992587,0.736725301024,0.312669281134
5,1,32,0,0.746589323868,0.834094558937,0.0875052350691,27.539180766,27.6574804607,0.83262695273,0.312669281134
5,1,32,1,0.743427046105,0.834094558937,0.0906675128318,30.0090432507,30.1582814486,0.83262695273,0.312669281134
5,1,32,2,0.747626549893,0.834094558937,0.0864680090438,30.288373491,30.4383304156,0.83262695273,0.312669281134
5,1,32,3,0.750781140887,0.834094558937,0.0833134180497,30.3085829108,30.4675669611,0.83262695273,0.312669281134
5,1,32,4,0.750781140887,0.834094558937,0.0833134180497,30.277000332,30.4448343515,0.83262695273,0.312669281134
5,1,32,5,0.750781140887,0.834094558937,0.0833134180497,30.277000332,30.4448343515,0.83262695273,0.312669281134
5,2,2,0,0.46127048301,0.486857468045,0.0255869850347,17.5186181955,25.0041295904,0.486515505518,0.312669281134
5,2,2,1,0.464014581993,0.486857468045,0.0228428860514,18.0320777827,25.7826489284,0.486515505518,0.312669281134
5,2,2,2,0.464004878718,0.486857468045,0.0228525893269,18.0169365652,25.7828813377,0.486515505518,0.312669281134
5,2,2,3,0.464004878718,0.486857468045,0.0228525893269,17.9952940712,25.7615245544,0.486515505518,0.312669281134
5,2,2,4,0.464004878718,0.486857468045,0.0228525893269,18.0415276907,25.8324854482,0.486515505518,0.312669281134
5,2,2,5,0.464004878718,0.486857468045,0.0228525893269,18.0415276907,25.8324854482,0.486515505518,0.312669281134
5,2,8,0,0.637528030036,0.739562862057,0.102034832021,26.4747287261,26.6619230382,0.739363373464,0.312669281134
5,2,8,1,0.650247927812,0.739562862057,0.0893149342452,28.3739743253,28.5566763471,0.739363373464,0.312669281134
5,2,8,2,0.647703146696,0.739562862057,0.0918597153609,28.5190138525,28.7118502329,0.739363373464,0.312669281134
5,2,8,3,0.647371235211,0.739562862057,0.0921916268462,28.4987104906,28.6907438593,0.739363373464,0.312669281134
5,2,8,4,0.647371235211,0.739562862057,0.0921916268462,28.4156568707,28.6090678596,0.739363373464,0.312669281134
5,2,8,5,0.647371235211,0.739562862057,0.0921916268462,28.4156568707,28.6090678596,0.739363373464,0.312669281134
5,2,32,0,0.726282083965,0.834094558937,0.107812474973,27.3510885236,27.455098902,0.832402885878,0.312669281134
5,2,32,1,0.739624343513,0.834094558937,0.0944702154244,29.8856408271,30.0100603519,0.832402885878,0.312669281134
5,2,32,2,0.734706562728,0.834094558937,0.0993879962089,30.2022948904,30.3331204722,0.832402885878,0.312669281134
5,2,32,3,0.739708077043,0.834094558937,0.0943864818943,30.192131607,30.3316861159,0.832402885878,0.312669281134
5,2,32,4,0.7403409088,0.834094558937,0.0937536501368,30.0602482396,30.2026217487,0.832402885878,0.312669281134
5,2,32,5,0.7403409088,0.834094558937,0.0937536501368,30.0602482396,30.2026217487,0.832402885878,0.312669281134
6,0,2,0,0.383947230936,0.418316866035,0.0343696350987,16.2205793517,23.0269713986,0.418240722022,0.249638360928
6,0,2,1,0.384240778206,0.418316866035,0.0340760878282,17.2195335492,24.4399178685,0.418240722022,0.249638360928
6,0,2,2,0.38713259356,0.418316866035,0.0311842724742,17.3425946884,24.6456099178,0.418240722022,0.249638360928
6,0,2,3,0.387084149193,0.418316866035,0.0312327168412,17.24507702,24.5289758507,0.418240722022,0.249638360928
6,0,2,4,0.387084149193,0.418316866035,0.0312327168412,17.3606968656,24.7304904232,0.418240722022,0.249638360928
6,0,2,5,0.387084149193,0.418316866035,0.0312327168412,17.3606968656,24.7304904232,0.418240722022,0.249638360928
6,0,8,0,0.53105386352,0.722533544867,0.191479681347,24.8834763189,25.2057640327,0.72187769761,0.249638360928
6,0,8,1,0.550679719881,0.722533544867,0.171853824986,27.9182480546,28.2544420752,0.72187769761,0.249638360928
6,0,8,2,0.645943794872,0.722533544867,0.0765897499948,27.8096044121,28.1654753306,0.72187769761,0.249638360928
6,0,8,3,0.645943794872,0.722533544867,0.0765897499948,27.8190228255,28.1996340927,0.72187769761,0.249638360928
6,0,8,4,0.645943794872,0.722533544867,0.0765897499948,27.9543660096,28.3741931821,0.72187769761,0.249638360928
6,0,8,5,0.645943794872,0.722533544867,0.0765897499948,27.9543660096,28.3741931821,0.72187769761,0.249638360928
6,0,32,0,0.570515051147,0.824492092007,0.253977040861,25.9097034867,25.9860427621,0.819686403807,0.249638360928
6,0,32,1,0.669114479134,0.824492092007,0.155377612873,30.3227958422,30.4131972034,0.819686403807,0.249638360928
6,0,32,2,0.764562288973,0.824492092007,0.0599298030344,30.2002571451,30.2952561153,0.819686403807,0.249638360928
6,0,32,3,0.761905188857,0.824492092007,0.0625869031509,30.3128809036,30.4109065573,0.819686403807,0.249638360928
6,0,32,4,0.761905188857,0.824492092007,0.0625869031509,30.4584149271,30.5605558807,0.819686403807,0.249638360928
6,0,32,5,0.761905188857,0.824492092007,0.0625869031509,30.4584149271,30.5605558807,0.819686403807,0.249638360928
6,1,2,0,0.382703454257,0.418316866035,0.0356134117779,15.863731783,22.5325636725,0.418081504172,0.249638360928
6,1,2,1,0.382553730332,0.418316866035,0.0357631357026,16.730167944,23.7544121197,0.418081504172,0.249638360928
6,1,2,2,0.38584251065,0.418316866035,0.0324743553849,17.4573279777,24.8127978523,0.418081504172,0.249638360928
6,1,2,3,0.386208445603,0.418316866035,0.0321084204315,17.4026212084,24.7602161606,0.418081504172,0.249638360928
6,1,2,4,0.386208445603,0.418316866035,0.0321084204315,17.4717061241,24.893094667,0.418081504172,0.249638360928
6,1,2,5,0.386208445603,0.418316866035,0.0321084204315,17.4717061241,24.893094667,0.418081504172,0.249638360928
6,1,8,0,0.525115455545,0.722533544867,0.197418089322,23.9990868691,24.3122915178,0.722008216628,0.249638360928
6,1,8,1,0.549834185101,0.722533544867,0.172699359766,27.3140261232,27.6389901154,0.722008216628,0.249638360928
6,1,8,2,0.641863367202,0.722533544867,0.0806701776652,29.0039224743,29.356730665,0.722008216628,0.249638360928
6,1,8,3,0.641669973631,0.722533544867,0.0808635712362,29.1297136735,29.5061649449,0.722008216628,0.249638360928
6,1,8,4,0.641669973631,0.722533544867,0.0808635712362,29.1279482353,29.5467126668,0.722008216628,0.249638360928
6,1,8,5,0.641669973631,0.722533544867,0.0808635712362,29.1279482353,29.5467126668,0.722008216628,0.249638360928
6,1,32,0,0.555366864839,0.824492092007,0.269125227168,24.7775437276,24.841730129,0.823186793049,0.249638360928
6,1,32,1,0.673365300136,0.824492092007,0.151126791871,29.6316909739,29.7078769423,0.823186793049,0.249638360928
6,1,32,2,0.75926144479,0.824492092007,0.0652306472172,31.7043745434,31.7870930208,0.823186793049,0.249638360928
6,1,32,3,0.755574373494,0.824492092007,0.0689177185134,31.8975940258,31.9836170961,0.823186793049,0.249638360928
6,1,32,4,0.755574373494,0.824492092007,0.0689177185134,31.8797948101,31.9686266508,0.823186793049,0.249638360928
6,1,32,5,0.755574373494,0.824492092007,0.0689177185134,31.8797948101,31.9686266508,0.823186793049,0.249638360928
6,2,2,0,0.386940517561,0.418316866035,0.0313763484731,16.2790484691,23.1193565563,0.41755438879,0.249638360928
6,2,2,1,0.383523226205,0.418316866035,0.03479363983,17.4648586636,24.7936662371,0.41755438879,0.249638360928
6,2,2,2,0.386490909877,0.418316866035,0.0318259561573,17.6089456823,25.0281341486,0.41755438879,0.249638360928
6,2,2,3,0.386490673123,0.418316866035,0.0318261929118,17.509390567,24.9098993213,0.41755438879,0.249638360928
6,2,2,4,0.386490673123,0.418316866035,0.0318261929118,17.6324777528,25.1244975735,0.41755438879,0.249638360928
6,2,2,5,0.386490673123,0.418316866035,0.0318261929118,17.6324777528,25.1244975735,0.41755438879,0.249638360928
6,2,8,0,0.544064750568,0.722533544867,0.178468794299,24.3260087601,24.6472349817,0.717447090429,0.249638360928
6,2,8,1,0.551626647574,0.722533544867,0.170906897293,28.6011249795,28.9395927439,0.717447090429,0.249638360928
6,2,8,2,0.64835132259,0.722533544867,0.0741822222775,28.6795965995,29.0372106586,0.717447090429,0.249638360928
6,2,8,3,0.64835211721,0.722533544867,0.0741814276575,28.7386444937,29.1201270499,0.717447090429,0.249638360928
6,2,8,4,0.64835211721,0.722533544867,0.0741814276575,28.8509172693,29.2805946013,0.717447090429,0.249638360928
6,2,8,5,0.64835211721,0.722533544867,0.0741814276575,28.8509172693,29.2805946013,0.717447090429,0.249638360928
6,2,32,0,0.564145774987,0.824492092007,0.26034631702,25.1642139772,25.260644611,0.82018462879,0.249638360928
6,2,32,1,0.573134066052,0.824492092007,0.251358025956,30.81321307,30.9176074126,0.82018462879,0.249638360928
6,2,32,2,0.754464968194,0.824492092007,0.0700271238134,30.9901473101,31.097859537,0.82018462879,0.249638360928
6,2,32,3,0.754465024813,0.824492092007,0.0700270671941,31.1648043511,31.2879010687,0.82018462879,0.249638360928
6,2,32,4,0.754465024813,0.824492092007,0.0700270671941,31.2877418017,31.4133190392,0.82018462879,0.249638360928
6,2,32,5,0.754465024813,0.824492092007,0.0700270671941,31.2877418017,31.4133190392,0.82018462879,0.249638360928
7,0,2,0,0.585791849039,0.606357825867,0.020565976828,19.7948358347,27.859500266,0.60594919095,0.456359648908
7,0,2,1,0.58599943747,0.606357825867,0.0203583883976,20.9883785673,29.5201254047,0.60594919095,0.456359648908
7,0,2,2,0.586643453101,0.606357825867,0.0197143727666,21.1798575466,29.8061299953,0.60594919095,0.456359648908
7,0,2,3,0.586643453101,0.606357825867,0.0197143727666,21.0515981215,29.6469406155,0.60594919095,0.456359648908
7,0,2,4,0.586643453101,0.606357825867,0.0197143727666,21.1725286965,29.8296644077,0.60594919095,0.456359648908
7,0,2,5,0.586643453101,0.606357825867,0.0197143727666,21.1725286965,29.8296644077,0.60594919095,0.456359648908
7,0,8,0,0.729821312049,0.784797033301,0.0549757212517,28.2981159075,28.4356054408,0.784301389042,0.456359648908
7,0,8,1,0.741420643828,0.784797033301,0.0433763894727,31.7466112141,31.8992306558,0.784301389042,0.456359648908
7,0,8,2,0.742377894248,0.784797033301,0.0424191390525,32.2986974105,32.4602080082,0.784301389042,0.456359648908
7,0,8,3,0.742461282844,0.784797033301,0.0423357504565,32.3024069816,32.4722673984,0.784301389042,0.456359648908
7,0,8,4,0.741152764873,0.784797033301,0.043644268428,32.37228307,32.5445652139,0.784301389042,0.456359648908
7,0,8,5,0.741152764873,0.784797033301,0.043644268428,32.37228307,32.5445652139,0.784301389042,0.456359648908
7,0,32,0,0.698456644603,0.811959049435,0.113502404832,28.4216827665,28.4967389311,0.810365092036,0.456359648908
7,0,32,1,0.752467587763,0.811959049435,0.0594914616724,32.0703748496,32.149853738,0.810365092036,0.456359648908
7,0,32,2,0.750066270137,0.811959049435,0.0618927792979,32.7645422252,32.8551864081,0.810365092036,0.456359648908
7,0,32,3,0.750066270205,0.811959049435,0.0618927792297,32.8094459471,32.9065318089,0.810365092036,0.456359648908
7,0,32,4,0.750066270205,0.811959049435,0.0618927792297,32.8860804858,32.9839839431,0.810365092036,0.456359648908
7,0,32,5,0.750066270205,0.811959049435,0.0618927792297,32.8860804858,32.9839839431,0.810365092036,0.456359648908
7,1,2,0,0.580815829506,0.606357825867,0.025541996361,18.3790608162,25.8978357837,0.605480233228,0.456359648908
7,1,2,1,0.585371497286,0.606357825867,0.0209863285809,19.5613201764,27.5436113484,0.605480233228,0.456359648908
7,1,2,2,0.585353207197,0.606357825867,0.0210046186705,19.6342561657,27.6634105607,0.605480233228,0.456359648908
7,1,2,3,0.585353510371,0.606357825867,0.0210043154959,19.5712946949,27.600332219,0.605480233228,0.456359648908
7,1,2,4,0.585353207197,0.606357825867,0.0210046186705,19.6107210593,27.6613707109,0.605480233228,0.456359648908
7,1,2,5,0.585353207197,0.606357825867,0.0210046186705,19.6107210593,27.6613707109,0.605480233228,0.456359648908
7,1,8,0,0.677081555162,0.784797033301,0.107715478139,26.0542506645,26.174980183,0.78447329616,0.456359648908
7,1,8,1,0.737113080515,0.784797033301,0.0476839527856,29.426294146,29.5555821464,0.78447329616,0.456359648908
7,1,8,2,0.738352908519,0.784797033301,0.0464441247824,29.7259547323,29.8620167274,0.78447329616,0.456359648908
7,1,8,3,0.738352908522,0.784797033301,0.0464441247794,29.8312813882,29.9785823541,0.78447329616,0.456359648908
7,1,8,4,0.738352908522,0.784797033301,0.0464441247794,29.7427370504,29.891737498,0.78447329616,0.456359648908
7,1,8,5,0.738352908522,0.784797033301,0.0464441247794,29.7427370504,29.891737498,0.78447329616,0.456359648908
7,1,32,0,0.669257122163,0.811959049435,0.142701927273,26.1345315531,26.1803827513,0.811156508919,0.456359648908
7,1,32,1,0.722295396346,0.811959049435,0.089663653089,29.6983048641,29.7488761813,0.811156508919,0.456359648908
7,1,32,2,0.723553322398,0.811959049435,0.0884057270368,30.1184821596,30.1780491248,0.811156508919,0.456359648908
7,1,32,3,0.723553322398,0.811959049435,0.0884057270368,30.2572640593,30.3227173139,0.811156508919,0.456359648908
7,1,32,4,0.723553322398,0.811959049435,0.0884057270368,30.1647803125,30.230376231,0.811156508919,0.456359648908
7,1,32,5,0.723553322398,0.811959049435,0.0884057270368,30.1647803125,30.230376231,0.811156508919,0.456359648908
7,2,2,0,0.581784904378,0.606357825867,0.0245729214892,19.5071553477,27.4602851353,0.60590746522,0.456359648908
7,2,2,1,0.585779376997,0.606357825867,0.0205784488701,20.7012014238,29.123492682,0.60590746522,0.456359648908
7,2,2,2,0.586275976811,0.606357825867,0.0200818490566,20.9664315468,29.5113062599,0.60590746522,0.456359648908
7,2,2,3,0.586305383634,0.606357825867,0.0200524422334,20.8440608236,29.3607557242,0.60590746522,0.456359648908
7,2,2,4,0.586275976811,0.606357825867,0.0200818490566,20.9641699829,29.5424493452,0.60590746522,0.456359648908
7,2,2,5,0.586275976811,0.606357825867,0.0200818490566,20.9641699829,29.5424493452,0.60590746522,0.456359648908
7,2,8,0,0.683931225618,0.784797033301,0.100865807683,27.6397801635,27.7539595431,0.783873145698,0.456359648908
7,2,8,1,0.738387900069,0.784797033301,0.0464091332317,31.2276286547,31.3558007301,0.783873145698,0.456359648908
7,2,8,2,0.739238008381,0.784797033301,0.0455590249199,31.9193239082,32.0536922633,0.783873145698,0.456359648908
7,2,8,3,0.739567865501,0.784797033301,0.0452291677998,31.7742331338,31.9207209777,0.783873145698,0.456359648908
7,2,8,4,0.739300739679,0.784797033301,0.0454962936219,32.0046595674,32.1536364728,0.783873145698,0.456359648908
7,2,8,5,0.739300739679,0.784797033301,0.0454962936219,32.0046595674,32.1536364728,0.783873145698,0.456359648908
7,2,32,0,0.678976761543,0.811959049435,0.132982287892,27.6815730162,27.7717438034,0.81083734224,0.456359648908
7,2,32,1,0.755003258412,0.811959049435,0.0569557910236,31.5280344699,31.6282224973,0.81083734224,0.456359648908
7,2,32,2,0.755040712398,0.811959049435,0.0569183370377,32.342877824,32.4466896332,0.81083734224,0.456359648908
7,2,32,3,0.755040712672,0.811959049435,0.0569183367631,32.2283900315,32.3411603903,0.81083734224,0.456359648908
7,2,32,4,0.755040712672,0.811959049435,0.0569183367631,32.4675440089,32.580801752,0.81083734224,0.456359648908
7,2,32,5,0.755040712672,0.811959049435,0.0569183367631,32.4675440089,32.580801752,0.81083734224,0.456359648908
8,0,2,0,0.395447320639,0.436189872604,0.0407425519652,15.6315710286,21.0590417261,0.435702431756,0.245173116704
8,0,2,1,0.389389662101,0.436189872604,0.0468002105032,16.0236081989,21.6067495447,0.435702431756,0.245173116704
8,0,2,2,0.389765555481,0.436189872604,0.0464243171231,16.0765393488,21.6992747477,0.435702431756,0.245173116704
8,0,2,3,0.389755930445,0.436189872604,0.0464339421588,16.5007782154,22.2487991708,0.435702431756,0.245173116704
8,0,2,4,0.389755930445,0.436189872604,0.0464339421588,16.403028405,22.1419947948,0.435702431756,0.245173116704
8,0,2,5,0.389755930445,0.436189872604,0.0464339421588,16.403028405,22.1419947948,0.435702431756,0.245173116704
8,0,8,0,0.568786219894,0.724917588188,0.156131368294,22.3752327094,22.6125540289,0.72405900063,0.245173116704
8,0,8,1,0.55021355391,0.724917588188,0.174704034278,22.8185648293,23.0429604005,0.72405900063,0.245173116704
8,0,8,2,0.550300697555,0.724917588188,0.174616890634,23.6054630911,23.8443849839,0.72405900063,0.245173116704
8,0,8,3,0.550302657192,0.724917588188,0.174614930996,24.4072764572,24.6543317674,0.72405900063,0.245173116704
8,0,8,4,0.550302657192,0.724917588188,0.174614930996,24.1190480843,24.3730113973,0.72405900063,0.245173116704
8,0,8,5,0.550302657192,0.724917588188,0.174614930996,24.1190480843,24.3730113973,0.72405900063,0.245173116704
8,0,32,0,0.571967016986,0.797634755257,0.225667738271,23.0904142191,23.2318475591,0.795891198206,0.245173116704
8,0,32,1,0.539132541755,0.797634755257,0.258502213502,23.7314998449,23.8802468282,0.795891198206,0.245173116704
8,0,32,2,0.542779583432,0.797634755257,0.254855171825,24.9133279381,25.0676382654,0.795891198206,0.245173116704
8,0,32,3,0.543632776155,0.797634755257,0.254001979101,25.8095782473,25.9709490876,0.795891198206,0.245173116704
8,0,32,4,0.543632776155,0.797634755257,0.254001979101,25.4008742526,25.5639258002,0.795891198206,0.245173116704
8,0,32,5,0.543632776155,0.797634755257,0.254001979101,25.4008742526,25.5639258002,0.795891198206,0.245173116704
8,1,2,0,0.392880744627,0.436189872604,0.0433091279766,15.41471729,20.7905356772,0.435649524174,0.245173116704
8,1,2,1,0.386916716594,0.436189872604,0.0492731560102,15.9950601283,21.5873504656,0.435649524174,0.245173116704
8,1,2,2,0.386949317634,0.436189872604,0.0492405549701,15.7522673336,21.2898771052,0.435649524174,0.245173116704
8,1,2,3,0.386949317634,0.436189872604,0.0492405549701,16.1792755609,21.8431371221,0.435649524174,0.245173116704
8,1,2,4,0.386949317634,0.436189872604,0.0492405549701,16.0761226413,21.7301857922,0.435649524174,0.245173116704
8,1,2,5,0.386949317634,0.436189872604,0.0492405549701,16.0761226413,21.7301857922,0.435649524174,0.245173116704
8,1,8,0,0.558174547276,0.724917588188,0.166743040912,22.1753320126,22.4006644752,0.724499490003,0.245173116704
8,1,8,1,0.537180332041,0.724917588188,0.187737256147,22.9451474322,23.1654529385,0.724499490003,0.245173116704
8,1,8,2,0.535377510434,0.724917588188,0.189540077755,22.5560266613,22.7906726052,0.724499490003,0.245173116704
8,1,8,3,0.535377510434,0.724917588188,0.189540077755,23.5223088556,23.7685486996,0.724499490003,0.245173116704
8,1,8,4,0.535377510434,0.724917588188,0.189540077755,23.2174999966,23.4711164159,0.724499490003,0.245173116704
8,1,8,5,0.535377510434,0.724917588188,0.189540077755,23.2174999966,23.4711164159,0.724499490003,0.245173116704
8,1,32,0,0.562147711169,0.797634755257,0.235487044087,23.0876811583,23.1961659882,0.797220152074,0.245173116704
8,1,32,1,0.522782620073,0.797634755257,0.274852135184,23.9764587123,24.082159485,0.797220152074,0.245173116704
8,1,32,2,0.518678570339,0.797634755257,0.278956184918,23.8214932159,23.9364211318,0.797220152074,0.245173116704
8,1,32,3,0.520409510007,0.797634755257,0.27722524525,24.8984334629,25.019455591,0.797220152074,0.245173116704
8,1,32,4,0.520409510007,0.797634755257,0.27722524525,24.4761315544,24.6021540347,0.797220152074,0.245173116704
8,1,32,5,0.520409510007,0.797634755257,0.27722524525,24.4761315544,24.6021540347,0.797220152074,0.245173116704
8,2,2,0,0.392211738029,0.436189872604,0.0439781345753,15.8426175591,21.3456824022,0.435467938483,0.245173116704
8,2,2,1,0.392452551024,0.436189872604,0.04373732158,16.4913422784,22.2279620705,0.435467938483,0.245173116704
8,2,2,2,0.392634779699,0.436189872604,0.043555092905,16.4106626054,22.1438098692,0.435467938483,0.245173116704
8,2,2,3,0.392634779699,0.436189872604,0.043555092905,16.8200157834,22.673655481,0.435467938483,0.245173116704
8,2,2,4,0.392634779699,0.436189872604,0.043555092905,16.7217944432,22.5654450352,0.435467938483,0.245173116704
8,2,2,5,0.392634779699,0.436189872604,0.043555092905,16.7217944432,22.5654450352,0.435467938483,0.245173116704
8,2,8,0,0.555464506458,0.724917588188,0.16945308173,22.7617544279,22.9962165439,0.720259342125,0.245173116704
8,2,8,1,0.549162342646,0.724917588188,0.175755245543,23.540047934,23.7643379539,0.720259342125,0.245173116704
8,2,8,2,0.547462453551,0.724917588188,0.177455134637,23.82080734,24.0588606901,0.720259342125,0.245173116704
8,2,8,3,0.547999929326,0.724917588188,0.176917658862,24.9066149423,25.1545279677,0.720259342125,0.245173116704
8,2,8,4,0.547999929326,0.724917588188,0.176917658862,24.6074805126,24.8619531605,0.720259342125,0.245173116704
8,2,8,5,0.547999929326,0.724917588188,0.176917658862,24.6074805126,24.8619531605,0.720259342125,0.245173116704
8,2,32,0,0.560741453919,0.797634755257,0.236893301337,23.529197151,23.6661712169,0.77790750417,0.245173116704
8,2,32,1,0.539118407641,0.797634755257,0.258516347616,24.5596966328,24.6980784547,0.77790750417,0.245173116704
8,2,32,2,0.534881448592,0.797634755257,0.262753306665,25.1919715924,25.3368219461,0.77790750417,0.245173116704
8,2,32,3,0.537420824902,0.797634755257,0.260213930355,26.4211775145,26.5696972909,0.77790750417,0.245173116704
8,2,32,4,0.537420824902,0.797634755257,0.260213930355,26.008291883,26.1566482562,0.77790750417,0.245173116704
8,2,32,5,0.537420824902,0.797634755257,0.260213930355,26.008291883,26.1566482562,0.77790750417,0.245173116704
9,0,2,0,0.617871168897,0.664045896681,0.0461747277844,21.9171548919,29.734844228,0.663821288444,0.466127449046
9,0,2,1,0.618634341941,0.664045896681,0.0454115547404,23.0529535699,31.2332349746,0.663821288444,0.466127449046
9,0,2,2,0.618646449448,0.664045896681,0.0453994472332,23.197367693,31.445932257,0.663821288444,0.466127449046
9,0,2,3,0.618646449448,0.664045896681,0.0453994472332,23.1159550313,31.3394509895,0.663821288444,0.466127449046
9,0,2,4,0.618675089499,0.664045896681,0.0453708071823,23.22204834,31.4768874691,0.663821288444,0.466127449046
9,0,2,5,0.618675089499,0.664045896681,0.0453708071823,23.22204834,31.4768874691,0.663821288444,0.466127449046
9,0,8,0,0.815931587254,0.870657705631,0.0547261183766,30.1036126474,30.4349359501,0.870115061384,0.466127449046
9,0,8,1,0.805343363815,0.870657705631,0.0653143418161,34.2815779877,34.618289966,0.870115061384,0.466127449046
9,0,8,2,0.805447305858,0.870657705631,0.0652103997725,34.9621246916,35.314493967,0.870115061384,0.466127449046
9,0,8,3,0.805441591594,0.870657705631,0.0652161140369,34.858883938,35.2240895953,0.870115061384,0.466127449046
9,0,8,4,0.805441591594,0.870657705631,0.0652161140369,34.665393692,35.0359458117,0.870115061384,0.466127449046
9,0,8,5,0.805441591594,0.870657705631,0.0652161140369,34.665393692,35.0359458117,0.870115061384,0.466127449046
9,0,32,0,0.814867317717,0.917976789786,0.103109472069,30.5225518261,30.6793862088,0.916843644967,0.466127449046
9,0,32,1,0.803753004916,0.917976789786,0.11422378487,35.9525386413,36.1077327897,0.916843644967,0.466127449046
9,0,32,2,0.804505765909,0.917976789786,0.113471023877,36.9696908231,37.1409089101,0.916843644967,0.466127449046
9,0,32,3,0.804345667765,0.917976789786,0.113631122021,36.9078007917,37.0879978494,0.916843644967,0.466127449046
9,0,32,4,0.804505765909,0.917976789786,0.113471023877,36.6114540132,36.7980286156,0.916843644967,0.466127449046
9,0,32,5,0.804505765909,0.917976789786,0.113471023877,36.6114540132,36.7980286156,0.916843644967,0.466127449046
9,1,2,0,0.622044620762,0.664045896681,0.0420012759192,22.2472852262,30.1795208952,0.663906049445,0.466127449046
9,1,2,1,0.624471120198,0.664045896681,0.0395747764831,23.3630560595,31.6503166195,0.663906049445,0.466127449046
9,1,2,2,0.623717460691,0.664045896681,0.0403284359906,23.5065248115,31.8625711362,0.663906049445,0.466127449046
9,1,2,3,0.623852190595,0.664045896681,0.0401937060862,23.4501519407,31.7918928789,0.663906049445,0.466127449046
9,1,2,4,0.623852190595,0.664045896681,0.0401937060862,23.5661619303,31.9417479999,0.663906049445,0.466127449046
9,1,2,5,0.623852190595,0.664045896681,0.0401937060862,23.5661619303,31.9417479999,0.663906049445,0.466127449046
9,1,8,0,0.821128524253,0.870657705631,0.0495291813776,30.4503336715,30.7818353139,0.87041214331,0.466127449046
9,1,8,1,0.811349246344,0.870657705631,0.0593084592864,34.5508918014,34.8849935948,0.87041214331,0.466127449046
9,1,8,2,0.814609947698,0.870657705631,0.0560477579327,35.1961621807,35.5451498721,0.87041214331,0.466127449046
9,1,8,3,0.813013333248,0.870657705631,0.057644372383,35.1320387085,35.4938414256,0.87041214331,0.466127449046
9,1,8,4,0.813013333248,0.870657705631,0.057644372383,34.9206677388,35.2879578063,0.87041214331,0.466127449046
9,1,8,5,0.813013333248,0.870657705631,0.057644372383,34.9206677388,35.2879578063,0.87041214331,0.466127449046
9,1,32,0,0.807326376642,0.917976789786,0.110650413144,30.8314782262,31.0150985113,0.916004943917,0.466127449046
9,1,32,1,0.805847343736,0.917976789786,0.11212944605,36.1901159226,36.3697095617,0.916004943917,0.466127449046
9,1,32,2,0.80621400163,0.917976789786,0.111762788155,37.1518215579,37.3496257891,0.916004943917,0.466127449046
9,1,32,3,0.806214007173,0.917976789786,0.111762782612,37.1384922472,37.3464242433,0.916004943917,0.466127449046
9,1,32,4,0.806214007173,0.917976789786,0.111762782612,36.8217050388,37.0351619722,0.916004943917,0.466127449046
9,1,32,5,0.806214007173,0.917976789786,0.111762782612,36.8217050388,37.0351619722,0.916004943917,0.466127449046
9,2,2,0,0.623750184706,0.664045896681,0.0402957119752,23.5488619174,31.9072714501,0.66369735855,0.466127449046
9,2,2,1,0.626031734643,0.664045896681,0.0380141620381,24.6611176772,33.3753607059,0.66369735855,0.466127449046
9,2,2,2,0.626224147542,0.664045896681,0.0378217491391,24.8032741465,33.5849765403,0.66369735855,0.466127449046
9,2,2,3,0.626104990302,0.664045896681,0.0379409063793,24.6522712419,33.3812607222,0.66369735855,0.466127449046
9,2,2,4,0.626104990302,0.664045896681,0.0379409063793,24.7625583713,33.523964112,0.66369735855,0.466127449046
9,2,2,5,0.626104990302,0.664045896681,0.0379409063793,24.7625583713,33.523964112,0.66369735855,0.466127449046
9,2,8,0,0.815806432808,0.870657705631,0.0548512728231,32.3390074734,32.6586805538,0.868976206367,0.466127449046
9,2,8,1,0.808466862599,0.870657705631,0.0621908430315,36.5226228716,36.8481600233,0.868976206367,0.466127449046
9,2,8,2,0.80985968879,0.870657705631,0.0607980168411,37.1971416828,37.5356694308,0.868976206367,0.466127449046
9,2,8,3,0.809861795914,0.870657705631,0.0607959097171,37.09213374,37.4418508874,0.868976206367,0.466127449046
9,2,8,4,0.809861795914,0.870657705631,0.0607959097171,36.9421791506,37.2975568934,0.868976206367,0.466127449046
9,2,8,5,0.809861795914,0.870657705631,0.0607959097171,36.9421791506,37.2975568934,0.868976206367,0.466127449046
9,2,32,0,0.803573422166,0.917976789786,0.11440336762,32.8008844583,32.9490241551,0.911014251503,0.466127449046
9,2,32,1,0.796068775616,0.917976789786,0.12190801417,38.2677849093,38.4160720366,0.911014251503,0.466127449046
9,2,32,2,0.798623175365,0.917976789786,0.119353614421,39.2442443814,39.4007926685,0.911014251503,0.466127449046
9,2,32,3,0.798658800535,0.917976789786,0.119317989251,39.2019150777,39.3680857037,0.911014251503,0.466127449046
9,2,32,4,0.798658800535,0.917976789786,0.119317989251,38.9633162945,39.1356563973,0.911014251503,0.466127449046
9,2,32,5,0.798658800535,0.917976789786,0.119317989251,38.9633162945,39.1356563973,0.911014251503,0.466127449046
10,0,2,0,0.548798331064,0.600171298153,0.0513729670894,16.6221888407,21.3862209579,0.600072836402,0.403119587117
10,0,2,1,0.549328172495,0.600171298153,0.0508431256584,17.9499995489,23.0712030747,0.600072836402,0.403119587117
10,0,2,2,0.549347092248,0.600171298153,0.0508242059048,17.9996757373,23.1556683772,0.600072836402,0.403119587117
10,0,2,3,0.549347092248,0.600171298153,0.0508242059048,17.9138896281,23.0559397838,0.600072836402,0.403119587117
10,0,2,4,0.549347092248,0.600171298153,0.0508242059048,17.8644935076,22.9964808238,0.600072836402,0.403119587117
10,0,2,5,0.549347092248,0.600171298153,0.0508242059048,17.8644935076,22.9964808238,0.600072836402,0.403119587117
10,0,8,0,0.678087966184,0.818540421671,0.140452455488,22.8799785894,23.0947051203,0.817335929822,0.403119587117
10,0,8,1,0.678009006848,0.818540421671,0.140531414823,24.7233142319,24.9404468207,0.817335929822,0.403119587117
10,0,8,2,0.678049586529,0.818540421671,0.140490835142,25.0711121675,25.293813327,0.817335929822,0.403119587117
10,0,8,3,0.678049586529,0.818540421671,0.140490835142,24.8395525364,25.0707010497,0.817335929822,0.403119587117
10,0,8,4,0.678049586529,0.818540421671,0.140490835142,24.5981312894,24.8365200024,0.817335929822,0.403119587117
10,0,8,5,0.678049586529,0.818540421671,0.140490835142,24.5981312894,24.8365200024,0.817335929822,0.403119587117
10,0,32,0,0.636182315044,0.853023760517,0.216841445473,23.6401280079,23.7958282147,0.851747407717,0.403119587117
10,0,32,1,0.637288651333,0.853023760517,0.215735109184,25.8558934434,26.009470539,0.851747407717,0.403119587117
10,0,32,2,0.637599682703,0.853023760517,0.215424077814,26.2812245885,26.4428177642,0.851747407717,0.403119587117
10,0,32,3,0.637573562059,0.853023760517,0.215450198458,25.9846387898,26.1491114189,0.851747407717,0.403119587117
10,0,32,4,0.637496511123,0.853023760517,0.215527249394,25.6930761183,25.8606167166,0.851747407717,0.403119587117
10,0,32,5,0.637496511123,0.853023760517,0.215527249394,25.6930761183,25.8606167166,0.851747407717,0.403119587117
10,1,2,0,0.552788505286,0.600171298153,0.047382792867,17.6736161756,22.7262731953,0.599850213987,0.403119587117
10,1,2,1,0.553143513119,0.600171298153,0.0470277850345,19.1167352709,24.556229841,0.599850213987,0.403119587117
10,1,2,2,0.553143513119,0.600171298153,0.0470277850345,19.2039377523,24.6905560861,0.599850213987,0.403119587117
10,1,2,3,0.553120711869,0.600171298153,0.0470505862843,19.122406032,24.5964170479,0.599850213987,0.403119587117
10,1,2,4,0.553120711869,0.600171298153,0.0470505862843,19.0131017574,24.4595062045,0.599850213987,0.403119587117
10,1,2,5,0.553120711869,0.600171298153,0.0470505862843,19.0131017574,24.4595062045,0.599850213987,0.403119587117
10,1,8,0,0.678107859986,0.818540421671,0.140432561686,24.2938047716,24.5280335824,0.816385946249,0.403119587117
10,1,8,1,0.67805898885,0.818540421671,0.140481432821,26.3382031187,26.572686868,0.816385946249,0.403119587117
10,1,8,2,0.678075235043,0.818540421671,0.140465186629,26.7548661408,26.9952318737,0.816385946249,0.403119587117
10,1,8,3,0.677687945821,0.818540421671,0.14085247585,26.5307476082,26.7799722177,0.816385946249,0.403119587117
10,1,8,4,0.677687945821,0.818540421671,0.14085247585,26.1921479566,26.450744924,0.816385946249,0.403119587117
10,1,8,5,0.677687945821,0.818540421671,0.14085247585,26.1921479566,26.450744924,0.816385946249,0.403119587117
10,1,32,0,0.63724023062,0.853023760517,0.215783529897,25.1024526204,25.2760828808,0.836704650073,0.403119587117
10,1,32,1,0.636843989768,0.853023760517,0.216179770749,27.5961029148,27.7664888568,0.836704650073,0.403119587117
10,1,32,2,0.63804477851,0.853023760517,0.214978982007,28.1074189187,28.2857254047,0.836704650073,0.403119587117
10,1,32,3,0.637745618397,0.853023760517,0.21527814212,27.8078031502,27.9956914783,0.836704650073,0.403119587117
10,1,32,4,0.637745618397,0.853023760517,0.21527814212,27.4188116127,27.6148263182,0.836704650073,0.403119587117
10,1,32,5,0.637745618397,0.853023760517,0.21527814212,27.4188116127,27.6148263182,0.836704650073,0.403119587117
10,2,2,0,0.553103997943,0.600171298153,0.0470673002105,17.0559976003,21.9421396213,0.599895313627,0.403119587117
10,2,2,1,0.553569335048,0.600171298153,0.0466019631051,18.4894674537,23.7591334047,0.599895313627,0.403119587117
10,2,2,2,0.553515055226,0.600171298153,0.046656242927,18.5242512621,23.8249637093,0.599895313627,0.403119587117
10,2,2,3,0.553515055226,0.600171298153,0.046656242927,18.4379673337,23.7245678686,0.599895313627,0.403119587117
10,2,2,4,0.553515055226,0.600171298153,0.046656242927,18.4056589008,23.6877325166,0.599895313627,0.403119587117
10,2,2,5,0.553515055226,0.600171298153,0.046656242927,18.4056589008,23.6877325166,0.599895313627,0.403119587117
10,2,8,0,0.678381050303,0.818540421671,0.140159371368,23.3339595525,23.5650807348,0.817372503456,0.403119587117
10,2,8,1,0.678101034844,0.818540421671,0.140439386828,25.5205294834,25.7526303441,0.817372503456,0.403119587117
10,2,8,2,0.678118394449,0.818540421671,0.140422027223,25.8803659893,26.1181859331,0.817372503456,0.403119587117
10,2,8,3,0.678118394449,0.818540421671,0.140422027223,25.6420692403,25.8882748565,0.817372503456,0.403119587117
10,2,8,4,0.678118394449,0.818540421671,0.140422027223,25.4284843978,25.6826707053,0.817372503456,0.403119587117
10,2,8,5,0.678118394449,0.818540421671,0.140422027223,25.4284843978,25.6826707053,0.817372503456,0.403119587117
10,2,32,0,0.6361810368,0.853023760517,0.216842723717,24.1634694242,24.3401214819,0.84415153407,0.403119587117
10,2,32,1,0.637313205259,0.853023760517,0.215710555258,26.8415085685,27.0169825315,0.84415153407,0.403119587117
10,2,32,2,0.637597616158,0.853023760517,0.215426144359,27.3141170015,27.4930785331,0.84415153407,0.403119587117
10,2,32,3,0.637492866981,0.853023760517,0.215530893536,27.006160687,27.1871138397,0.84415153407,0.403119587117
10,2,32,4,0.637492407752,0.853023760517,0.215531352765,26.7367539755,26.9231705898,0.84415153407,0.403119587117
10,2,32,5,0.637492407752,0.853023760517,0.215531352765,26.7367539755,26.9231705898,0.84415153407,0.403119587117
11,0,2,0,0.559292480854,0.585648661391,0.0263561805365,19.0014757663,26.0788504499,0.585405325351,0.378860919085
11,0,2,1,0.559626143666,0.585648661391,0.0260225177247,19.3651561625,26.5552131949,0.585405325351,0.378860919085
11,0,2,2,0.559669224576,0.585648661391,0.0259794368149,19.3718229568,26.587583238,0.585405325351,0.378860919085
11,0,2,3,0.559669224576,0.585648661391,0.0259794368149,19.3930453369,26.6571529661,0.585405325351,0.378860919085
11,0,2,4,0.559669224576,0.585648661391,0.0259794368149,19.3120255594,26.5495951394,0.585405325351,0.378860919085
11,0,2,5,0.559669224576,0.585648661391,0.0259794368149,19.3120255594,26.5495951394,0.585405325351,0.378860919085
11,0,8,0,0.737763363135,0.829872854492,0.0921094913569,27.8954848776,28.250571884,0.829700111191,0.378860919085
11,0,8,1,0.755254391888,0.829872854492,0.0746184626039,27.7551382404,28.0893526268,0.829700111191,0.378860919085
11,0,8,2,0.755767455027,0.829872854492,0.0741053994642,27.6202718287,27.9697968345,0.829700111191,0.378860919085
11,0,8,3,0.756192759553,0.829872854492,0.0736800949389,27.7468987944,28.1114892082,0.829700111191,0.378860919085
11,0,8,4,0.756192759553,0.829872854492,0.0736800949389,27.4686967942,27.8429185931,0.829700111191,0.378860919085
11,0,8,5,0.756192759553,0.829872854492,0.0736800949389,27.4686967942,27.8429185931,0.829700111191,0.378860919085
11,0,32,0,0.694601381814,0.871133152566,0.176531770753,28.9245043815,29.2514598203,0.870284833055,0.378860919085
11,0,32,1,0.713903412372,0.871133152566,0.157229740194,27.8292751456,28.1282657751,0.870284833055,0.378860919085
11,0,32,2,0.713817668261,0.871133152566,0.157315484305,28.1961110922,28.4962664471,0.870284833055,0.378860919085
11,0,32,3,0.713833941937,0.871133152566,0.157299210629,28.3739832455,28.6972603215,0.870284833055,0.378860919085
11,0,32,4,0.713817668261,0.871133152566,0.157315484305,28.0844200656,28.432570036,0.870284833055,0.378860919085
11,0,32,5,0.713817668261,0.871133152566,0.157315484305,28.0844200656,28.432570036,0.870284833055,0.378860919085
11,1,2,0,0.559680191775,0.585648661391,0.0259684696156,18.7646930919,25.74079059,0.585503477429,0.378860919085
11,1,2,1,0.560451376773,0.585648661391,0.0251972846179,19.2677040102,26.4111615926,0.585503477429,0.378860919085
11,1,2,2,0.560482696566,0.585648661391,0.0251659648245,19.2742666243,26.4432226456,0.585503477429,0.378860919085
11,1,2,3,0.560447367628,0.585648661391,0.0252012937627,19.2851882843,26.498329324,0.585503477429,0.378860919085
11,1,2,4,0.560447367628,0.585648661391,0.0252012937627,19.2114841318,26.4011488204,0.585503477429,0.378860919085
11,1,2,5,0.560447367628,0.585648661391,0.0252012937627,19.2114841318,26.4011488204,0.585503477429,0.378860919085
11,1,8,0,0.749189384347,0.829872854492,0.0806834701451,27.9955624731,28.3356535105,0.82967279821,0.378860919085
11,1,8,1,0.755041424409,0.829872854492,0.074831430083,28.0609159544,28.3860124188,0.82967279821,0.378860919085
11,1,8,2,0.749432027043,0.829872854492,0.0804408274484,27.9480875917,28.2881117504,0.82967279821,0.378860919085
11,1,8,3,0.748881586776,0.829872854492,0.080991267716,28.0456159169,28.3996630272,0.82967279821,0.378860919085
11,1,8,4,0.748881586776,0.829872854492,0.080991267716,27.7738418499,28.1380993353,0.82967279821,0.378860919085
11,1,8,5,0.748881586776,0.829872854492,0.080991267716,27.7738418499,28.1380993353,0.82967279821,0.378860919085
11,1,32,0,0.709781107723,0.871133152566,0.161352044843,29.0435749123,29.3755937508,0.870813673139,0.378860919085
11,1,32,1,0.723584441804,0.871133152566,0.147548710762,28.0973150841,28.4108671321,0.870813673139,0.378860919085
11,1,32,2,0.710197659409,0.871133152566,0.160935493157,28.4518220508,28.7668108731,0.870813673139,0.378860919085
11,1,32,3,0.715821033794,0.871133152566,0.155312118772,28.5985427322,28.931180901,0.870813673139,0.378860919085
11,1,32,4,0.715821033794,0.871133152566,0.155312118772,28.3217281313,28.6794711703,0.870813673139,0.378860919085
11,1,32,5,0.715821033794,0.871133152566,0.155312118772,28.3217281313,28.6794711703,0.870813673139,0.378860919085
11,2,2,0,0.560780870054,0.585648661391,0.0248677913368,18.1753721983,24.9492460504,0.585518159675,0.378860919085
11,2,2,1,0.560599320481,0.585648661391,0.0250493409103,18.858401079,25.8620157905,0.585518159675,0.378860919085
11,2,2,2,0.561147647423,0.585648661391,0.024501013968,18.8462521673,25.8686451291,0.585518159675,0.378860919085
11,2,2,3,0.561147647423,0.585648661391,0.024501013968,18.866368218,25.9352872018,0.585518159675,0.378860919085
11,2,2,4,0.561147647423,0.585648661391,0.024501013968,18.7844803522,25.8263411992,0.585518159675,0.378860919085
11,2,2,5,0.561147647423,0.585648661391,0.024501013968,18.7844803522,25.8263411992,0.585518159675,0.378860919085
11,2,8,0,0.743023320245,0.829872854492,0.0868495342464,27.0340736421,27.3504002355,0.829314606007,0.378860919085
11,2,8,1,0.76435908637,0.829872854492,0.065513768122,27.4756179372,27.7764660639,0.829314606007,0.378860919085
11,2,8,2,0.76446942325,0.829872854492,0.065403431242,27.3192685077,27.6344189917,0.829314606007,0.378860919085
11,2,8,3,0.76446942325,0.829872854492,0.065403431242,27.4576984213,27.7859967977,0.829314606007,0.378860919085
11,2,8,4,0.76446942325,0.829872854492,0.065403431242,27.1714729894,27.5084043873,0.829314606007,0.378860919085
11,2,8,5,0.76446942325,0.829872854492,0.065403431242,27.1714729894,27.5084043873,0.829314606007,0.378860919085
11,2,32,0,0.695460589537,0.871133152566,0.175672563029,28.0462276993,28.3477366115,0.8706307185,0.378860919085
11,2,32,1,0.723684422887,0.871133152566,0.147448729679,27.7169231964,28.0088263294,0.8706307185,0.378860919085
11,2,32,2,0.7168395453,0.871133152566,0.154293607266,28.1025052875,28.3917806881,0.8706307185,0.378860919085
11,2,32,3,0.716732382793,0.871133152566,0.154400769773,28.2988159995,28.6078251712,0.8706307185,0.378860919085
11,2,32,4,0.7168395453,0.871133152566,0.154293607266,27.9685059402,28.3003517282,0.8706307185,0.378860919085
11,2,32,5,0.7168395453,0.871133152566,0.154293607266,27.9685059402,28.3003517282,0.8706307185,0.378860919085
12,0,2,0,0.695425589544,0.717294947683,0.021869358139,20.7539500234,27.9339056018,0.716794429504,0.564428966057
12,0,2,1,0.694241610893,0.717294947683,0.0230533367905,21.6402733068,29.1165579237,0.716794429504,0.564428966057
12,0,2,2,0.69491763981,0.717294947683,0.0223773078731,21.7497625666,29.2627977414,0.716794429504,0.564428966057
12,0,2,3,0.69491763981,0.717294947683,0.0223773078731,21.6699383447,29.1601427277,0.716794429504,0.564428966057
12,0,2,4,0.69491763981,0.717294947683,0.0223773078731,21.7585669097,29.2731134175,0.716794429504,0.564428966057
12,0,2,5,0.69491763981,0.717294947683,0.0223773078731,21.7585669097,29.2731134175,0.716794429504,0.564428966057
12,0,8,0,0.823406211065,0.871459430953,0.0480532198876,28.1425636525,28.4305506093,0.871368440222,0.564428966057
12,0,8,1,0.823556771293,0.871459430953,0.0479026596602,30.6132537841,30.8981310161,0.871368440222,0.564428966057
12,0,8,2,0.823108619277,0.871459430953,0.0483508116765,30.8350527587,31.1291211604,0.871368440222,0.564428966057
12,0,8,3,0.823108619277,0.871459430953,0.0483508116765,30.7789719607,31.0738590396,0.871368440222,0.564428966057
12,0,8,4,0.823108619277,0.871459430953,0.0483508116765,30.7150536202,31.0108487153,0.871368440222,0.564428966057
12,0,8,5,0.823108619277,0.871459430953,0.0483508116765,30.7150536202,31.0108487153,0.871368440222,0.564428966057
12,0,32,0,0.804525115937,0.91377137327,0.109246257334,28.2871067832,28.513903129,0.913743627374,0.564428966057
12,0,32,1,0.766746351425,0.91377137327,0.147025021846,31.2141402605,31.4226191249,0.913743627374,0.564428966057
12,0,32,2,0.767055999069,0.91377137327,0.146715374201,31.3781776262,31.5878584559,0.913743627374,0.564428966057
12,0,32,3,0.769670021825,0.91377137327,0.144101351445,31.3297068722,31.5460454185,0.913743627374,0.564428966057
12,0,32,4,0.769670021825,0.91377137327,0.144101351445,31.2574297357,31.4749972026,0.913743627374,0.564428966057
12,0,32,5,0.769670021825,0.91377137327,0.144101351445,31.2574297357,31.4749972026,0.913743627374,0.564428966057
12,1,2,0,0.700001044336,0.717294947683,0.0172939033475,19.9537735962,26.8574431033,0.716812654604,0.564428966057
12,1,2,1,0.69951594881,0.717294947683,0.0177789988729,20.8380827395,28.0347182136,0.716812654604,0.564428966057
12,1,2,2,0.69877111928,0.717294947683,0.0185238284029,20.9459885981,28.1772535751,0.716812654604,0.564428966057
12,1,2,3,0.698671661743,0.717294947683,0.0186232859404,20.913492335,28.1343233418,0.716812654604,0.564428966057
12,1,2,4,0.698671661743,0.717294947683,0.0186232859404,20.9266949608,28.1515675934,0.716812654604,0.564428966057
12,1,2,5,0.698671661743,0.717294947683,0.0186232859404,20.9266949608,28.1515675934,0.716812654604,0.564428966057
12,1,8,0,0.82115367182,0.871459430953,0.0503057591328,26.9218823716,27.194035341,0.870026794519,0.564428966057
12,1,8,1,0.825639959342,0.871459430953,0.0458194716109,29.3254869041,29.5932221082,0.870026794519,0.564428966057
12,1,8,2,0.822365402699,0.871459430953,0.0490940282536,29.5702492753,29.8460186307,0.870026794519,0.564428966057
12,1,8,3,0.822739635424,0.871459430953,0.0487197955293,29.4997705176,29.7765212111,0.870026794519,0.564428966057
12,1,8,4,0.822739635424,0.871459430953,0.0487197955293,29.3355115882,29.6132453268,0.870026794519,0.564428966057
12,1,8,5,0.822739635424,0.871459430953,0.0487197955293,29.3355115882,29.6132453268,0.870026794519,0.564428966057
12,1,32,0,0.796436187563,0.91377137327,0.117335185707,27.018414652,27.2466797884,0.911384576429,0.564428966057
12,1,32,1,0.757288899735,0.91377137327,0.156482473535,29.8688715148,30.0951671426,0.911384576429,0.564428966057
12,1,32,2,0.769536531485,0.91377137327,0.144234841785,29.9839726398,30.2111925623,0.911384576429,0.564428966057
12,1,32,3,0.769139768985,0.91377137327,0.144631604285,29.9029971214,30.1367019484,0.911384576429,0.564428966057
12,1,32,4,0.769139768985,0.91377137327,0.144631604285,29.7238700398,29.9596036761,0.911384576429,0.564428966057
12,1,32,5,0.769139768985,0.91377137327,0.144631604285,29.7238700398,29.9596036761,0.911384576429,0.564428966057
12,2,2,0,0.694867477518,0.717294947683,0.022427470165,19.8946648094,26.7717871943,0.715934975647,0.564428966057
12,2,2,1,0.694827807955,0.717294947683,0.0224671397287,20.763910433,27.930491607,0.715934975647,0.564428966057
12,2,2,2,0.694958594049,0.717294947683,0.0223363536344,20.7813739993,27.953568486,0.715934975647,0.564428966057
12,2,2,3,0.694944404017,0.717294947683,0.0223505436667,20.6897133356,27.8354624391,0.715934975647,0.564428966057
12,2,2,4,0.694944404017,0.717294947683,0.0223505436667,20.7869553254,27.9594292581,0.715934975647,0.564428966057
12,2,2,5,0.694944404017,0.717294947683,0.0223505436667,20.7869553254,27.9594292581,0.715934975647,0.564428966057
12,2,8,0,0.824474677053,0.871459430953,0.0469847539005,26.9383704944,27.213886058,0.87105514257,0.564428966057
12,2,8,1,0.822403869095,0.871459430953,0.0490555618584,29.2896773532,29.5597521954,0.87105514257,0.564428966057
12,2,8,2,0.822986386387,0.871459430953,0.0484730445665,29.2994310148,29.5772312664,0.87105514257,0.564428966057
12,2,8,3,0.82347403975,0.871459430953,0.0479853912033,29.2208721759,29.4994233237,0.87105514257,0.564428966057
12,2,8,4,0.823474186883,0.871459430953,0.0479852440698,29.2034602559,29.4826958891,0.87105514257,0.564428966057
12,2,8,5,0.823474186883,0.871459430953,0.0479852440698,29.2034602559,29.4826958891,0.87105514257,0.564428966057
12,2,32,0,0.802885317665,0.91377137327,0.110886055606,27.1029879183,27.3214783359,0.9135678715,0.564428966057
12,2,32,1,0.767080815453,0.91377137327,0.146690557818,29.9238859083,30.132506015,0.9135678715,0.564428966057
12,2,32,2,0.76938651764,0.91377137327,0.14438485563,29.8421793387,30.0547384174,0.9135678715,0.564428966057
12,2,32,3,0.76938651764,0.91377137327,0.14438485563,29.7597244033,29.9784702815,0.9135678715,0.564428966057
12,2,32,4,0.769385420598,0.91377137327,0.144385952673,29.7385903968,29.959103634,0.9135678715,0.564428966057
12,2,32,5,0.769385420598,0.91377137327,0.144385952673,29.7385903968,29.959103634,0.9135678715,0.564428966057
13,0,2,0,0.406942151229,0.436882002468,0.0299398512385,15.9343590983,21.6123769801,0.436629169104,0.300696565712
13,0,2,1,0.406946670551,0.436882002468,0.0299353319169,15.9304318119,21.6096437385,0.436629169104,0.300696565712
13,0,2,2,0.406883331967,0.436882002468,0.029998670501,16.0003154039,21.7150812509,0.436629169104,0.300696565712
13,0,2,3,0.406883331967,0.436882002468,0.029998670501,16.3380030027,22.1734659738,0.436629169104,0.300696565712
13,0,2,4,0.406883331967,0.436882002468,0.029998670501,16.2318256512,22.0305692112,0.436629169104,0.300696565712
13,0,2,5,0.406883331967,0.436882002468,0.029998670501,16.2318256512,22.0305692112,0.436629169104,0.300696565712
13,0,8,0,0.542146560137,0.631711284977,0.08956472484,22.6855418717,22.8873220064,0.629832826473,0.300696565712
13,0,8,1,0.544183484689,0.631711284977,0.0875278002884,23.1880995823,23.3849606606,0.629832826473,0.300696565712
13,0,8,2,0.543853733276,0.631711284977,0.087857551701,23.4335878163,23.6359143125,0.629832826473,0.300696565712
13,0,8,3,0.543849251707,0.631711284977,0.0878620332699,24.1593089177,24.3659441513,0.629832826473,0.300696565712
13,0,8,4,0.54385008793,0.631711284977,0.0878611970476,23.7886117288,23.9975589728,0.629832826473,0.300696565712
13,0,8,5,0.54385008793,0.631711284977,0.0878611970476,23.7886117288,23.9975589728,0.629832826473,0.300696565712
13,0,32,0,0.547023021005,0.736815575001,0.189792553996,23.2683245669,23.3823767013,0.729632124377,0.300696565712
13,0,32,1,0.536764554494,0.736815575001,0.200051020507,23.5522374895,23.6588838801,0.729632124377,0.300696565712
13,0,32,2,0.551163605674,0.736815575001,0.185651969327,24.0560314691,24.1620886571,0.729632124377,0.300696565712
13,0,32,3,0.5371396434,0.736815575001,0.199675931601,24.9448693486,25.0567379936,0.729632124377,0.300696565712
13,0,32,4,0.537047041604,0.736815575001,0.199768533397,24.4874682625,24.600660728,0.729632124377,0.300696565712
13,0,32,5,0.537047041604,0.736815575001,0.199768533397,24.4874682625,24.600660728,0.729632124377,0.300696565712
13,1,2,0,0.403903417519,0.436882002468,0.0329785849484,16.4874873942,22.3338162575,0.436637149435,0.300696565712
13,1,2,1,0.402679308006,0.436882002468,0.0342026944621,16.4049491883,22.2215814991,0.436637149435,0.300696565712
13,1,2,2,0.40267949592,0.436882002468,0.0342025065473,16.4577422565,22.3031331052,0.436637149435,0.300696565712
13,1,2,3,0.402782476254,0.436882002468,0.034099526214,16.7967724403,22.7634126134,0.436637149435,0.300696565712
13,1,2,4,0.402782476254,0.436882002468,0.034099526214,16.6906331538,22.6209684492,0.436637149435,0.300696565712
13,1,2,5,0.402782476254,0.436882002468,0.034099526214,16.6906331538,22.6209684492,0.436637149435,0.300696565712
13,1,8,0,0.537995665548,0.631711284977,0.093715619429,23.285533496,23.4961785531,0.627935325947,0.300696565712
13,1,8,1,0.532393990997,0.631711284977,0.0993172939804,23.6593940591,23.8600860471,0.627935325947,0.300696565712
13,1,8,2,0.534148135554,0.631711284977,0.097563149423,23.6726360928,23.8809109104,0.627935325947,0.300696565712
13,1,8,3,0.533710394739,0.631711284977,0.0980008902379,24.6608892266,24.8733845824,0.627935325947,0.300696565712
13,1,8,4,0.533824995605,0.631711284977,0.0978862893723,24.2941419398,24.5091647998,0.627935325947,0.300696565712
13,1,8,5,0.533824995605,0.631711284977,0.0978862893723,24.2941419398,24.5091647998,0.627935325947,0.300696565712
13,1,32,0,0.54657442046,0.736815575001,0.190241154541,24.1693919591,24.2992661888,0.726263449943,0.300696565712
13,1,32,1,0.523023538103,0.736815575001,0.213792036898,24.7070145924,24.8318599641,0.726263449943,0.300696565712
13,1,32,2,0.52241687982,0.736815575001,0.214398695181,25.0010840969,25.1240931417,0.726263449943,0.300696565712
13,1,32,3,0.522220355173,0.736815575001,0.214595219828,26.1970873527,26.3246564639,0.726263449943,0.300696565712
13,1,32,4,0.522220355173,0.736815575001,0.214595219828,25.7257562612,25.8552630214,0.726263449943,0.300696565712
13,1,32,5,0.522220355173,0.736815575001,0.214595219828,25.7257562612,25.8552630214,0.726263449943,0.300696565712
13,2,2,0,0.402757796157,0.436882002468,0.0341242063107,15.7012328737,21.3037371204,0.43639609579,0.300696565712
13,2,2,1,0.402784866955,0.436882002468,0.0340971355127,15.6803938613,21.2764690724,0.43639609579,0.300696565712
13,2,2,2,0.402728412701,0.436882002468,0.0341535897667,15.6183907055,21.2090784573,0.43639609579,0.300696565712
13,2,2,3,0.402728412701,0.436882002468,0.0341535897667,15.956805886,21.668512304,0.43639609579,0.300696565712
13,2,2,4,0.402728412701,0.436882002468,0.0341535897667,15.8810147927,21.5675439936,0.43639609579,0.300696565712
13,2,2,5,0.402728412701,0.436882002468,0.0341535897667,15.8810147927,21.5675439936,0.43639609579,0.300696565712
13,2,8,0,0.535503153069,0.631711284977,0.0962081319083,22.3509161742,22.5428249963,0.629186736398,0.300696565712
13,2,8,1,0.540526309962,0.631711284977,0.0911849750155,22.7356546436,22.9211565084,0.629186736398,0.300696565712
13,2,8,2,0.54018169501,0.631711284977,0.091529589967,22.4719927798,22.6648286093,0.629186736398,0.300696565712
13,2,8,3,0.540135210722,0.631711284977,0.091576074255,23.5325900006,23.7284251708,0.629186736398,0.300696565712
13,2,8,4,0.540135210722,0.631711284977,0.091576074255,23.2284933731,23.427210899,0.629186736398,0.300696565712
13,2,8,5,0.540135210722,0.631711284977,0.091576074255,23.2284933731,23.427210899,0.629186736398,0.300696565712
13,2,32,0,0.546622605454,0.736815575001,0.190192969547,22.9436779844,23.0516894054,0.733401043701,0.300696565712
13,2,32,1,0.559471759923,0.736815575001,0.177343815078,23.2274361893,23.3227914435,0.733401043701,0.300696565712
13,2,32,2,0.559445997717,0.736815575001,0.177369577284,23.1357053679,23.2389722287,0.733401043701,0.300696565712
13,2,32,3,0.552869676718,0.736815575001,0.183945898283,24.3683426039,24.4711564423,0.733401043701,0.300696565712
13,2,32,4,0.552869676718,0.736815575001,0.183945898283,23.9997866239,24.1039230514,0.733401043701,0.300696565712
13,2,32,5,0.552869676718,0.736815575001,0.183945898283,23.9997866239,24.1039230514,0.733401043701,0.300696565712
14,0,2,0,0.440512514976,0.464714199235,0.0242016842592,19.8939220324,26.1792908307,0.464631048201,0.302737682806
14,0,2,1,0.439664435941,0.464714199235,0.0250497632942,19.9080820181,26.1781022068,0.464631048201,0.302737682806
14,0,2,2,0.441216164406,0.464714199235,0.0234980348294,19.924555495,26.2016801032,0.464631048201,0.302737682806
14,0,2,3,0.441014969726,0.464714199235,0.0236992295098,20.1925785825,26.5383711124,0.464631048201,0.302737682806
14,0,2,4,0.441014969726,0.464714199235,0.0236992295098,20.2743403695,26.6476431952,0.464631048201,0.302737682806
14,0,2,5,0.441014969726,0.464714199235,0.0236992295098,20.2743403695,26.6476431952,0.464631048201,0.302737682806
14,0,8,0,0.594929773337,0.712147600112,0.117217826775,27.5972579707,27.7860000654,0.711781004338,0.302737682806
14,0,8,1,0.602120066273,0.712147600112,0.110027533839,27.7627492992,27.9616135234,0.711781004338,0.302737682806
14,0,8,2,0.60064057393,0.712147600112,0.111507026182,27.5802628087,27.7849715664,0.711781004338,0.302737682806
14,0,8,3,0.60064057393,0.712147600112,0.111507026182,28.8018345765,29.0159889783,0.711781004338,0.302737682806
14,0,8,4,0.60064057393,0.712147600112,0.111507026182,28.7766944561,29.0073427204,0.711781004338,0.302737682806
14,0,8,5,0.60064057393,0.712147600112,0.111507026182,28.7766944561,29.0073427204,0.711781004338,0.302737682806
14,0,32,0,0.605917942501,0.819360333927,0.213442391426,28.8441620362,28.9718542182,0.817786157499,0.302737682806
14,0,32,1,0.603792191455,0.819360333927,0.215568142473,29.3806665077,29.5291182755,0.817786157499,0.302737682806
14,0,32,2,0.593669826273,0.819360333927,0.225690507655,29.3523596206,29.5018579904,0.817786157499,0.302737682806
14,0,32,3,0.593670493654,0.819360333927,0.225689840273,30.8667477654,31.028526356,0.817786157499,0.302737682806
14,0,32,4,0.593670493654,0.819360333927,0.225689840273,30.7299910892,30.9073823585,0.817786157499,0.302737682806
14,0,32,5,0.593670493654,0.819360333927,0.225689840273,30.7299910892,30.9073823585,0.817786157499,0.302737682806
14,1,2,0,0.43620166776,0.464714199235,0.0285125314755,20.008014157,26.3373360374,0.464436099383,0.302737682806
14,1,2,1,0.436766056079,0.464714199235,0.0279481431564,20.0248780914,26.3426866612,0.464436099383,0.302737682806
14,1,2,2,0.437710757907,0.464714199235,0.0270034413281,19.9306182879,26.2253100795,0.464436099383,0.302737682806
14,1,2,3,0.437891313413,0.464714199235,0.0268228858221,20.2663651781,26.6437777645,0.464436099383,0.302737682806
14,1,2,4,0.437891313413,0.464714199235,0.0268228858221,20.3174359385,26.7162632001,0.464436099383,0.302737682806
14,1,2,5,0.437891313413,0.464714199235,0.0268228858221,20.3174359385,26.7162632001,0.464436099383,0.302737682806
14,1,8,0,0.595125169405,0.712147600112,0.117022430707,27.9760523462,28.1665269745,0.712037998783,0.302737682806
14,1,8,1,0.585458912871,0.712147600112,0.126688687241,28.1715870498,28.378287794,0.712037998783,0.302737682806
14,1,8,2,0.585466556789,0.712147600112,0.126681043323,27.7850724142,28.0007364936,0.712037998783,0.302737682806
14,1,8,3,0.585466556789,0.712147600112,0.126681043323,29.1648047166,29.389952837,0.712037998783,0.302737682806
14,1,8,4,0.585466556789,0.712147600112,0.126681043323,29.1718093417,29.4140584712,0.712037998783,0.302737682806
14,1,8,5,0.585466556789,0.712147600112,0.126681043323,29.1718093417,29.4140584712,0.712037998783,0.302737682806
14,1,32,0,0.575874220388,0.819360333927,0.243486113539,29.3536905186,29.455850853,0.819212036876,0.302737682806
14,1,32,1,0.568354892894,0.819360333927,0.251005441034,29.9396321072,30.0706506345,0.819212036876,0.302737682806
14,1,32,2,0.568047277915,0.819360333927,0.251313056013,29.6218335869,29.7528466207,0.819212036876,0.302737682806
14,1,32,3,0.568047277915,0.819360333927,0.251313056013,31.4493227504,31.593684179,0.819212036876,0.302737682806
14,1,32,4,0.568047277915,0.819360333927,0.251313056013,31.3423610939,31.5008271433,0.819212036876,0.302737682806
14,1,32,5,0.568047277915,0.819360333927,0.251313056013,31.3423610939,31.5008271433,0.819212036876,0.302737682806
14,2,2,0,0.440701991382,0.464714199235,0.0240122078537,20.1961779708,26.5448179097,0.46437220447,0.302737682806
14,2,2,1,0.441124968001,0.464714199235,0.0235892312346,20.1982167663,26.528178506,0.46437220447,0.302737682806
14,2,2,2,0.441164422036,0.464714199235,0.0235497771992,20.1191114367,26.4289505101,0.46437220447,0.302737682806
14,2,2,3,0.441164422036,0.464714199235,0.0235497771992,20.4019780701,26.7827950236,0.46437220447,0.302737682806
14,2,2,4,0.441164422036,0.464714199235,0.0235497771992,20.4537659353,26.8557377168,0.46437220447,0.302737682806
14,2,2,5,0.441164422036,0.464714199235,0.0235497771992,20.4537659353,26.8557377168,0.46437220447,0.302737682806
14,2,8,0,0.593576343157,0.712147600112,0.118571256956,28.0273959886,28.2160412488,0.71173711892,0.302737682806
14,2,8,1,0.591445003027,0.712147600112,0.120702597085,28.2142285684,28.416789296,0.71173711892,0.302737682806
14,2,8,2,0.589384241232,0.712147600112,0.12276335888,27.9151936661,28.1264277628,0.71173711892,0.302737682806
14,2,8,3,0.589384241232,0.712147600112,0.12276335888,29.2172344223,29.4371797984,0.71173711892,0.302737682806
14,2,8,4,0.589384241232,0.712147600112,0.12276335888,29.2013260723,29.4374653713,0.71173711892,0.302737682806
14,2,8,5,0.589384241232,0.712147600112,0.12276335888,29.2013260723,29.4374653713,0.71173711892,0.302737682806
14,2,32,0,0.604893831886,0.819360333927,0.214466502042,29.2828257674,29.4048698925,0.818838929836,0.302737682806
14,2,32,1,0.605310795533,0.819360333927,0.214049538394,29.9662256074,30.1115999362,0.818838929836,0.302737682806
14,2,32,2,0.604978534694,0.819360333927,0.214381799233,29.4381841912,29.5835937864,0.818838929836,0.302737682806
14,2,32,3,0.604979059681,0.819360333927,0.214381274246,31.5125847425,31.6685097724,0.818838929836,0.302737682806
14,2,32,4,0.604979059681,0.819360333927,0.214381274246,31.3718772997,31.5430731394,0.818838929836,0.302737682806
14,2,32,5,0.604979059681,0.819360333927,0.214381274246,31.3718772997,31.5430731394,0.818838929836,0.302737682806
15,0,2,0,0.562934698643,0.584070628841,0.0211359301984,14.6557589712,20.4849660253,0.583316809724,0.427703019893
15,0,2,1,0.562671085542,0.584070628841,0.0213995432991,14.9203691149,20.836686088,0.583316809724,0.427703019893
15,0,2,2,0.562671085542,0.584070628841,0.0213995432991,14.913121101,20.8085039286,0.583316809724,0.427703019893
15,0,2,3,0.562671085542,0.584070628841,0.0213995432991,14.8457910227,20.7298689284,0.583316809724,0.427703019893
15,0,2,4,0.562671085542,0.584070628841,0.0213995432991,14.9512016216,20.8746371695,0.583316809724,0.427703019893
15,0,2,5,0.562671085542,0.584070628841,0.0213995432991,14.9512016216,20.8746371695,0.583316809724,0.427703019893
15,0,8,0,0.672368410641,0.755150626344,0.082782215703,21.8801213353,22.1293644703,0.751506518774,0.427703019893
15,0,8,1,0.69324399847,0.755150626344,0.061906627874,22.2316022924,22.4917103374,0.751506518774,0.427703019893
15,0,8,2,0.69020848248,0.755150626344,0.0649421438638,22.2426690686,22.5123682947,0.751506518774,0.427703019893
15,0,8,3,0.69020848248,0.755150626344,0.0649421438638,22.1364744213,22.4137605485,0.751506518774,0.427703019893
15,0,8,4,0.69020848248,0.755150626344,0.0649421438638,22.2657111781,22.547286451,0.751506518774,0.427703019893
15,0,8,5,0.69020848248,0.755150626344,0.0649421438638,22.2657111781,22.547286451,0.751506518774,0.427703019893
15,0,32,0,0.686569731752,0.807339491116,0.120769759364,22.8223346661,22.9412840589,0.802226340843,0.427703019893
15,0,32,1,0.691159419746,0.807339491116,0.11618007137,23.4891046663,23.6043869995,0.802226340843,0.427703019893
15,0,32,2,0.691894510317,0.807339491116,0.115444980799,23.6280042207,23.756904132,0.802226340843,0.427703019893
15,0,32,3,0.691894510317,0.807339491116,0.115444980799,23.7019116095,23.8363754462,0.802226340843,0.427703019893
15,0,32,4,0.691894510317,0.807339491116,0.115444980799,23.7646871727,23.9066689151,0.802226340843,0.427703019893
15,0,32,5,0.691894510317,0.807339491116,0.115444980799,23.7646871727,23.9066689151,0.802226340843,0.427703019893
15,1,2,0,0.559725129401,0.584070628841,0.02434549944,15.0025750949,20.9454037888,0.582985239692,0.427703019893
15,1,2,1,0.56477998546,0.584070628841,0.0192906433806,15.4342081297,21.5263439296,0.582985239692,0.427703019893
15,1,2,2,0.565171174357,0.584070628841,0.0188994544839,15.4190990277,21.4874732184,0.582985239692,0.427703019893
15,1,2,3,0.564789643863,0.584070628841,0.0192809849778,15.3628796887,21.4228457943,0.582985239692,0.427703019893
15,1,2,4,0.564783556267,0.584070628841,0.0192870725738,15.4682952918,21.5679989807,0.582985239692,0.427703019893
15,1,2,5,0.564783556267,0.584070628841,0.0192870725738,15.4682952918,21.5679989807,0.582985239692,0.427703019893
15,1,8,0,0.66097594031,0.755150626344,0.0941746860343,22.4261743436,22.6959136657,0.752980951727,0.427703019893
15,1,8,1,0.669350741997,0.755150626344,0.0857998843466,23.0631036971,23.3460262233,0.752980951727,0.427703019893
15,1,8,2,0.667412581111,0.755150626344,0.0877380452331,23.0475903816,23.3402496722,0.752980951727,0.427703019893
15,1,8,3,0.667412581111,0.755150626344,0.0877380452329,23.0414428817,23.3421339249,0.752980951727,0.427703019893
15,1,8,4,0.667412581111,0.755150626344,0.0877380452331,23.0578400504,23.3621118823,0.752980951727,0.427703019893
15,1,8,5,0.667412581111,0.755150626344,0.0877380452331,23.0578400504,23.3621118823,0.752980951727,0.427703019893
15,1,32,0,0.677232892581,0.807339491116,0.130106598535,23.0876965551,23.2262878061,0.803438047762,0.427703019893
15,1,32,1,0.654343739601,0.807339491116,0.152995751515,23.9537965384,24.0853366362,0.803438047762,0.427703019893
15,1,32,2,0.657831777228,0.807339491116,0.149507713888,24.039756325,24.1884957345,0.803438047762,0.427703019893
15,1,32,3,0.657831777228,0.807339491116,0.149507713888,24.2155676793,24.3706262996,0.803438047762,0.427703019893
15,1,32,4,0.657831777228,0.807339491116,0.149507713888,24.157320672,24.3201799235,0.803438047762,0.427703019893
15,1,32,5,0.657831777228,0.807339491116,0.149507713888,24.157320672,24.3201799235,0.803438047762,0.427703019893
15,2,2,0,0.559075063541,0.584070628841,0.0249955653001,15.7591550429,21.9934288378,0.582959312562,0.427703019893
15,2,2,1,0.56087853198,0.584070628841,0.023192096861,15.6984600738,21.8890742456,0.582959312562,0.427703019893
15,2,2,2,0.560926350653,0.584070628841,0.0231442781882,15.702410312,21.8766520735,0.582959312562,0.427703019893
15,2,2,3,0.560877275144,0.584070628841,0.0231933536975,15.6492179169,21.8163451852,0.582959312562,0.427703019893
15,2,2,4,0.560877275144,0.584070628841,0.0231933536975,15.7546230897,21.9605521769,0.582959312562,0.427703019893
15,2,2,5,0.560877275144,0.584070628841,0.0231933536975,15.7546230897,21.9605521769,0.582959312562,0.427703019893
15,2,8,0,0.655494338947,0.755150626344,0.0996562873971,23.4159124746,23.6719482433,0.750519806873,0.427703019893
15,2,8,1,0.652046046452,0.755150626344,0.103104579893,23.21723336,23.4776722315,0.750519806873,0.427703019893
15,2,8,2,0.654890372502,0.755150626344,0.100260253843,23.2510586986,23.522517674,0.750519806873,0.427703019893
15,2,8,3,0.654567010053,0.755150626344,0.100583616291,23.1459320611,23.4249584283,0.750519806873,0.427703019893
15,2,8,4,0.654567010053,0.755150626344,0.100583616291,23.3039654787,23.5869819132,0.750519806873,0.427703019893
15,2,8,5,0.654567010053,0.755150626344,0.100583616291,23.3039654787,23.5869819132,0.750519806873,0.427703019893
15,2,32,0,0.653196021761,0.807339491116,0.154143469356,24.2538701602,24.3854916428,0.797631897312,0.427703019893
15,2,32,1,0.657653156059,0.807339491116,0.149686335057,24.4094804807,24.5257696006,0.797631897312,0.427703019893
15,2,32,2,0.657868097013,0.807339491116,0.149471394103,24.5879737476,24.7226928361,0.797631897312,0.427703019893
15,2,32,3,0.657868097013,0.807339491116,0.149471394103,24.6536609793,24.7932636223,0.797631897312,0.427703019893
15,2,32,4,0.657868097013,0.807339491116,0.149471394103,24.757599267,24.9040282938,0.797631897312,0.427703019893
15,2,32,5,0.657868097013,0.807339491116,0.149471394103,24.757599267,24.9040282938,0.797631897312,0.427703019893
16,0,2,0,0.559026256245,0.575414866437,0.0163886101925,16.4260122765,23.2324986693,0.574641776263,0.384544056848
16,0,2,1,0.559756058446,0.575414866437,0.0156588079914,16.423593068,23.2424738176,0.574641776263,0.384544056848
16,0,2,2,0.559752233195,0.575414866437,0.015662633242,16.7246959728,23.6732168677,0.574641776263,0.384544056848
16,0,2,3,0.559752233195,0.575414866437,0.015662633242,16.9995831325,24.0637889817,0.574641776263,0.384544056848
16,0,2,4,0.559752233195,0.575414866437,0.015662633242,16.8707584712,23.8996935308,0.574641776263,0.384544056848
16,0,2,5,0.559752233195,0.575414866437,0.015662633242,16.8707584712,23.8996935308,0.574641776263,0.384544056848
16,0,8,0,0.720511680648,0.753567664966,0.0330559843181,23.8886049561,24.1713271115,0.750653745729,0.384544056848
16,0,8,1,0.70785195585,0.753567664966,0.0457157091158,23.8538967407,24.1072322005,0.750653745729,0.384544056848
16,0,8,2,0.707496190896,0.753567664966,0.0460714740701,24.6504547614,24.9006665851,0.750653745729,0.384544056848
16,0,8,3,0.707506132883,0.753567664966,0.0460615320827,25.1156644459,25.3692223351,0.750653745729,0.384544056848
16,0,8,4,0.707506132883,0.753567664966,0.0460615320827,24.7819965234,25.0390325974,0.750653745729,0.384544056848
16,0,8,5,0.707506132883,0.753567664966,0.0460615320827,24.7819965234,25.0390325974,0.750653745729,0.384544056848
16,0,32,0,0.764227987491,0.859653930032,0.0954259425412,25.2310550295,25.3383495097,0.843901643696,0.384544056848
16,0,32,1,0.744397466532,0.859653930032,0.1152564635,25.4545210995,25.5485045756,0.843901643696,0.384544056848
16,0,32,2,0.75461583685,0.859653930032,0.105038093182,26.4341131779,26.5389890468,0.843901643696,0.384544056848
16,0,32,3,0.75461583685,0.859653930032,0.105038093182,27.057263792,27.1746688385,0.843901643696,0.384544056848
16,0,32,4,0.75461583685,0.859653930032,0.105038093182,26.5523295469,26.6768150305,0.843901643696,0.384544056848
16,0,32,5,0.75461583685,0.859653930032,0.105038093182,26.5523295469,26.6768150305,0.843901643696,0.384544056848
16,1,2,0,0.559167255001,0.575414866437,0.0162476114358,16.5928802855,23.4609700074,0.574550931125,0.384544056848
16,1,2,1,0.559585221764,0.575414866437,0.0158296446736,16.7433034086,23.6814947921,0.574550931125,0.384544056848
16,1,2,2,0.559571962436,0.575414866437,0.0158429040012,16.5395354865,23.4082053795,0.574550931125,0.384544056848
16,1,2,3,0.559582914405,0.575414866437,0.0158319520318,17.0336852852,24.1032803184,0.574550931125,0.384544056848
16,1,2,4,0.559582914405,0.575414866437,0.0158319520318,16.9080899651,23.9435086869,0.574550931125,0.384544056848
16,1,2,5,0.559582914405,0.575414866437,0.0158319520318,16.9080899651,23.9435086869,0.574550931125,0.384544056848
16,1,8,0,0.719287229484,0.753567664966,0.0342804354822,24.2627628582,24.5506202106,0.750325759047,0.384544056848
16,1,8,1,0.698533656193,0.753567664966,0.0550340087728,24.7203426664,24.9754563059,0.750325759047,0.384544056848
16,1,8,2,0.698543571008,0.753567664966,0.0550240939578,24.6257470543,24.8788015944,0.750325759047,0.384544056848
16,1,8,3,0.698543571008,0.753567664966,0.0550240939578,25.4434175284,25.6990374421,0.750325759047,0.384544056848
16,1,8,4,0.698543571008,0.753567664966,0.0550240939578,25.1148337198,25.373465442,0.750325759047,0.384544056848
16,1,8,5,0.698543571008,0.753567664966,0.0550240939578,25.1148337198,25.373465442,0.750325759047,0.384544056848
16,1,32,0,0.765641154443,0.859653930032,0.0940127755892,25.7732133533,25.8920298786,0.857437171174,0.384544056848
16,1,32,1,0.761297297021,0.859653930032,0.0983566330116,26.6453486988,26.7517221397,0.857437171174,0.384544056848
16,1,32,2,0.763898373555,0.859653930032,0.0957555564768,26.6472190281,26.7707455098,0.857437171174,0.384544056848
16,1,32,3,0.764744142523,0.859653930032,0.0949097875094,27.7231110268,27.8620859813,0.857437171174,0.384544056848
16,1,32,4,0.763898373555,0.859653930032,0.0957555564768,27.2020078927,27.3487260601,0.857437171174,0.384544056848
16,1,32,5,0.763898373555,0.859653930032,0.0957555564768,27.2020078927,27.3487260601,0.857437171174,0.384544056848
16,2,2,0,0.559945979073,0.575414866437,0.015468887364,17.3939386758,24.5604023626,0.575110021668,0.384544056848
16,2,2,1,0.560103328817,0.575414866437,0.0153115376203,17.2636102635,24.3890530663,0.575110021668,0.384544056848
16,2,2,2,0.560102607953,0.575414866437,0.015312258484,17.6033381165,24.8722651546,0.575110021668,0.384544056848
16,2,2,3,0.560102607953,0.575414866437,0.015312258484,18.0436301183,25.4925071687,0.575110021668,0.384544056848
16,2,2,4,0.560102607953,0.575414866437,0.015312258484,17.9240711603,25.341672488,0.575110021668,0.384544056848
16,2,2,5,0.560102607953,0.575414866437,0.015312258484,17.9240711603,25.341672488,0.575110021668,0.384544056848
16,2,8,0,0.721255817201,0.753567664966,0.0323118477649,25.105367893,25.3955119537,0.752880526197,0.384544056848
16,2,8,1,0.701607267226,0.753567664966,0.0519603977399,24.9771100085,25.2258480276,0.752880526197,0.384544056848
16,2,8,2,0.701916189428,0.753567664966,0.0516514755383,25.8370597149,26.0850988001,0.752880526197,0.384544056848
16,2,8,3,0.701916189428,0.753567664966,0.0516514755383,26.5749803846,26.8260852504,0.752880526197,0.384544056848
16,2,8,4,0.701916189428,0.753567664966,0.0516514755383,26.2596275767,26.5141668948,0.752880526197,0.384544056848
16,2,8,5,0.701916189428,0.753567664966,0.0516514755383,26.2596275767,26.5141668948,0.752880526197,0.384544056848
16,2,32,0,0.765152476572,0.859653930032,0.0945014534598,26.3780612122,26.5043710547,0.858910390122,0.384544056848
16,2,32,1,0.767622617864,0.859653930032,0.0920313121679,26.7410688777,26.8526836039,0.858910390122,0.384544056848
16,2,32,2,0.763962612549,0.859653930032,0.0956913174835,27.7353214205,27.8607183898,0.858910390122,0.384544056848
16,2,32,3,0.763962612549,0.859653930032,0.0956913174835,28.7196978645,28.8568351111,0.858910390122,0.384544056848
16,2,32,4,0.763962612549,0.859653930032,0.0956913174835,28.2188773306,28.363422152,0.858910390122,0.384544056848
16,2,32,5,0.763962612549,0.859653930032,0.0956913174835,28.2188773306,28.363422152,0.858910390122,0.384544056848
17,0,2,0,0.607053893354,0.626692960508,0.0196390671545,16.4206537012,22.1528509565,0.625867456295,0.48252303317
17,0,2,1,0.604518430158,0.626692960508,0.02217453035,16.8610581223,22.7507200902,0.625867456295,0.48252303317
17,0,2,2,0.606468128603,0.626692960508,0.0202248319058,16.8309549042,22.7241780079,0.625867456295,0.48252303317
17,0,2,3,0.606480249921,0.626692960508,0.0202127105871,16.7404153551,22.6059432691,0.625867456295,0.48252303317
17,0,2,4,0.606480249921,0.626692960508,0.0202127105871,16.8326556222,22.7370646674,0.625867456295,0.48252303317
17,0,2,5,0.606480249921,0.626692960508,0.0202127105871,16.8326556222,22.7370646674,0.625867456295,0.48252303317
17,0,8,0,0.712947465713,0.80745942008,0.0945119543672,23.1205225938,23.284495897,0.805913415155,0.48252303317
17,0,8,1,0.729934323188,0.80745942008,0.0775250968918,23.320534312,23.4642112507,0.805913415155,0.48252303317
17,0,8,2,0.736502293541,0.80745942008,0.0709571265386,23.338460071,23.4912128914,0.805913415155,0.48252303317
17,0,8,3,0.736565615016,0.80745942008,0.0708938050641,23.1010882064,23.2555367634,0.805913415155,0.48252303317
17,0,8,4,0.736565615016,0.80745942008,0.0708938050641,23.206614166,23.3618369905,0.805913415155,0.48252303317
17,0,8,5,0.736565615016,0.80745942008,0.0708938050641,23.206614166,23.3618369905,0.805913415155,0.48252303317
17,0,32,0,0.696202772062,0.868019094853,0.171816322791,23.3812011344,23.4558710189,0.866772347543,0.48252303317
17,0,32,1,0.729861375004,0.868019094853,0.138157719849,23.8242844438,23.8971670921,0.866772347543,0.48252303317
17,0,32,2,0.729861375093,0.868019094853,0.13815771976,23.7575430781,23.8255365685,0.866772347543,0.48252303317
17,0,32,3,0.729975330147,0.868019094853,0.138043764706,23.5316039376,23.599789521,0.866772347543,0.48252303317
17,0,32,4,0.729975330147,0.868019094853,0.138043764706,23.6164432749,23.685176393,0.866772347543,0.48252303317
17,0,32,5,0.729975330147,0.868019094853,0.138043764706,23.6164432749,23.685176393,0.866772347543,0.48252303317
17,1,2,0,0.602966927666,0.626692960508,0.023726032842,16.5504994566,22.3047920717,0.626077449799,0.48252303317
17,1,2,1,0.604645146805,0.626692960508,0.0220478137035,16.7147403043,22.5397163371,0.626077449799,0.48252303317
17,1,2,2,0.604915254014,0.626692960508,0.0217777064948,16.6816816238,22.5087717528,0.626077449799,0.48252303317
17,1,2,3,0.606704730517,0.626692960508,0.0199882299919,16.6488055915,22.4671778936,0.626077449799,0.48252303317
17,1,2,4,0.606704730517,0.626692960508,0.0199882299919,16.7400852821,22.596898733,0.626077449799,0.48252303317
17,1,2,5,0.606704730517,0.626692960508,0.0199882299919,16.7400852821,22.596898733,0.626077449799,0.48252303317
17,1,8,0,0.719407778428,0.80745942008,0.0880516416522,23.215078619,23.3901706247,0.806127956292,0.48252303317
17,1,8,1,0.738065405837,0.80745942008,0.0693940142431,23.3120912298,23.4678303969,0.806127956292,0.48252303317
17,1,8,2,0.744275825029,0.80745942008,0.0631835950506,23.2803301955,23.4445592554,0.806127956292,0.48252303317
17,1,8,3,0.744275825029,0.80745942008,0.0631835950506,23.2251663024,23.3912828403,0.806127956292,0.48252303317
17,1,8,4,0.744275825029,0.80745942008,0.0631835950506,23.2474796545,23.4141312742,0.806127956292,0.48252303317
17,1,8,5,0.744275825029,0.80745942008,0.0631835950506,23.2474796545,23.4141312742,0.806127956292,0.48252303317
17,1,32,0,0.700049063938,0.868019094853,0.167970030915,23.514049573,23.581732065,0.864627123764,0.48252303317
17,1,32,1,0.73891507924,0.868019094853,0.129104015613,23.931089639,23.9926168612,0.864627123764,0.48252303317
17,1,32,2,0.740817700628,0.868019094853,0.127201394225,23.8295725983,23.8877599947,0.864627123764,0.48252303317
17,1,32,3,0.740827180008,0.868019094853,0.127191914845,23.8331301453,23.8913347802,0.864627123764,0.48252303317
17,1,32,4,0.740827180008,0.868019094853,0.127191914845,23.8452521422,23.903524307,0.864627123764,0.48252303317
17,1,32,5,0.740827180008,0.868019094853,0.127191914845,23.8452521422,23.903524307,0.864627123764,0.48252303317
17,2,2,0,0.606052722107,0.626692960508,0.0206402384014,14.959244995,20.206599122,0.625224014847,0.48252303317
17,2,2,1,0.603560058594,0.626692960508,0.0231329019143,15.2347000909,20.5873662103,0.625224014847,0.48252303317
17,2,2,2,0.603799840022,0.626692960508,0.0228931204867,15.414448294,20.8376783399,0.625224014847,0.48252303317
17,2,2,3,0.603810516892,0.626692960508,0.0228824436168,15.3815068591,20.7958991475,0.625224014847,0.48252303317
17,2,2,4,0.603810516892,0.626692960508,0.0228824436168,15.4740359957,20.927368261,0.625224014847,0.48252303317
17,2,2,5,0.603810516892,0.626692960508,0.0228824436168,15.4740359957,20.927368261,0.625224014847,0.48252303317
17,2,8,0,0.718636378756,0.80745942008,0.0888230413238,21.1868683826,21.3286595696,0.801965289231,0.48252303317
17,2,8,1,0.736098981865,0.80745942008,0.0713604382146,21.1011602013,21.2218854475,0.801965289231,0.48252303317
17,2,8,2,0.748753214971,0.80745942008,0.058706205109,21.3791880441,21.5144316582,0.801965289231,0.48252303317
17,2,8,3,0.748390048898,0.80745942008,0.0590693711823,21.3336624404,21.4698866929,0.801965289231,0.48252303317
17,2,8,4,0.748390048898,0.80745942008,0.0590693711823,21.3591401604,21.4962888767,0.801965289231,0.48252303317
17,2,8,5,0.748390048898,0.80745942008,0.0590693711823,21.3591401604,21.4962888767,0.801965289231,0.48252303317
17,2,32,0,0.695504644474,0.868019094853,0.172514450379,21.4840062257,21.5462148858,0.856688907294,0.48252303317
17,2,32,1,0.736940466856,0.868019094853,0.131078627997,21.6485819104,21.7198105774,0.856688907294,0.48252303317
17,2,32,2,0.736736546852,0.868019094853,0.131282548001,21.877479661,21.9429866617,0.856688907294,0.48252303317
17,2,32,3,0.738675167966,0.868019094853,0.129343926887,21.8702640245,21.9360899,0.856688907294,0.48252303317
17,2,32,4,0.738675167966,0.868019094853,0.129343926887,21.8675353917,21.9340092439,0.856688907294,0.48252303317
17,2,32,5,0.738675167966,0.868019094853,0.129343926887,21.8675353917,21.9340092439,0.856688907294,0.48252303317
18,0,2,0,0.447106843148,0.488576576286,0.0414697331375,16.6376941918,23.3576997183,0.488435720028,0.308452618901
18,0,2,1,0.446708378065,0.488576576286,0.041868198221,16.901736334,23.7487963065,0.488435720028,0.308452618901
18,0,2,2,0.446795593976,0.488576576286,0.04178098231,16.9798021664,23.8697196377,0.488435720028,0.308452618901
18,0,2,3,0.446798184068,0.488576576286,0.041778392218,16.9055754518,23.7628825201,0.488435720028,0.308452618901
18,0,2,4,0.446798184068,0.488576576286,0.041778392218,16.939708903,23.8122949984,0.488435720028,0.308452618901
18,0,2,5,0.446798184068,0.488576576286,0.041778392218,16.939708903,23.8122949984,0.488435720028,0.308452618901
18,0,8,0,0.687111316181,0.816141331302,0.129030015121,25.2480893633,25.4351067733,0.81570500255,0.308452618901
18,0,8,1,0.683151693666,0.816141331302,0.132989637636,26.5730562736,26.7691260948,0.81570500255,0.308452618901
18,0,8,2,0.679589325867,0.816141331302,0.136552005435,27.0484306228,27.2573568065,0.81570500255,0.308452618901
18,0,8,3,0.679589185406,0.816141331302,0.136552145896,26.9205022777,27.1336774935,0.81570500255,0.308452618901
18,0,8,4,0.679589185406,0.816141331302,0.136552145896,26.727602087,26.9449038066,0.81570500255,0.308452618901
18,0,8,5,0.679589185406,0.816141331302,0.136552145896,26.727602087,26.9449038066,0.81570500255,0.308452618901
18,0,32,0,0.747884038562,0.918521907891,0.170637869329,26.3064156364,26.4645080118,0.918109934623,0.308452618901
18,0,32,1,0.751019027058,0.918521907891,0.167502880833,27.2923462933,27.452106089,0.918109934623,0.308452618901
18,0,32,2,0.745914196494,0.918521907891,0.172607711397,28.0065174438,28.1812014179,0.918109934623,0.308452618901
18,0,32,3,0.745914196494,0.918521907891,0.172607711397,27.8257840516,28.0039541863,0.918109934623,0.308452618901
18,0,32,4,0.745914196494,0.918521907891,0.172607711397,27.5308432695,27.7184833942,0.918109934623,0.308452618901
18,0,32,5,0.745914196494,0.918521907891,0.172607711397,27.5308432695,27.7184833942,0.918109934623,0.308452618901
18,1,2,0,0.442410344956,0.488576576286,0.0461662313294,16.5649979194,23.2672842533,0.48845083771,0.308452618901
18,1,2,1,0.442962158882,0.488576576286,0.045614417404,16.8266394652,23.6535382068,0.48845083771,0.308452618901
18,1,2,2,0.442961110425,0.488576576286,0.0456154658602,17.2034544825,24.1919211319,0.48845083771,0.308452618901
18,1,2,3,0.442961110425,0.488576576286,0.0456154658602,17.193317448,24.1717173829,0.48845083771,0.308452618901
18,1,2,4,0.442961110425,0.488576576286,0.0456154658602,17.1339872871,24.0968237836,0.48845083771,0.308452618901
18,1,2,5,0.442961110425,0.488576576286,0.0456154658602,17.1339872871,24.0968237836,0.48845083771,0.308452618901
18,1,8,0,0.684136049768,0.816141331302,0.132005281535,25.0269288185,25.2146192024,0.815962089321,0.308452618901
18,1,8,1,0.678516972769,0.816141331302,0.137624358533,26.3859659294,26.5839929487,0.815962089321,0.308452618901
18,1,8,2,0.676630793097,0.816141331302,0.139510538205,27.5309359969,27.7363946781,0.815962089321,0.308452618901
18,1,8,3,0.676700023172,0.816141331302,0.139441308131,27.6441218893,27.854088892,0.815962089321,0.308452618901
18,1,8,4,0.676700023172,0.816141331302,0.139441308131,27.3112313264,27.5241461169,0.815962089321,0.308452618901
18,1,8,5,0.676700023172,0.816141331302,0.139441308131,27.3112313264,27.5241461169,0.815962089321,0.308452618901
18,1,32,0,0.745981320497,0.918521907891,0.172540587394,26.1277963124,26.2915009655,0.916804772881,0.308452618901
18,1,32,1,0.755337767817,0.918521907891,0.163184140074,27.1699877506,27.3215531743,0.916804772881,0.308452618901
18,1,32,2,0.755337767817,0.918521907891,0.163184140074,28.533449531,28.7009791972,0.916804772881,0.308452618901
18,1,32,3,0.755337767817,0.918521907891,0.163184140074,28.7439399556,28.9133006731,0.916804772881,0.308452618901
18,1,32,4,0.755337767817,0.918521907891,0.163184140074,28.3098385474,28.4832016307,0.916804772881,0.308452618901
18,1,32,5,0.755337767817,0.918521907891,0.163184140074,28.3098385474,28.4832016307,0.916804772881,0.308452618901
18,2,2,0,0.445051357226,0.488576576286,0.0435252190597,17.1675066688,24.0891411158,0.488431961386,0.308452618901
18,2,2,1,0.444565075964,0.488576576286,0.0440115003221,17.4670990685,24.5279545729,0.488431961386,0.308452618901
18,2,2,2,0.444675960545,0.488576576286,0.0439006157411,17.548193649,24.6516600903,0.488431961386,0.308452618901
18,2,2,3,0.44468332643,0.488576576286,0.0438932498559,17.5310215797,24.6210762074,0.488431961386,0.308452618901
18,2,2,4,0.44468332643,0.488576576286,0.0438932498559,17.4620610425,24.5334762585,0.488431961386,0.308452618901
18,2,2,5,0.44468332643,0.488576576286,0.0438932498559,17.4620610425,24.5334762585,0.488431961386,0.308452618901
18,2,8,0,0.686696561192,0.816141331302,0.12944477011,25.9564431818,26.1465501953,0.815176408875,0.308452618901
18,2,8,1,0.684568534805,0.816141331302,0.131572796497,27.410165463,27.6086331245,0.815176408875,0.308452618901
18,2,8,2,0.679102491149,0.816141331302,0.137038840154,27.8861015784,28.0987736005,0.815176408875,0.308452618901
18,2,8,3,0.679102491149,0.816141331302,0.137038840154,27.7851981253,28.002475927,0.815176408875,0.308452618901
18,2,8,4,0.679102491149,0.816141331302,0.137038840154,27.4541627877,27.6760759003,0.815176408875,0.308452618901
18,2,8,5,0.679102491149,0.816141331302,0.137038840154,27.4541627877,27.6760759003,0.815176408875,0.308452618901
18,2,32,0,0.74755553534,0.918521907891,0.170966372551,27.196986077,27.3557593536,0.916082600071,0.308452618901
18,2,32,1,0.745914194426,0.918521907891,0.172607713465,28.3145868202,28.4697338135,0.916082600071,0.308452618901
18,2,32,2,0.74569453404,0.918521907891,0.172827373851,29.0023405545,29.1698976917,0.916082600071,0.308452618901
18,2,32,3,0.745914194426,0.918521907891,0.172607713465,28.9225905325,29.0913997412,0.916082600071,0.308452618901
18,2,32,4,0.745914194426,0.918521907891,0.172607713465,28.4857395902,28.6647463199,0.916082600071,0.308452618901
18,2,32,5,0.745914194426,0.918521907891,0.172607713465,28.4857395902,28.6647463199,0.916082600071,0.308452618901
19,0,2,0,0.625295672271,0.648430156359,0.0231344840874,21.0707627292,28.4332727629,0.64803475715,0.484226822041
19,0,2,1,0.625185319552,0.648430156359,0.023244836807,20.9388869223,28.2502967992,0.64803475715,0.484226822041
19,0,2,2,0.626132457455,0.648430156359,0.0222976989041,20.8949925904,28.1966869703,0.64803475715,0.484226822041
19,0,2,3,0.626132457455,0.648430156359,0.0222976989041,21.1278838885,28.5176405072,0.64803475715,0.484226822041
19,0,2,4,0.626132457455,0.648430156359,0.0222976989041,21.2044794712,28.6301091902,0.64803475715,0.484226822041
19,0,2,5,0.626132457455,0.648430156359,0.0222976989041,21.2044794712,28.6301091902,0.64803475715,0.484226822041
19,0,8,0,0.763166933497,0.842739862605,0.0795729291086,29.3565684774,29.6400033185,0.841285130178,0.484226822041
19,0,8,1,0.743910649336,0.842739862605,0.0988292132693,28.549285097,28.8381513042,0.841285130178,0.484226822041
19,0,8,2,0.743756642043,0.842739862605,0.0989832205629,28.7237457937,29.0143390824,0.841285130178,0.484226822041
19,0,8,3,0.744129135125,0.842739862605,0.0986107274809,29.3767745233,29.6760664884,0.841285130178,0.484226822041
19,0,8,4,0.744129135125,0.842739862605,0.0986107274809,29.5777925769,29.8834214249,0.841285130178,0.484226822041
19,0,8,5,0.744129135125,0.842739862605,0.0986107274809,29.5777925769,29.8834214249,0.841285130178,0.484226822041
19,0,32,0,0.810724048991,0.896446902403,0.0857228534125,29.9531616075,30.1621574994,0.893976656523,0.484226822041
19,0,32,1,0.762943920286,0.896446902403,0.133502982118,28.7172203518,28.9264753187,0.893976656523,0.484226822041
19,0,32,2,0.791746949327,0.896446902403,0.104699953076,29.0025368579,29.2074873362,0.893976656523,0.484226822041
19,0,32,3,0.791746949327,0.896446902403,0.104699953076,29.7980809791,30.0060028179,0.893976656523,0.484226822041
19,0,32,4,0.791746949327,0.896446902403,0.104699953076,30.0370159609,30.2468128873,0.893976656523,0.484226822041
19,0,32,5,0.791746949327,0.896446902403,0.104699953076,30.0370159609,30.2468128873,0.893976656523,0.484226822041
19,1,2,0,0.625349814746,0.648430156359,0.0230803416124,19.9292452451,26.9374793271,0.648351927662,0.484226822041
19,1,2,1,0.625413329098,0.648430156359,0.023016827261,19.8079552002,26.7674696861,0.648351927662,0.484226822041
19,1,2,2,0.62546315739,0.648430156359,0.0229669989686,19.7728382124,26.7270041666,0.648351927662,0.484226822041
19,1,2,3,0.625437551667,0.648430156359,0.022992604692,20.0007053374,27.0411163015,0.648351927662,0.484226822041
19,1,2,4,0.625437551667,0.648430156359,0.022992604692,20.0738254381,27.1484937741,0.648351927662,0.484226822041
19,1,2,5,0.625437551667,0.648430156359,0.022992604692,20.0738254381,27.1484937741,0.648351927662,0.484226822041
19,1,8,0,0.763785774961,0.842739862605,0.0789540876446,27.7110411762,28.0161110582,0.842540497868,0.484226822041
19,1,8,1,0.744283070441,0.842739862605,0.0984567921647,26.9036163719,27.2237256692,0.842540497868,0.484226822041
19,1,8,2,0.743963240338,0.842739862605,0.0987766222677,27.0909277484,27.4093417013,0.842540497868,0.484226822041
19,1,8,3,0.744128505404,0.842739862605,0.0986113572011,27.737673317,28.0642049066,0.842540497868,0.484226822041
19,1,8,4,0.744128505404,0.842739862605,0.0986113572011,27.9325433709,28.265031788,0.842540497868,0.484226822041
19,1,8,5,0.744128505404,0.842739862605,0.0986113572011,27.9325433709,28.265031788,0.842540497868,0.484226822041
19,1,32,0,0.817985206299,0.896446902403,0.0784616961049,28.3345915293,28.5047283516,0.896056531218,0.484226822041
19,1,32,1,0.765473672361,0.896446902403,0.130973230042,27.1121698264,27.28058806,0.896056531218,0.484226822041
19,1,32,2,0.791776487611,0.896446902403,0.104670414793,27.3672103075,27.5311967839,0.896056531218,0.484226822041
19,1,32,3,0.791776487611,0.896446902403,0.104670414793,28.1548147546,28.3217531848,0.896056531218,0.484226822041
19,1,32,4,0.791776487611,0.896446902403,0.104670414793,28.3892360076,28.5579141825,0.896056531218,0.484226822041
19,1,32,5,0.791776487611,0.896446902403,0.104670414793,28.3892360076,28.5579141825,0.896056531218,0.484226822041
19,2,2,0,0.627039202997,0.648430156359,0.0213909533613,19.3159265722,26.1198952181,0.64808094563,0.484226822041
19,2,2,1,0.624338647801,0.648430156359,0.0240915085581,19.1820665235,25.9362573265,0.64808094563,0.484226822041
19,2,2,2,0.626441171064,0.648430156359,0.0219889852948,19.138602259,25.8844926533,0.64808094563,0.484226822041
19,2,2,3,0.626441171064,0.648430156359,0.0219889852948,19.3831801061,26.2216508613,0.64808094563,0.484226822041
19,2,2,4,0.626441171064,0.648430156359,0.0219889852948,19.4582927078,26.3318681549,0.64808094563,0.484226822041
19,2,2,5,0.626441171064,0.648430156359,0.0219889852948,19.4582927078,26.3318681549,0.64808094563,0.484226822041
19,2,8,0,0.774608021156,0.842739862605,0.0681318414493,27.0443564802,27.353632203,0.842632274841,0.484226822041
19,2,8,1,0.746229249042,0.842739862605,0.0965106135636,26.155788836,26.4856810317,0.842632274841,0.484226822041
19,2,8,2,0.747400301718,0.842739862605,0.0953395608873,26.3376117093,26.6580237759,0.842632274841,0.484226822041
19,2,8,3,0.747400788494,0.842739862605,0.0953390741114,27.0407424697,27.3695983646,0.842632274841,0.484226822041
19,2,8,4,0.747400788494,0.842739862605,0.0953390741114,27.2467611218,27.5808481067,0.842632274841,0.484226822041
19,2,8,5,0.747400788494,0.842739862605,0.0953390741114,27.2467611218,27.5808481067,0.842632274841,0.484226822041
19,2,32,0,0.827426150495,0.896446902403,0.0690207519082,27.6994609726,27.9095047596,0.896253740691,0.484226822041
19,2,32,1,0.771835781035,0.896446902403,0.124611121368,26.3137898953,26.5161494054,0.896253740691,0.484226822041
19,2,32,2,0.78999109843,0.896446902403,0.106455803973,26.5947564263,26.7877730264,0.896253740691,0.484226822041
19,2,32,3,0.78999109843,0.896446902403,0.106455803973,27.4553332583,27.6512412879,0.896253740691,0.484226822041
19,2,32,4,0.78999109843,0.896446902403,0.106455803973,27.7010520473,27.8985376453,0.896253740691,0.484226822041
19,2,32,5,0.78999109843,0.896446902403,0.106455803973,27.7010520473,27.8985376453,0.896253740691,0.484226822041
