family,n_per_state,seed,k,model_contains,certified,accepted,advantage_accept,value_accept,false_accept,false_nearopt,updates,backups,bound,proposal_value,old_value,accepted_value,baseline,matched,gap,value_lower_difference,min_advantage,cumulative_backups,cumulative_menu_pairs,cumulative_gate_policy_evaluations,plugin_improvement,plugin_harm
fork1,200,0,2,True,False,False,False,False,False,False,2,3,0.224659446207,0.1919,0.11,0.11,0.11,0.1919,0,-0.0969825996571,-0.00968758591968,3,6,2,0.0864,False
fork1,200,0,8,True,False,True,False,True,False,False,2,3,0.736779535914,0.569532786305,0.11,0.569532786305,0.11,0.569532786305,0,0.162847803093,-0.0563834917481,6,12,4,0.454532786805,False
fork1,200,0,32,True,False,True,False,True,False,False,2,3,1.17419637732,0.965663161797,0.569532786305,0.965663161797,0.11,0.965663161797,0,0.0121111003549,-4.41848573528e-09,9,18,6,0.850663161797,False
fork1,200,1,2,True,False,False,False,False,False,False,2,3,0.232718786948,0.1919,0.11,0.11,0.11,0.1919,0,-0.0956999379422,-0.0115722013258,3,6,2,0.0819,False
fork1,200,1,8,True,False,True,False,True,False,False,2,3,0.70532658423,0.569532786305,0.11,0.569532786305,0.11,0.569532786305,0,0.168109097123,-0.0511221980354,6,12,4,0.459532786305,False
fork1,200,1,32,True,False,True,False,True,False,False,2,3,1.12086677482,0.965663161797,0.569532786305,0.965663161797,0.11,0.965663161797,0,0.012111100881,-3.8923563114e-09,9,18,6,0.855663161797,False
fork1,200,2,2,True,False,False,False,False,False,False,2,3,0.232718786948,0.1919,0.11,0.11,0.11,0.1919,0,-0.0956999379422,-0.0115722013258,3,6,2,0.0819,False
fork1,200,2,8,True,False,True,False,True,False,False,2,3,0.70532658423,0.569532786305,0.11,0.569532786305,0.11,0.569532786305,0,0.168109097123,-0.0511221980354,6,12,4,0.459532786305,False
fork1,200,2,32,True,False,True,False,True,False,False,2,3,1.12086677482,0.965663161797,0.569532786305,0.965663161797,0.11,0.965663161797,0,0.012111100881,-3.8923563114e-09,9,18,6,0.855663161797,False
fork1,200,3,2,True,False,False,False,False,False,False,2,3,0.224884173327,0.1901,0.11,0.11,0.11,0.1919,0.0018,-0.0736323189056,-0.0409013294278,3,6,2,0.0846,False
fork1,200,3,8,True,False,True,False,True,False,False,2,3,0.669146654877,0.569532786305,0.11,0.569532786305,0.11,0.569532786305,0,0.173785378519,-0.0454459170418,6,12,4,0.464532785805,False
fork1,200,3,32,True,False,True,False,True,False,False,2,3,1.05952241291,0.965663161797,0.569532786305,0.965663161797,0.11,0.965663161797,0,0.0121111014487,-3.32472815528e-09,9,18,6,0.860663161797,False
fork1,200,4,2,True,False,False,False,False,False,False,2,3,0.195278328404,0.1901,0.11,0.11,0.11,0.1919,0.0018,-0.0605560116828,-0.028999868197,3,6,2,0.0936,False
fork1,200,4,8,True,False,True,False,True,False,False,2,3,0.575471659525,0.569532786305,0.11,0.569532786305,0.11,0.569532786305,0,0.187009224184,-0.0322220725522,6,12,4,0.474532784805,False
fork1,200,4,32,True,False,True,False,True,False,False,2,3,0.900693113934,0.965663161797,0.569532786305,0.965663161797,0.11,0.965663161797,0,0.012111102771,-2.00234357408e-09,9,18,6,0.870663161797,False
fork1,200,5,2,True,False,False,False,False,False,False,2,3,0.224659446207,0.1919,0.11,0.11,0.11,0.1919,0,-0.0969825996571,-0.00968758591968,3,6,2,0.0864,False
fork1,200,5,8,True,False,True,False,True,False,False,2,3,0.736779535914,0.569532786305,0.11,0.569532786305,0.11,0.569532786305,0,0.162847803093,-0.0563834917481,6,12,4,0.454532786805,False
fork1,200,5,32,True,False,True,False,True,False,False,2,3,1.17419637732,0.965663161797,0.569532786305,0.965663161797,0.11,0.965663161797,0,0.0121111003549,-4.41848573528e-09,9,18,6,0.850663161797,False
fork1,200,6,2,True,False,False,False,False,False,False,2,3,0.232718786948,0.1919,0.11,0.11,0.11,0.1919,0,-0.0956999379422,-0.0115722013258,3,6,2,0.0819,False
fork1,200,6,8,True,False,True,False,True,False,False,2,3,0.70532658423,0.569532786305,0.11,0.569532786305,0.11,0.569532786305,0,0.168109097123,-0.0511221980354,6,12,4,0.459532786305,False
fork1,200,6,32,True,False,True,False,True,False,False,2,3,1.12086677482,0.965663161797,0.569532786305,0.965663161797,0.11,0.965663161797,0,0.012111100881,-3.8923563114e-09,9,18,6,0.855663161797,False
fork1,200,7,2,True,False,False,False,False,False,False,2,3,0.173687276599,0.1901,0.11,0.11,0.11,0.1919,0.0018,-0.0520600621167,-0.0213521052458,3,6,2,0.0981,False
fork1,200,7,8,True,False,True,False,True,False,False,2,3,0.507156038651,0.569532786305,0.11,0.569532786305,0.11,0.569532786305,0,0.195506738573,-0.0237245590118,6,12,4,0.479532784305,False
fork1,200,7,32,True,False,True,False,True,False,False,2,3,0.784861539755,0.965663161797,0.569532786305,0.965663161797,0.11,0.965663161797,0,0.0121111036208,-1.15259213506e-09,9,18,6,0.875663161797,False
fork1,200,8,2,True,False,False,False,False,False,False,2,3,0.224659446207,0.1919,0.11,0.11,0.11,0.1919,0,-0.0969825996571,-0.00968758591968,3,6,2,0.0864,False
fork1,200,8,8,True,False,True,False,True,False,False,2,3,0.736779535914,0.569532786305,0.11,0.569532786305,0.11,0.569532786305,0,0.162847803093,-0.0563834917481,6,12,4,0.454532786805,False
fork1,200,8,32,True,False,True,False,True,False,False,2,3,1.17419637732,0.965663161797,0.569532786305,0.965663161797,0.11,0.965663161797,0,0.0121111003549,-4.41848573528e-09,9,18,6,0.850663161797,False
fork1,200,9,2,True,False,False,False,False,False,False,2,3,0.21150690776,0.1901,0.11,0.11,0.11,0.1919,0.0018,-0.0675239370464,-0.035307013036,3,6,2,0.0891,False
fork1,200,9,8,True,False,True,False,True,False,False,2,3,0.626820036837,0.569532786305,0.11,0.569532786305,0.11,0.569532786305,0,0.180001285514,-0.0392300105614,6,12,4,0.469532785305,False
fork1,200,9,32,True,False,True,False,True,False,False,2,3,0.987756120892,0.965663161797,0.569532786305,0.965663161797,0.11,0.965663161797,0,0.0121111020702,-2.70313744508e-09,9,18,6,0.865663161797,False
fork1,200,10,2,True,False,False,False,False,False,False,2,3,0.232718786948,0.1919,0.11,0.11,0.11,0.1919,0,-0.0956999379422,-0.0115722013258,3,6,2,0.0819,False
fork1,200,10,8,True,False,True,False,True,False,False,2,3,0.70532658423,0.569532786305,0.11,0.569532786305,0.11,0.569532786305,0,0.168109097123,-0.0511221980354,6,12,4,0.459532786305,False
fork1,200,10,32,True,False,True,False,True,False,False,2,3,1.12086677482,0.965663161797,0.569532786305,0.965663161797,0.11,0.965663161797,0,0.012111100881,-3.8923563114e-09,9,18,6,0.855663161797,False
fork1,200,11,2,True,False,False,False,False,False,False,2,3,0.215362019157,0.1919,0.11,0.11,0.11,0.1919,0,-0.0972148190436,-0.00746829866206,3,6,2,0.0909,False
fork1,200,11,8,True,False,True,False,True,False,False,2,3,0.764315094608,0.569532786305,0.11,0.569532786305,0.11,0.569532786305,0,0.157930421965,-0.0613008726311,6,12,4,0.449532787305,False
fork1,200,11,32,True,False,True,False,True,False,False,2,3,1.22088390015,0.965663161797,0.569532786305,0.965663161797,0.11,0.965663161797,0,0.0121110998632,-4.91022387275e-09,9,18,6,0.845663161797,False
fork1,200,12,2,True,False,False,False,False,False,False,2,3,0.232718786948,0.1919,0.11,0.11,0.11,0.1919,0,-0.0956999379422,-0.0115722013258,3,6,2,0.0819,False
fork1,200,12,8,True,False,True,False,True,False,False,2,3,0.70532658423,0.569532786305,0.11,0.569532786305,0.11,0.569532786305,0,0.168109097123,-0.0511221980354,6,12,4,0.459532786305,False
fork1,200,12,32,True,False,True,False,True,False,False,2,3,1.12086677482,0.965663161797,0.569532786305,0.965663161797,0.11,0.965663161797,0,0.012111100881,-3.8923563114e-09,9,18,6,0.855663161797,False
fork1,200,13,2,True,False,False,False,False,False,False,2,3,0.215362019157,0.1919,0.11,0.11,0.11,0.1919,0,-0.0972148190436,-0.00746829866206,3,6,2,0.0909,False
fork1,200,13,8,True,False,True,False,True,False,False,2,3,0.764315094608,0.569532786305,0.11,0.569532786305,0.11,0.569532786305,0,0.157930421965,-0.0613008726311,6,12,4,0.449532787305,False
fork1,200,13,32,True,False,True,False,True,False,False,2,3,1.22088390015,0.965663161797,0.569532786305,0.965663161797,0.11,0.965663161797,0,0.0121110998632,-4.91022387275e-09,9,18,6,0.845663161797,False
fork1,200,14,2,True,False,False,False,False,False,False,2,3,0.224659446207,0.1919,0.11,0.11,0.11,0.1919,0,-0.0969825996571,-0.00968758591968,3,6,2,0.0864,False
fork1,200,14,8,True,False,True,False,True,False,False,2,3,0.736779535914,0.569532786305,0.11,0.569532786305,0.11,0.569532786305,0,0.162847803093,-0.0563834917481,6,12,4,0.454532786805,False
fork1,200,14,32,True,False,True,False,True,False,False,2,3,1.17419637732,0.965663161797,0.569532786305,0.965663161797,0.11,0.965663161797,0,0.0121111003549,-4.41848573528e-09,9,18,6,0.850663161797,False
fork1,200,15,2,True,False,False,False,False,False,False,2,3,0.21150690776,0.1901,0.11,0.11,0.11,0.1919,0.0018,-0.0675239370464,-0.035307013036,3,6,2,0.0891,False
fork1,200,15,8,True,False,True,False,True,False,False,2,3,0.626820036837,0.569532786305,0.11,0.569532786305,0.11,0.569532786305,0,0.180001285514,-0.0392300105614,6,12,4,0.469532785305,False
fork1,200,15,32,True,False,True,False,True,False,False,2,3,0.987756120892,0.965663161797,0.569532786305,0.965663161797,0.11,0.965663161797,0,0.0121111020702,-2.70313744508e-09,9,18,6,0.865663161797,False
fork1,200,16,2,True,False,False,False,False,False,False,2,3,0.224884173327,0.1901,0.11,0.11,0.11,0.1919,0.0018,-0.0736323189056,-0.0409013294278,3,6,2,0.0846,False
fork1,200,16,8,True,False,True,False,True,False,False,2,3,0.669146654877,0.569532786305,0.11,0.569532786305,0.11,0.569532786305,0,0.173785378519,-0.0454459170418,6,12,4,0.464532785805,False
fork1,200,16,32,True,False,True,False,True,False,False,2,3,1.05952241291,0.965663161797,0.569532786305,0.965663161797,0.11,0.965663161797,0,0.0121111014487,-3.32472815528e-09,9,18,6,0.860663161797,False
fork1,200,17,2,True,False,False,False,False,False,False,2,3,0.224884173327,0.1901,0.11,0.11,0.11,0.1919,0.0018,-0.0736323189056,-0.0409013294278,3,6,2,0.0846,False
fork1,200,17,8,True,False,True,False,True,False,False,2,3,0.669146654877,0.569532786305,0.11,0.569532786305,0.11,0.569532786305,0,0.173785378519,-0.0454459170418,6,12,4,0.464532785805,False
fork1,200,17,32,True,False,True,False,True,False,False,2,3,1.05952241291,0.965663161797,0.569532786305,0.965663161797,0.11,0.965663161797,0,0.0121111014487,-3.32472815528e-09,9,18,6,0.860663161797,False
fork1,200,18,2,True,False,False,False,False,False,False,2,3,0.232718786948,0.1919,0.11,0.11,0.11,0.1919,0,-0.0956999379422,-0.0115722013258,3,6,2,0.0819,False
fork1,200,18,8,True,False,True,False,True,False,False,2,3,0.70532658423,0.569532786305,0.11,0.569532786305,0.11,0.569532786305,0,0.168109097123,-0.0511221980354,6,12,4,0.459532786305,False
fork1,200,18,32,True,False,True,False,True,False,False,2,3,1.12086677482,0.965663161797,0.569532786305,0.965663161797,0.11,0.965663161797,0,0.012111100881,-3.8923563114e-09,9,18,6,0.855663161797,False
fork1,200,19,2,True,False,False,False,False,False,False,2,3,0.215362019157,0.1919,0.11,0.11,0.11,0.1919,0,-0.0972148190436,-0.00746829866206,3,6,2,0.0909,False
fork1,200,19,8,True,False,True,False,True,False,False,2,3,0.764315094608,0.569532786305,0.11,0.569532786305,0.11,0.569532786305,0,0.157930421965,-0.0613008726311,6,12,4,0.449532787305,False
fork1,200,19,32,True,False,True,False,True,False,False,2,3,1.22088390015,0.965663161797,0.569532786305,0.965663161797,0.11,0.965663161797,0,0.0121110998632,-4.91022387275e-09,9,18,6,0.845663161797,False
fork1,200,20,2,True,False,False,False,False,False,False,2,3,0.224884173327,0.1901,0.11,0.11,0.11,0.1919,0.0018,-0.0736323189056,-0.0409013294278,3,6,2,0.0846,False
fork1,200,20,8,True,False,True,False,True,False,False,2,3,0.669146654877,0.569532786305,0.11,0.569532786305,0.11,0.569532786305,0,0.173785378519,-0.0454459170418,6,12,4,0.464532785805,False
fork1,200,20,32,True,False,True,False,True,False,False,2,3,1.05952241291,0.965663161797,0.569532786305,0.965663161797,0.11,0.965663161797,0,0.0121111014487,-3.32472815528e-09,9,18,6,0.860663161797,False
fork1,200,21,2,True,False,False,False,False,False,False,2,3,0.215362019157,0.1919,0.11,0.11,0.11,0.1919,0,-0.0972148190436,-0.00746829866206,3,6,2,0.0909,False
fork1,200,21,8,True,False,True,False,True,False,False,2,3,0.764315094608,0.569532786305,0.11,0.569532786305,0.11,0.569532786305,0,0.157930421965,-0.0613008726311,6,12,4,0.449532787305,False
fork1,200,21,32,True,False,True,False,True,False,False,2,3,1.22088390015,0.965663161797,0.569532786305,0.965663161797,0.11,0.965663161797,0,0.0121110998632,-4.91022387275e-09,9,18,6,0.845663161797,False
fork1,200,22,2,True,False,False,False,False,False,False,2,3,0.232718786948,0.1919,0.11,0.11,0.11,0.1919,0,-0.0956999379422,-0.0115722013258,3,6,2,0.0819,False
fork1,200,22,8,True,False,True,False,True,False,False,2,3,0.70532658423,0.569532786305,0.11,0.569532786305,0.11,0.569532786305,0,0.168109097123,-0.0511221980354,6,12,4,0.459532786305,False
fork1,200,22,32,True,False,True,False,True,False,False,2,3,1.12086677482,0.965663161797,0.569532786305,0.965663161797,0.11,0.965663161797,0,0.012111100881,-3.8923563114e-09,9,18,6,0.855663161797,False
fork1,200,23,2,True,False,False,False,False,False,False,2,3,0.215362019157,0.1919,0.11,0.11,0.11,0.1919,0,-0.0972148190436,-0.00746829866206,3,6,2,0.0909,False
fork1,200,23,8,True,False,True,False,True,False,False,2,3,0.764315094608,0.569532786305,0.11,0.569532786305,0.11,0.569532786305,0,0.157930421965,-0.0613008726311,6,12,4,0.449532787305,False
fork1,200,23,32,True,False,True,False,True,False,False,2,3,1.22088390015,0.965663161797,0.569532786305,0.965663161797,0.11,0.965663161797,0,0.0121110998632,-4.91022387275e-09,9,18,6,0.845663161797,False
fork1,200,24,2,True,False,False,False,False,False,False,2,3,0.21150690776,0.1901,0.11,0.11,0.11,0.1919,0.0018,-0.0675239370464,-0.035307013036,3,6,2,0.0891,False
fork1,200,24,8,True,False,True,False,True,False,False,2,3,0.626820036837,0.569532786305,0.11,0.569532786305,0.11,0.569532786305,0,0.180001285514,-0.0392300105614,6,12,4,0.469532785305,False
fork1,200,24,32,True,False,True,False,True,False,False,2,3,0.987756120892,0.965663161797,0.569532786305,0.965663161797,0.11,0.965663161797,0,0.0121111020702,-2.70313744508e-09,9,18,6,0.865663161797,False
fork1,200,25,2,True,False,False,False,False,False,False,2,3,0.21150690776,0.1901,0.11,0.11,0.11,0.1919,0.0018,-0.0675239370464,-0.035307013036,3,6,2,0.0891,False
fork1,200,25,8,True,False,True,False,True,False,False,2,3,0.626820036837,0.569532786305,0.11,0.569532786305,0.11,0.569532786305,0,0.180001285514,-0.0392300105614,6,12,4,0.469532785305,False
fork1,200,25,32,True,False,True,False,True,False,False,2,3,0.987756120892,0.965663161797,0.569532786305,0.965663161797,0.11,0.965663161797,0,0.0121111020702,-2.70313744508e-09,9,18,6,0.865663161797,False
fork1,200,26,2,True,False,False,False,False,False,False,2,3,0.21150690776,0.1901,0.11,0.11,0.11,0.1919,0.0018,-0.0675239370464,-0.035307013036,3,6,2,0.0891,False
fork1,200,26,8,True,False,True,False,True,False,False,2,3,0.626820036837,0.569532786305,0.11,0.569532786305,0.11,0.569532786305,0,0.180001285514,-0.0392300105614,6,12,4,0.469532785305,False
fork1,200,26,32,True,False,True,False,True,False,False,2,3,0.987756120892,0.965663161797,0.569532786305,0.965663161797,0.11,0.965663161797,0,0.0121111020702,-2.70313744508e-09,9,18,6,0.865663161797,False
fork1,200,27,2,True,False,False,False,False,False,False,2,3,0.232718786948,0.1919,0.11,0.11,0.11,0.1919,0,-0.0956999379422,-0.0115722013258,3,6,2,0.0819,False
fork1,200,27,8,True,False,True,False,True,False,False,2,3,0.70532658423,0.569532786305,0.11,0.569532786305,0.11,0.569532786305,0,0.168109097123,-0.0511221980354,6,12,4,0.459532786305,False
fork1,200,27,32,True,False,True,False,True,False,False,2,3,1.12086677482,0.965663161797,0.569532786305,0.965663161797,0.11,0.965663161797,0,0.012111100881,-3.8923563114e-09,9,18,6,0.855663161797,False
fork1,200,28,2,True,False,False,False,False,False,False,2,3,0.215362019157,0.1919,0.11,0.11,0.11,0.1919,0,-0.0972148190436,-0.00746829866206,3,6,2,0.0909,False
fork1,200,28,8,True,False,True,False,True,False,False,2,3,0.764315094608,0.569532786305,0.11,0.569532786305,0.11,0.569532786305,0,0.157930421965,-0.0613008726311,6,12,4,0.449532787305,False
fork1,200,28,32,True,False,True,False,True,False,False,2,3,1.22088390015,0.965663161797,0.569532786305,0.965663161797,0.11,0.965663161797,0,0.0121110998632,-4.91022387275e-09,9,18,6,0.845663161797,False
fork1,200,29,2,True,False,False,False,False,False,False,2,3,0.21150690776,0.1901,0.11,0.11,0.11,0.1919,0.0018,-0.0675239370464,-0.035307013036,3,6,2,0.0891,False
fork1,200,29,8,True,False,True,False,True,False,False,2,3,0.626820036837,0.569532786305,0.11,0.569532786305,0.11,0.569532786305,0,0.180001285514,-0.0392300105614,6,12,4,0.469532785305,False
fork1,200,29,32,True,False,True,False,True,False,False,2,3,0.987756120892,0.965663161797,0.569532786305,0.965663161797,0.11,0.965663161797,0,0.0121111020702,-2.70313744508e-09,9,18,6,0.865663161797,False
fork1,2000,0,2,True,False,True,True,True,False,False,2,3,0.0478939976818,0.1919,0.11,0.1919,0.11,0.1919,0,0.0424207850023,0.0024397530689,3,6,2,0.08235,False
fork1,2000,0,8,True,True,True,False,True,False,False,1,2,0.00741531776227,0.569532786305,0.1919,0.569532786305,0.11,0.569532786305,0,0.310994367337,-0.02672556639,5,10,4,0.459032786355,False
fork1,2000,0,32,True,True,True,True,True,False,False,1,2,0,0.965663161797,0.569532786305,0.965663161797,0.11,0.965663161797,0,0.324352224741,1.64376699309e-09,7,14,6,0.855163161797,False
fork1,2000,1,2,True,False,True,False,True,False,False,2,3,0.0431308050099,0.1901,0.11,0.1901,0.11,0.1919,0.0018,0.0549727754506,-0.0146038023407,3,6,2,0.0837,False
fork1,2000,1,8,True,True,True,False,True,False,False,1,2,0,0.569532786305,0.1901,0.569532786305,0.11,0.569532786305,0,0.333398232736,-0.000899297024552,5,10,4,0.463532785905,False
fork1,2000,1,32,True,True,True,True,True,False,False,1,2,0,0.965663161797,0.569532786305,0.965663161797,0.11,0.965663161797,0,0.324352225248,2.15107790064e-09,7,14,6,0.859663161797,False
fork1,2000,2,2,True,False,True,False,True,False,False,2,3,0.047720563161,0.1901,0.11,0.1901,0.11,0.1919,0.0018,0.0528590445612,-0.0166512418785,3,6,2,0.0819,False
fork1,2000,2,8,True,True,True,False,True,False,False,1,2,0,0.569532786305,0.1901,0.569532786305,0.11,0.569532786305,0,0.333170739615,-0.00112679007903,5,10,4,0.461532786105,False
fork1,2000,2,32,True,True,True,True,True,False,False,1,2,0,0.965663161797,0.569532786305,0.965663161797,0.11,0.965663161797,0,0.32435222502,1.92358461867e-09,7,14,6,0.857663161797,False
fork1,2000,3,2,True,False,True,True,True,False,False,2,3,0.0485927280345,0.1919,0.11,0.1919,0.11,0.1919,0,0.0421859736414,0.0020652016812,3,6,2,0.0819,False
fork1,2000,3,8,True,True,True,False,True,False,False,1,2,0.0039308224081,0.569532786305,0.1919,0.569532786305,0.11,0.569532786305,0,0.312050592942,-0.0256693407985,5,10,4,0.459532786305,False
fork1,2000,3,32,True,True,True,True,True,False,False,1,2,0,0.965663161797,0.569532786305,0.965663161797,0.11,0.965663161797,0,0.324352224796,1.69935781663e-09,7,14,6,0.855663161797,False
fork1,2000,4,2,True,False,True,False,True,False,False,2,3,0.0488490590576,0.1901,0.11,0.1901,0.11,0.1919,0.0018,0.0523364150489,-0.0171583658527,3,6,2,0.08145,False
fork1,2000,4,8,True,True,True,False,True,False,False,1,2,0,0.569532786305,0.1901,0.569532786305,0.11,0.569532786305,0,0.333114392548,-0.00118313713093,5,10,4,0.461032786155,False
fork1,2000,4,32,True,True,True,True,True,False,False,1,2,0,0.965663161797,0.569532786305,0.965663161797,0.11,0.965663161797,0,0.324352224964,1.86723751043e-09,7,14,6,0.857163161797,False
fork1,2000,5,2,True,False,True,True,True,False,False,2,3,0.0478939976818,0.1919,0.11,0.1919,0.11,0.1919,0,0.0424207850023,0.0024397530689,3,6,2,0.08235,False
fork1,2000,5,8,True,True,True,False,True,False,False,1,2,0.00741531776227,0.569532786305,0.1919,0.569532786305,0.11,0.569532786305,0,0.310994367337,-0.02672556639,5,10,4,0.459032786355,False
fork1,2000,5,32,True,True,True,True,True,False,False,1,2,0,0.965663161797,0.569532786305,0.965663161797,0.11,0.965663161797,0,0.324352224741,1.64376699309e-09,7,14,6,0.855163161797,False
fork1,2000,6,2,True,False,True,False,True,False,False,2,3,0.047720563161,0.1901,0.11,0.1901,0.11,0.1919,0.0018,0.0528590445612,-0.0166512418785,3,6,2,0.0819,False
fork1,2000,6,8,True,True,True,False,True,False,False,1,2,0,0.569532786305,0.1901,0.569532786305,0.11,0.569532786305,0,0.333170739615,-0.00112679007903,5,10,4,0.461532786105,False
fork1,2000,6,32,True,True,True,True,True,False,False,1,2,0,0.965663161797,0.569532786305,0.965663161797,0.11,0.965663161797,0,0.32435222502,1.92358461867e-09,7,14,6,0.857663161797,False
fork1,2000,7,2,True,False,True,True,True,False,False,2,3,0.0492849393785,0.1919,0.11,0.1919,0.11,0.1919,0,0.0419564956023,0.0016923188395,3,6,2,0.08145,False
fork1,2000,7,8,True,True,True,False,True,False,False,1,2,0.000425700447469,0.569532786305,0.1919,0.569532786305,0.11,0.569532786305,0,0.313110259136,-0.0246096746191,5,10,4,0.460032786255,False
fork1,2000,7,32,True,True,True,True,True,False,False,1,2,0,0.965663161797,0.569532786305,0.965663161797,0.11,0.965663161797,0,0.324352224852,1.75512972374e-09,7,14,6,0.856163161797,False
fork1,2000,8,2,True,True,True,True,True,False,False,0,1,0.0295603663163,0.1919,0.11,0.1919,0.11,0.1919,0,0.0431558249424,0.00357297838715,1,2,2,0.0837,False
fork1,2000,8,8,True,True,True,False,True,False,False,1,2,0.0177503400341,0.569532786305,0.1919,0.569532786305,0.11,0.569532786305,0,0.307845450683,-0.0298744830036,3,6,4,0.457532786505,False
fork1,2000,8,32,True,True,True,True,True,False,False,1,2,0,0.965663161797,0.569532786305,0.965663161797,0.11,0.965663161797,0,0.324352224575,1.47803453102e-09,5,10,6,0.853663161797,False
fork1,2000,9,2,True,False,True,True,True,False,False,2,3,0.0485927280345,0.1919,0.11,0.1919,0.11,0.1919,0,0.0421859736414,0.0020652016812,3,6,2,0.0819,False
fork1,2000,9,8,True,True,True,False,True,False,False,1,2,0.0039308224081,0.569532786305,0.1919,0.569532786305,0.11,0.569532786305,0,0.312050592942,-0.0256693407985,5,10,4,0.459532786305,False
fork1,2000,9,32,True,True,True,True,True,False,False,1,2,0,0.965663161797,0.569532786305,0.965663161797,0.11,0.965663161797,0,0.324352224796,1.69935781663e-09,7,14,6,0.855663161797,False
fork1,2000,10,2,True,False,True,False,True,False,False,2,3,0.047720563161,0.1901,0.11,0.1901,0.11,0.1919,0.0018,0.0528590445612,-0.0166512418785,3,6,2,0.0819,False
fork1,2000,10,8,True,True,True,False,True,False,False,1,2,0,0.569532786305,0.1901,0.569532786305,0.11,0.569532786305,0,0.333170739615,-0.00112679007903,5,10,4,0.461532786105,False
fork1,2000,10,32,True,True,True,True,True,False,False,1,2,0,0.965663161797,0.569532786305,0.965663161797,0.11,0.965663161797,0,0.32435222502,1.92358461867e-09,7,14,6,0.857663161797,False
fork1,2000,11,2,True,True,True,True,True,False,False,0,1,0.0281082535146,0.1919,0.11,0.1919,0.11,0.1919,0,0.043670101316,0.00433604182709,1,2,2,0.0846,False
fork1,2000,11,8,True,True,True,False,True,False,False,1,2,0.0245464076295,0.569532786305,0.1919,0.569532786305,0.11,0.569532786305,0,0.305761843635,-0.0319580900264,3,6,4,0.456532786605,False
fork1,2000,11,32,True,True,True,True,True,False,False,1,2,0,0.965663161797,0.569532786305,0.965663161797,0.11,0.965663161797,0,0.324352224465,1.36837099774e-09,5,10,6,0.852663161797,False
fork1,2000,12,2,True,False,True,False,True,False,False,2,3,0.0419630896137,0.1901,0.11,0.1901,0.11,0.1919,0.0018,0.055507420667,-0.0140868734917,3,6,2,0.08415,False
fork1,2000,12,8,True,True,True,False,True,False,False,1,2,0,0.569532786305,0.1901,0.569532786305,0.11,0.569532786305,0,0.333455669235,-0.000841860543204,5,10,4,0.464032785855,False
fork1,2000,12,32,True,True,True,True,True,False,False,1,2,0,0.965663161797,0.569532786305,0.965663161797,0.11,0.965663161797,0,0.324352225305,2.20851443943e-09,7,14,6,0.860163161797,False
fork1,2000,13,2,True,False,True,False,True,False,False,2,3,0.0465847374726,0.1901,0.11,0.1901,0.11,0.1919,0.0018,0.0533839192798,-0.0161422854564,3,6,2,0.08235,False
fork1,2000,13,8,True,True,True,False,True,False,False,1,2,0,0.569532786305,0.1901,0.569532786305,0.11,0.569532786305,0,0.333227290288,-0.00107023942202,5,10,4,0.462032786055,False
fork1,2000,13,32,True,True,True,True,True,False,False,1,2,0,0.965663161797,0.569532786305,0.965663161797,0.11,0.965663161797,0,0.324352225077,1.98013533224e-09,7,14,6,0.858163161797,False
fork1,2000,14,2,True,True,True,True,True,False,False,0,1,0.025888198014,0.1919,0.11,0.1919,0.11,0.1919,0,0.0444756864969,0.00549131171533,1,2,2,0.08595,False
fork1,2000,14,8,True,False,True,False,True,False,False,2,3,0.0346079778017,0.569532786305,0.1919,0.569532786305,0.11,0.569532786305,0,0.302658539722,-0.0350613939044,4,8,4,0.455032786755,False
fork1,2000,14,32,True,True,True,True,True,False,False,1,2,0,0.965663161797,0.569532786305,0.965663161797,0.11,0.965663161797,0,0.324352224302,1.20503920609e-09,6,12,6,0.851163161797,False
fork1,2000,15,2,True,False,True,True,True,False,False,2,3,0.0471889207194,0.1919,0.11,0.1919,0.11,0.1919,0,0.0426607860535,0.00281592765074,3,6,2,0.0828,False
fork1,2000,15,8,True,True,True,False,True,False,False,1,2,0.0108797319927,0.569532786305,0.1919,0.569532786305,0.11,0.569532786305,0,0.309941491331,-0.0277784423822,5,10,4,0.458532786405,False
fork1,2000,15,32,True,True,True,True,True,False,False,1,2,0,0.965663161797,0.569532786305,0.965663161797,0.11,0.965663161797,0,0.324352224685,1.58835246427e-09,7,14,6,0.854663161797,False
fork1,2000,16,2,True,True,True,True,True,False,False,0,1,0.0281082535146,0.1919,0.11,0.1919,0.11,0.1919,0,0.043670101316,0.00433604182709,1,2,2,0.0846,False
fork1,2000,16,8,True,True,True,False,True,False,False,1,2,0.0245464076295,0.569532786305,0.1919,0.569532786305,0.11,0.569532786305,0,0.305761843635,-0.0319580900264,3,6,4,0.456532786605,False
fork1,2000,16,32,True,True,True,True,True,False,False,1,2,0,0.965663161797,0.569532786305,0.965663161797,0.11,0.965663161797,0,0.324352224465,1.36837099774e-09,5,10,6,0.852663161797,False
fork1,2000,17,2,True,True,True,True,True,False,False,0,1,0.0295603663163,0.1919,0.11,0.1919,0.11,0.1919,0,0.0431558249424,0.00357297838715,1,2,2,0.0837,False
fork1,2000,17,8,True,True,True,False,True,False,False,1,2,0.0177503400341,0.569532786305,0.1919,0.569532786305,0.11,0.569532786305,0,0.307845450683,-0.0298744830036,3,6,4,0.457532786505,False
fork1,2000,17,32,True,True,True,True,True,False,False,1,2,0,0.965663161797,0.569532786305,0.965663161797,0.11,0.965663161797,0,0.324352224575,1.47803453102e-09,5,10,6,0.853663161797,False
fork1,2000,18,2,True,False,True,True,True,False,False,2,3,0.0471889207194,0.1919,0.11,0.1919,0.11,0.1919,0,0.0426607860535,0.00281592765074,3,6,2,0.0828,False
fork1,2000,18,8,True,True,True,False,True,False,False,1,2,0.0108797319927,0.569532786305,0.1919,0.569532786305,0.11,0.569532786305,0,0.309941491331,-0.0277784423822,5,10,4,0.458532786405,False
fork1,2000,18,32,True,True,True,True,True,False,False,1,2,0,0.965663161797,0.569532786305,0.965663161797,0.11,0.965663161797,0,0.324352224685,1.58835246427e-09,7,14,6,0.854663161797,False
fork1,2000,19,2,True,False,True,False,True,False,False,2,3,0.0407866581921,0.1901,0.11,0.1901,0.11,0.1919,0.0018,0.0560447370015,-0.0135677656363,3,6,2,0.0846,False
fork1,2000,19,8,True,True,True,False,True,False,False,1,2,0,0.569532786305,0.1901,0.569532786305,0.11,0.569532786305,0,0.333513347846,-0.000784181950283,5,10,4,0.464532785805,False
fork1,2000,19,32,True,True,True,True,True,False,False,1,2,0,0.965663161797,0.569532786305,0.965663161797,0.11,0.965663161797,0,0.324352225363,2.26619309003e-09,7,14,6,0.860663161797,False
fork1,2000,20,2,True,False,True,True,True,False,False,2,3,0.0485927280345,0.1919,0.11,0.1919,0.11,0.1919,0,0.0421859736414,0.0020652016812,3,6,2,0.0819,False
fork1,2000,20,8,True,True,True,False,True,False,False,1,2,0.0039308224081,0.569532786305,0.1919,0.569532786305,0.11,0.569532786305,0,0.312050592942,-0.0256693407985,5,10,4,0.459532786305,False
fork1,2000,20,32,True,True,True,True,True,False,False,1,2,0,0.965663161797,0.569532786305,0.965663161797,0.11,0.965663161797,0,0.324352224796,1.69935781663e-09,7,14,6,0.855663161797,False
fork1,2000,21,2,True,False,True,False,True,False,False,2,3,0.0419630896137,0.1901,0.11,0.1901,0.11,0.1919,0.0018,0.055507420667,-0.0140868734917,3,6,2,0.08415,False
fork1,2000,21,8,True,True,True,False,True,False,False,1,2,0,0.569532786305,0.1901,0.569532786305,0.11,0.569532786305,0,0.333455669235,-0.000841860543204,5,10,4,0.464032785855,False
fork1,2000,21,32,True,True,True,True,True,False,False,1,2,0,0.965663161797,0.569532786305,0.965663161797,0.11,0.965663161797,0,0.324352225305,2.20851443943e-09,7,14,6,0.860163161797,False
fork1,2000,22,2,True,False,True,False,True,False,False,2,3,0.047720563161,0.1901,0.11,0.1901,0.11,0.1919,0.0018,0.0528590445612,-0.0166512418785,3,6,2,0.0819,False
fork1,2000,22,8,True,True,True,False,True,False,False,1,2,0,0.569532786305,0.1901,0.569532786305,0.11,0.569532786305,0,0.333170739615,-0.00112679007903,5,10,4,0.461532786105,False
fork1,2000,22,32,True,True,True,True,True,False,False,1,2,0,0.965663161797,0.569532786305,0.965663161797,0.11,0.965663161797,0,0.32435222502,1.92358461867e-09,7,14,6,0.857663161797,False
fork1,2000,23,2,True,False,True,False,True,False,False,2,3,0.0384062353828,0.1901,0.11,0.1901,0.11,0.1919,0.0018,0.057127817012,-0.012522659934,3,6,2,0.0855,False
fork1,2000,23,8,True,True,True,False,True,False,False,1,2,0,0.569532786305,0.1901,0.569532786305,0.11,0.569532786305,0,0.333629470624,-0.000668059210592,5,10,4,0.465532785705,False
fork1,2000,23,32,True,True,True,True,True,False,False,1,2,0,0.965663161797,0.569532786305,0.965663161797,0.11,0.965663161797,0,0.324352225479,2.38231594584e-09,7,14,6,0.861663161797,False
fork1,2000,24,2,True,False,True,True,True,False,False,2,3,0.0499704482328,0.1919,0.11,0.1919,0.11,0.1919,0,0.0417325038436,0.00132115285571,3,6,2,0.081,False
fork1,2000,24,8,True,True,True,False,True,False,False,1,2,0,0.569532786305,0.1919,0.569532786305,0.11,0.569532786305,0,0.314173462755,-0.0235464710148,5,10,4,0.460532786205,False
fork1,2000,24,32,True,True,True,True,True,False,False,1,2,0,0.965663161797,0.569532786305,0.965663161797,0.11,0.965663161797,0,0.324352224908,1.81108781112e-09,7,14,6,0.856663161797,False
fork1,2000,25,2,True,False,True,False,True,False,False,2,3,0.0488490590576,0.1901,0.11,0.1901,0.11,0.1919,0.0018,0.0523364150489,-0.0171583658527,3,6,2,0.08145,False
fork1,2000,25,8,True,True,True,False,True,False,False,1,2,0,0.569532786305,0.1901,0.569532786305,0.11,0.569532786305,0,0.333114392548,-0.00118313713093,5,10,4,0.461032786155,False
fork1,2000,25,32,True,True,True,True,True,False,False,1,2,0,0.965663161797,0.569532786305,0.965663161797,0.11,0.965663161797,0,0.324352224964,1.86723751043e-09,7,14,6,0.857163161797,False
fork1,2000,26,2,True,False,True,True,True,False,False,2,3,0.0485927280345,0.1919,0.11,0.1919,0.11,0.1919,0,0.0421859736414,0.0020652016812,3,6,2,0.0819,False
fork1,2000,26,8,True,True,True,False,True,False,False,1,2,0.0039308224081,0.569532786305,0.1919,0.569532786305,0.11,0.569532786305,0,0.312050592942,-0.0256693407985,5,10,4,0.459532786305,False
fork1,2000,26,32,True,True,True,True,True,False,False,1,2,0,0.965663161797,0.569532786305,0.965663161797,0.11,0.965663161797,0,0.324352224796,1.69935781663e-09,7,14,6,0.855663161797,False
fork1,2000,27,2,True,False,True,False,True,False,False,2,3,0.0488490590576,0.1901,0.11,0.1901,0.11,0.1919,0.0018,0.0523364150489,-0.0171583658527,3,6,2,0.08145,False
fork1,2000,27,8,True,True,True,False,True,False,False,1,2,0,0.569532786305,0.1901,0.569532786305,0.11,0.569532786305,0,0.333114392548,-0.00118313713093,5,10,4,0.461032786155,False
fork1,2000,27,32,True,True,True,True,True,False,False,1,2,0,0.965663161797,0.569532786305,0.965663161797,0.11,0.965663161797,0,0.324352224964,1.86723751043e-09,7,14,6,0.857163161797,False
fork1,2000,28,2,True,False,True,False,True,False,False,2,3,0.0372014619743,0.1901,0.11,0.1901,0.11,0.1919,0.0018,0.0576738211157,-0.0119964665818,3,6,2,0.08595,False
fork1,2000,28,8,True,True,True,False,True,False,False,1,2,0,0.569532786305,0.1901,0.569532786305,0.11,0.569532786305,0,0.333687936513,-0.000609593341043,5,10,4,0.466032785655,False
fork1,2000,28,32,True,True,True,True,True,False,False,1,2,0,0.965663161797,0.569532786305,0.965663161797,0.11,0.965663161797,0,0.324352225538,2.44078187386e-09,7,14,6,0.862163161797,False
fork1,2000,29,2,True,False,True,True,True,False,False,2,3,0.0499704482328,0.1919,0.11,0.1919,0.11,0.1919,0,0.0417325038436,0.00132115285571,3,6,2,0.081,False
fork1,2000,29,8,True,True,True,False,True,False,False,1,2,0,0.569532786305,0.1919,0.569532786305,0.11,0.569532786305,0,0.314173462755,-0.0235464710148,5,10,4,0.460532786205,False
fork1,2000,29,32,True,True,True,True,True,False,False,1,2,0,0.965663161797,0.569532786305,0.965663161797,0.11,0.965663161797,0,0.324352224908,1.81108781112e-09,7,14,6,0.856663161797,False
fork1,20000,0,2,True,True,True,True,True,False,False,0,1,0.0166485189875,0.1919,0.11,0.1919,0.11,0.1919,0,0.0712867475557,0.0067104105926,1,2,2,0.08181,False
fork1,20000,0,8,True,True,True,False,True,False,False,1,2,0,0.569532786305,0.1919,0.569532786305,0.11,0.569532786305,0,0.361815743454,-0.00858506956103,3,6,4,0.459632786295,False
fork1,20000,0,32,True,True,True,True,True,False,False,1,2,0,0.965663161797,0.569532786305,0.965663161797,0.11,0.965663161797,0,0.379990989986,3.12935967353e-09,5,10,6,0.855763161797,False
fork1,20000,1,2,True,True,True,True,True,False,False,0,1,0.0163785189875,0.1919,0.11,0.1919,0.11,0.1919,0,0.0714014555388,0.00683886041338,1,2,2,0.081945,False
fork1,20000,1,8,True,True,True,False,True,False,False,1,2,0,0.569532786305,0.1919,0.569532786305,0.11,0.569532786305,0,0.361518462132,-0.00888235088084,3,6,4,0.45948278631,False
fork1,20000,1,32,True,True,True,True,True,False,False,1,2,0,0.965663161797,0.569532786305,0.965663161797,0.11,0.965663161797,0,0.379990989971,3.11371328746e-09,5,10,6,0.855613161797,False
fork1,20000,2,2,True,True,True,True,True,False,False,0,1,0.0152085189875,0.1919,0.11,0.1919,0.11,0.1919,0,0.0719002982636,0.00739602760378,1,2,2,0.08253,False
fork1,20000,2,8,True,True,True,False,True,False,False,1,2,0,0.569532786305,0.1919,0.569532786305,0.11,0.569532786305,0,0.360231403863,-0.0101694091441,3,6,4,0.458832786375,False
fork1,20000,2,32,True,True,True,True,True,False,False,1,2,0,0.965663161797,0.569532786305,0.965663161797,0.11,0.965663161797,0,0.379990989903,3.0459733753e-09,5,10,6,0.854963161797,False
fork1,20000,3,2,True,True,True,True,True,False,False,0,1,0.0176385189875,0.1919,0.11,0.1919,0.11,0.1919,0,0.0708674992915,0.00623984655248,1,2,2,0.081315,False
fork1,20000,3,8,True,True,True,False,True,False,False,1,2,0,0.569532786305,0.1919,0.569532786305,0.11,0.569532786305,0,0.362906656349,-0.00749415667045,3,6,4,0.46018278624,False
fork1,20000,3,32,True,True,True,True,True,False,False,1,2,0,0.965663161797,0.569532786305,0.965663161797,0.11,0.965663161797,0,0.379990990044,3.18677614448e-09,5,10,6,0.856313161797,False
fork1,20000,4,2,True,True,True,True,True,False,False,0,1,0.0174585189875,0.1919,0.11,0.1919,0.11,0.1919,0,0.0709435669101,0.00632535415373,1,2,2,0.081405,False
fork1,20000,4,8,True,True,True,False,True,False,False,1,2,0,0.569532786305,0.1919,0.569532786305,0.11,0.569532786305,0,0.362708204345,-0.00769260867425,3,6,4,0.46008278625,False
fork1,20000,4,32,True,True,True,True,True,False,False,1,2,0,0.965663161797,0.569532786305,0.965663161797,0.11,0.965663161797,0,0.379990990033,3.17633130162e-09,5,10,6,0.856213161797,False
fork1,20000,5,2,True,True,True,True,True,False,False,0,1,0.0139485189875,0.1919,0.11,0.1919,0.11,0.1919,0,0.0724406528117,0.00799702893255,1,2,2,0.08316,False
fork1,20000,5,8,True,True,True,False,True,False,False,1,2,0,0.569532786305,0.1919,0.569532786305,0.11,0.569532786305,0,0.358847394464,-0.0115534185375,3,6,4,0.458132786445,False
fork1,20000,5,32,True,True,True,True,True,False,False,1,2,0,0.965663161797,0.569532786305,0.965663161797,0.11,0.965663161797,0,0.37999098983,2.97313077181e-09,5,10,6,0.854263161797,False
fork1,20000,6,2,True,True,True,True,True,False,False,0,1,0.0153885189875,0.1919,0.11,0.1919,0.11,0.1919,0,0.071823367905,0.00731025200867,1,2,2,0.08244,False
fork1,20000,6,8,True,True,True,False,True,False,False,1,2,0,0.569532786305,0.1919,0.569532786305,0.11,0.569532786305,0,0.360429291615,-0.00997152139324,3,6,4,0.458932786365,False
fork1,20000,6,32,True,True,True,True,True,False,False,1,2,0,0.965663161797,0.569532786305,0.965663161797,0.11,0.965663161797,0,0.379990989913,3.05638852063e-09,5,10,6,0.855063161797,False
fork1,20000,7,2,True,True,True,True,True,False,False,0,1,0.0167385189875,0.1919,0.11,0.1919,0.11,0.1919,0,0.0712485462334,0.00666760475596,1,2,2,0.081765,False
fork1,20000,7,8,True,True,True,False,True,False,False,1,2,0,0.569532786305,0.1919,0.569532786305,0.11,0.569532786305,0,0.361914859904,-0.00848595311157,3,6,4,0.45968278629,False
fork1,20000,7,32,True,True,True,True,True,False,False,1,2,0,0.965663161797,0.569532786305,0.965663161797,0.11,0.965663161797,0,0.379990989991,3.13457632904e-09,5,10,6,0.855813161797,False
fork1,20000,8,2,True,True,True,True,True,False,False,0,1,0.0192585189875,0.1919,0.11,0.1919,0.11,0.1919,0,0.0701861701075,0.00547129688298,1,2,2,0.080505,False
fork1,20000,8,8,True,True,True,False,True,False,False,1,2,0,0.569532786305,0.1919,0.569532786305,0.11,0.569532786305,0,0.364694868933,-0.00570594409551,3,6,4,0.46108278615,False
fork1,20000,8,32,True,True,True,True,True,False,False,1,2,0,0.965663161797,0.569532786305,0.965663161797,0.11,0.965663161797,0,0.379990990138,3.28089260075e-09,5,10,6,0.857213161797,False
fork1,20000,9,2,True,True,True,True,True,False,False,0,1,0.0166485189875,0.1919,0.11,0.1919,0.11,0.1919,0,0.0712867475557,0.0067104105926,1,2,2,0.08181,False
fork1,20000,9,8,True,True,True,False,True,False,False,1,2,0,0.569532786305,0.1919,0.569532786305,0.11,0.569532786305,0,0.361815743454,-0.00858506956103,3,6,4,0.459632786295,False
fork1,20000,9,32,True,True,True,True,True,False,False,1,2,0,0.965663161797,0.569532786305,0.965663161797,0.11,0.965663161797,0,0.379990989986,3.12935967353e-09,5,10,6,0.855763161797,False
fork1,20000,10,2,True,True,True,True,True,False,False,0,1,0.0164685189875,0.1919,0.11,0.1919,0.11,0.1919,0,0.0713632022572,0.00679603843649,1,2,2,0.0819,False
fork1,20000,10,8,True,True,True,False,True,False,False,1,2,0,0.569532786305,0.1919,0.569532786305,0.11,0.569532786305,0,0.3616175446,-0.0087832684138,3,6,4,0.459532786305,False
fork1,20000,10,32,True,True,True,True,True,False,False,1,2,0,0.965663161797,0.569532786305,0.965663161797,0.11,0.965663161797,0,0.379990989976,3.11892815442e-09,5,10,6,0.855663161797,False
fork1,20000,11,2,True,True,True,True,True,False,False,0,1,0.0152985189875,0.1919,0.11,0.1919,0.11,0.1919,0,0.0718618247516,0.00735313721794,1,2,2,0.082485,False
fork1,20000,11,8,True,True,True,False,True,False,False,1,2,0,0.569532786305,0.1919,0.569532786305,0.11,0.569532786305,0,0.360330342289,-0.0100704707189,3,6,4,0.45888278637,False
fork1,20000,11,32,True,True,True,True,True,False,False,1,2,0,0.965663161797,0.569532786305,0.965663161797,0.11,0.965663161797,0,0.379990989908,3.05118066111e-09,5,10,6,0.855013161797,False
fork1,20000,12,2,True,True,True,True,True,False,False,0,1,0.0139485189875,0.1919,0.11,0.1919,0.11,0.1919,0,0.0724406528117,0.00799702893255,1,2,2,0.08316,False
fork1,20000,12,8,True,True,True,False,True,False,False,1,2,0,0.569532786305,0.1919,0.569532786305,0.11,0.569532786305,0,0.358847394464,-0.0115534185375,3,6,4,0.458132786445,False
fork1,20000,12,32,True,True,True,True,True,False,False,1,2,0,0.965663161797,0.569532786305,0.965663161797,0.11,0.965663161797,0,0.37999098983,2.97313077181e-09,5,10,6,0.854263161797,False
fork1,20000,13,2,True,True,True,True,True,False,False,0,1,0.0186285189875,0.1919,0.11,0.1919,0.11,0.1919,0,0.0704504208279,0.00576995654947,1,2,2,0.08082,False
fork1,20000,13,8,True,True,True,False,True,False,False,1,2,0,0.569532786305,0.1919,0.569532786305,0.11,0.569532786305,0,0.363998988228,-0.00640182479674,3,6,4,0.460732786185,False
fork1,20000,13,32,True,True,True,True,True,False,False,1,2,0,0.965663161797,0.569532786305,0.965663161797,0.11,0.965663161797,0,0.379990990101,3.24426729875e-09,5,10,6,0.856863161797,False
fork1,20000,14,2,True,True,True,True,True,False,False,0,1,0.0162885189875,0.1919,0.11,0.1919,0.11,0.1919,0,0.071439726043,0.00688168774014,1,2,2,0.08199,False
fork1,20000,14,8,True,True,True,False,True,False,False,1,2,0,0.569532786305,0.1919,0.569532786305,0.11,0.569532786305,0,0.361419390929,-0.00898142208381,3,6,4,0.459432786315,False
fork1,20000,14,32,True,True,True,True,True,False,False,1,2,0,0.965663161797,0.569532786305,0.965663161797,0.11,0.965663161797,0,0.379990989965,3.10849901334e-09,5,10,6,0.855563161797,False
fork1,20000,15,2,True,True,True,True,True,False,False,0,1,0.0162885189875,0.1919,0.11,0.1919,0.11,0.1919,0,0.071439726043,0.00688168774014,1,2,2,0.08199,False
fork1,20000,15,8,True,True,True,False,True,False,False,1,2,0,0.569532786305,0.1919,0.569532786305,0.11,0.569532786305,0,0.361419390929,-0.00898142208381,3,6,4,0.459432786315,False
fork1,20000,15,32,True,True,True,True,True,False,False,1,2,0,0.965663161797,0.569532786305,0.965663161797,0.11,0.965663161797,0,0.379990989965,3.10849901334e-09,5,10,6,0.855563161797,False
fork1,20000,16,2,True,True,True,True,True,False,False,0,1,0.0152985189875,0.1919,0.11,0.1919,0.11,0.1919,0,0.0718618247516,0.00735313721794,1,2,2,0.082485,False
fork1,20000,16,8,True,True,True,False,True,False,False,1,2,0,0.569532786305,0.1919,0.569532786305,0.11,0.569532786305,0,0.360330342289,-0.0100704707189,3,6,4,0.45888278637,False
fork1,20000,16,32,True,True,True,True,True,False,False,1,2,0,0.965663161797,0.569532786305,0.965663161797,0.11,0.965663161797,0,0.379990989908,3.05118066111e-09,5,10,6,0.855013161797,False
fork1,20000,17,2,True,True,True,True,True,False,False,0,1,0.0158385189875,0.1919,0.11,0.1919,0.11,0.1919,0,0.0716313352322,0.00709590410222,1,2,2,0.082215,False
fork1,20000,17,8,True,True,True,False,True,False,False,1,2,0,0.569532786305,0.1919,0.569532786305,0.11,0.569532786305,0,0.360924202782,-0.00947661022842,3,6,4,0.45918278634,False
fork1,20000,17,32,True,True,True,True,True,False,False,1,2,0,0.965663161797,0.569532786305,0.965663161797,0.11,0.965663161797,0,0.379990989939,3.08243647804e-09,5,10,6,0.855313161797,False
fork1,20000,18,2,True,True,True,True,True,False,False,0,1,0.0159285189875,0.1919,0.11,0.1919,0.11,0.1919,0,0.0715929793296,0.00705305024841,1,2,2,0.08217,False
fork1,20000,18,8,True,True,True,False,True,False,False,1,2,0,0.569532786305,0.1919,0.569532786305,0.11,0.569532786305,0,0.361023218132,-0.00937759487928,3,6,4,0.459232786335,False
fork1,20000,18,32,True,True,True,True,True,False,False,1,2,0,0.965663161797,0.569532786305,0.965663161797,0.11,0.965663161797,0,0.379990989944,3.08764781248e-09,5,10,6,0.855363161797,False
fork1,20000,19,2,True,True,True,True,True,False,False,0,1,0.0194385189875,0.1919,0.11,0.1919,0.11,0.1919,0,0.0701108394572,0.00538601822425,1,2,2,0.080415,False
fork1,20000,19,8,True,True,True,False,True,False,False,1,2,0,0.569532786305,0.1919,0.569532786305,0.11,0.569532786305,0,0.364893802864,-0.00550701016603,3,6,4,0.46118278614,False
fork1,20000,19,32,True,True,True,True,True,False,False,1,2,0,0.965663161797,0.569532786305,0.965663161797,0.11,0.965663161797,0,0.379990990148,3.29136280811e-09,5,10,6,0.857313161797,False
fork1,20000,20,2,True,True,True,True,True,False,False,0,1,0.0176385189875,0.1919,0.11,0.1919,0.11,0.1919,0,0.0708674992915,0.00623984655248,1,2,2,0.081315,False
fork1,20000,20,8,True,True,True,False,True,False,False,1,2,0,0.569532786305,0.1919,0.569532786305,0.11,0.569532786305,0,0.362906656349,-0.00749415667045,3,6,4,0.46018278624,False
fork1,20000,20,32,True,True,True,True,True,False,False,1,2,0,0.965663161797,0.569532786305,0.965663161797,0.11,0.965663161797,0,0.379990990044,3.18677614448e-09,5,10,6,0.856313161797,False
fork1,20000,21,2,True,True,True,True,True,False,False,0,1,0.0153885189875,0.1919,0.11,0.1919,0.11,0.1919,0,0.071823367905,0.00731025200867,1,2,2,0.08244,False
fork1,20000,21,8,True,True,True,False,True,False,False,1,2,0,0.569532786305,0.1919,0.569532786305,0.11,0.569532786305,0,0.360429291615,-0.00997152139324,3,6,4,0.458932786365,False
fork1,20000,21,32,True,True,True,True,True,False,False,1,2,0,0.965663161797,0.569532786305,0.965663161797,0.11,0.965663161797,0,0.379990989913,3.05638852063e-09,5,10,6,0.855063161797,False
fork1,20000,22,2,True,True,True,True,True,False,False,0,1,0.0149385189875,0.1919,0.11,0.1919,0.11,0.1919,0,0.072015818347,0.00752472968247,1,2,2,0.082665,False
fork1,20000,22,8,True,True,True,False,True,False,False,1,2,0,0.569532786305,0.1919,0.569532786305,0.11,0.569532786305,0,0.359934653698,-0.0104661593078,3,6,4,0.45868278639,False
fork1,20000,22,32,True,True,True,True,True,False,False,1,2,0,0.965663161797,0.569532786305,0.965663161797,0.11,0.965663161797,0,0.379990989887,3.03035494481e-09,5,10,6,0.854813161797,False
fork1,20000,23,2,True,True,True,True,True,False,False,0,1,0.0152985189875,0.1919,0.11,0.1919,0.11,0.1919,0,0.0718618247516,0.00735313721794,1,2,2,0.082485,False
fork1,20000,23,8,True,True,True,False,True,False,False,1,2,0,0.569532786305,0.1919,0.569532786305,0.11,0.569532786305,0,0.360330342289,-0.0100704707189,3,6,4,0.45888278637,False
fork1,20000,23,32,True,True,True,True,True,False,False,1,2,0,0.965663161797,0.569532786305,0.965663161797,0.11,0.965663161797,0,0.379990989908,3.05118066111e-09,5,10,6,0.855013161797,False
fork1,20000,24,2,True,True,True,True,True,False,False,0,1,0.0179085189875,0.1919,0.11,0.1919,0.11,0.1919,0,0.0707535324628,0.00611162696315,1,2,2,0.08118,False
fork1,20000,24,8,True,True,True,False,True,False,False,1,2,0,0.569532786305,0.1919,0.569532786305,0.11,0.569532786305,0,0.36320442238,-0.00719639064121,3,6,4,0.460332786225,False
fork1,20000,24,32,True,True,True,True,True,False,False,1,2,0,0.965663161797,0.569532786305,0.965663161797,0.11,0.965663161797,0,0.379990990059,3.20244804158e-09,5,10,6,0.856463161797,False
fork1,20000,25,2,True,True,True,True,True,False,False,0,1,0.0177285189875,0.1919,0.11,0.1919,0.11,0.1919,0,0.0708294923492,0.00619710109791,1,2,2,0.08127,False
fork1,20000,25,8,True,True,True,False,True,False,False,1,2,0,0.569532786305,0.1919,0.569532786305,0.11,0.569532786305,0,0.363005899922,-0.00739491309838,3,6,4,0.460232786235,False
fork1,20000,25,32,True,True,True,True,True,False,False,1,2,0,0.965663161797,0.569532786305,0.965663161797,0.11,0.965663161797,0,0.379990990049,3.19199949065e-09,5,10,6,0.856363161797,False
fork1,20000,26,2,True,True,True,True,True,False,False,0,1,0.0168285189875,0.1919,0.11,0.1919,0.11,0.1919,0,0.0712103623291,0.00662480432994,1,2,2,0.08172,False
fork1,20000,26,8,True,True,True,False,True,False,False,1,2,0,0.569532786305,0.1919,0.569532786305,0.11,0.569532786305,0,0.362013987745,-0.00838682527057,3,6,4,0.459732786285,False
fork1,20000,26,32,True,True,True,True,True,False,False,1,2,0,0.965663161797,0.569532786305,0.965663161797,0.11,0.965663161797,0,0.379990989997,3.13979358411e-09,5,10,6,0.855863161797,False
fork1,20000,27,2,True,True,True,True,True,False,False,0,1,0.0143085189875,0.1919,0.11,0.1919,0.11,0.1919,0,0.0722859403016,0.00782521316462,1,2,2,0.08298,False
fork1,20000,27,8,True,True,True,False,True,False,False,1,2,0,0.569532786305,0.1919,0.569532786305,0.11,0.569532786305,0,0.359242612812,-0.0111582001916,3,6,4,0.458332786425,False
fork1,20000,27,32,True,True,True,True,True,False,False,1,2,0,0.965663161797,0.569532786305,0.965663161797,0.11,0.965663161797,0,0.379990989851,2.99393173848e-09,5,10,6,0.854463161797,False
fork1,20000,28,2,True,True,True,True,True,False,False,0,1,0.0155685189875,0.1919,0.11,0.1919,0.11,0.1919,0,0.0717465043875,0.00722449717573,1,2,2,0.08235,False
fork1,20000,28,8,True,True,True,False,True,False,False,1,2,0,0.569532786305,0.1919,0.569532786305,0.11,0.569532786305,0,0.360627223086,-0.00977358992361,3,6,4,0.459032786355,False
fork1,20000,28,32,True,True,True,True,True,False,False,1,2,0,0.965663161797,0.569532786305,0.965663161797,0.11,0.965663161797,0,0.379990989924,3.06680596695e-09,5,10,6,0.855163161797,False
fork1,20000,29,2,True,True,True,True,True,False,False,0,1,0.0177285189875,0.1919,0.11,0.1919,0.11,0.1919,0,0.0708294923492,0.00619710109791,1,2,2,0.08127,False
fork1,20000,29,8,True,True,True,False,True,False,False,1,2,0,0.569532786305,0.1919,0.569532786305,0.11,0.569532786305,0,0.363005899922,-0.00739491309838,3,6,4,0.460232786235,False
fork1,20000,29,32,True,True,True,True,True,False,False,1,2,0,0.965663161797,0.569532786305,0.965663161797,0.11,0.965663161797,0,0.379990990049,3.19199949065e-09,5,10,6,0.856363161797,False
fork1,200000,0,2,True,True,True,True,True,False,False,0,1,0.01488613263,0.1919,0.11,0.1919,0.11,0.1919,0,0.0787405567834,0.00826357660283,1,2,2,0.0818595,False
fork1,200000,0,8,True,True,True,False,True,False,False,1,2,0,0.569532786305,0.1919,0.569532786305,0.11,0.569532786305,0,0.373147918716,-0.00392478322805,3,6,4,0.4595777863,False
fork1,200000,0,32,True,True,True,True,True,False,False,1,2,0,0.965663161797,0.569532786305,0.965663161797,0.11,0.965663161797,0,0.391716142898,3.52335540175e-09,5,10,6,0.855708161797,False
fork1,200000,1,2,True,True,True,True,True,False,False,0,1,0.01484113263,0.1919,0.11,0.1919,0.11,0.1919,0,0.0787619978962,0.00828574382816,1,2,2,0.081882,False
fork1,200000,1,8,True,True,True,False,True,False,False,1,2,0,0.569532786305,0.1919,0.569532786305,0.11,0.569532786305,0,0.373099741629,-0.00397296031498,3,6,4,0.459552786303,False
fork1,200000,1,32,True,True,True,True,True,False,False,1,2,0,0.965663161797,0.569532786305,0.965663161797,0.11,0.965663161797,0,0.391716142895,3.52081976547e-09,5,10,6,0.855683161797,False
fork1,200000,2,2,True,True,True,True,True,False,False,0,1,0.01443613263,0.1919,0.11,0.1919,0.11,0.1919,0,0.0789550293369,0.00848526792095,1,2,2,0.0820845,False
fork1,200000,2,8,True,True,True,False,True,False,False,1,2,0,0.569532786305,0.1919,0.569532786305,0.11,0.569532786305,0,0.372666188083,-0.0044065138604,3,6,4,0.459327786325,False
fork1,200000,2,32,True,True,True,True,True,False,False,1,2,0,0.965663161797,0.569532786305,0.965663161797,0.11,0.965663161797,0,0.391716142873,3.49800115661e-09,5,10,6,0.855458161797,False
fork1,200000,3,2,True,True,True,True,True,False,False,0,1,0.01522813263,0.1919,0.11,0.1919,0.11,0.1919,0,0.0785776493045,0.00809511965056,1,2,2,0.0816885,False
fork1,200000,3,8,True,True,True,False,True,False,False,1,2,0,0.569532786305,0.1919,0.569532786305,0.11,0.569532786305,0,0.37351409404,-0.00355860790407,3,6,4,0.459767786281,False
fork1,200000,3,32,True,True,True,True,True,False,False,1,2,0,0.965663161797,0.569532786305,0.965663161797,0.11,0.965663161797,0,0.391716142917,3.54262778824e-09,5,10,6,0.855898161797,False
fork1,200000,4,2,True,True,True,True,True,False,False,0,1,0.01514713263,0.1919,0.11,0.1919,0.11,0.1919,0,0.0786162254472,0.00813501511273,1,2,2,0.081729,False
fork1,200000,4,8,True,True,True,False,True,False,False,1,2,0,0.569532786305,0.1919,0.569532786305,0.11,0.569532786305,0,0.373427363584,-0.00364533836004,3,6,4,0.459722786286,False
fork1,200000,4,32,True,True,True,True,True,False,False,1,2,0,0.965663161797,0.569532786305,0.965663161797,0.11,0.965663161797,0,0.391716142913,3.53806302716e-09,5,10,6,0.855853161797,False
fork1,200000,5,2,True,True,True,True,True,False,False,0,1,0.01402213263,0.1919,0.11,0.1919,0.11,0.1919,0,0.0791524636311,0.00868926103729,1,2,2,0.0822915,False
fork1,200000,5,8,True,True,True,False,True,False,False,1,2,0,0.569532786305,0.1919,0.569532786305,0.11,0.569532786305,0,0.372223074209,-0.00484962773362,3,6,4,0.459097786348,False
fork1,200000,5,32,True,True,True,True,True,False,False,1,2,0,0.965663161797,0.569532786305,0.965663161797,0.11,0.965663161797,0,0.391716142849,3.47467937258e-09,5,10,6,0.855228161797,False
fork1,200000,6,2,True,True,True,True,True,False,False,0,1,0.01449013263,0.1919,0.11,0.1919,0.11,0.1919,0,0.0789292854494,0.00845866273395,1,2,2,0.0820575,False
fork1,200000,6,8,True,True,True,False,True,False,False,1,2,0,0.569532786305,0.1919,0.569532786305,0.11,0.569532786305,0,0.372723991055,-0.00434871088852,3,6,4,0.459357786322,False
fork1,200000,6,32,True,True,True,True,True,False,False,1,2,0,0.965663161797,0.569532786305,0.965663161797,0.11,0.965663161797,0,0.391716142876,3.50104341845e-09,5,10,6,0.855488161797,False
fork1,200000,7,2,True,True,True,True,True,False,False,0,1,0.01490413263,0.1919,0.11,0.1919,0.11,0.1919,0,0.0787319807223,0.00825470983191,1,2,2,0.0818505,False
fork1,200000,7,8,True,True,True,False,True,False,False,1,2,0,0.569532786305,0.1919,0.569532786305,0.11,0.569532786305,0,0.373167189802,-0.00390551214169,3,6,4,0.459587786299,False
fork1,200000,7,32,True,True,True,True,True,False,False,1,2,0,0.965663161797,0.569532786305,0.965663161797,0.11,0.965663161797,0,0.391716142899,3.52436966951e-09,5,10,6,0.855718161797,False
fork1,200000,8,2,True,True,True,True,True,False,False,0,1,0.01381513263,0.1919,0.11,0.1919,0.11,0.1919,0,0.0792512232722,0.0087912707845,1,2,2,0.082395,False
fork1,200000,8,8,True,True,True,False,True,False,False,1,2,0,0.569532786305,0.1919,0.569532786305,0.11,0.569532786305,0,0.372001545108,-0.0050711568342,3,6,4,0.45898278636,False
fork1,200000,8,32,True,True,True,True,True,False,False,1,2,0,0.965663161797,0.569532786305,0.965663161797,0.11,0.965663161797,0,0.391716142838,3.46301994562e-09,5,10,6,0.855113161797,False
fork1,200000,9,2,True,True,True,True,True,False,False,0,1,0.01489513263,0.1919,0.11,0.1919,0.11,0.1919,0,0.0787362687254,0.00825914320885,1,2,2,0.081855,False
fork1,200000,9,8,True,True,True,False,True,False,False,1,2,0,0.569532786305,0.1919,0.569532786305,0.11,0.569532786305,0,0.373157554241,-0.00391514770285,3,6,4,0.4595827863,False
fork1,200000,9,32,True,True,True,True,True,False,False,1,2,0,0.965663161797,0.569532786305,0.965663161797,0.11,0.965663161797,0,0.391716142899,3.52386253468e-09,5,10,6,0.855713161797,False
fork1,200000,10,2,True,True,True,True,True,False,False,0,1,0.01487713263,0.1919,0.11,0.1919,0.11,0.1919,0,0.0787448448962,0.00826801001385,1,2,2,0.081864,False
fork1,200000,10,8,True,True,True,False,True,False,False,1,2,0,0.569532786305,0.1919,0.569532786305,0.11,0.569532786305,0,0.373138283226,-0.00393441871729,3,6,4,0.459572786301,False
fork1,200000,10,32,True,True,True,True,True,False,False,1,2,0,0.965663161797,0.569532786305,0.965663161797,0.11,0.965663161797,0,0.391716142898,3.52284827071e-09,5,10,6,0.855703161797,False
fork1,200000,11,2,True,True,True,True,True,False,False,0,1,0.01474213263,0.1919,0.11,0.1919,0.11,0.1919,0,0.0788091731645,0.00833451321991,1,2,2,0.0819315,False
fork1,200000,11,8,True,True,True,False,True,False,False,1,2,0,0.569532786305,0.1919,0.569532786305,0.11,0.569532786305,0,0.372993755195,-0.0040789467488,3,6,4,0.459497786308,False
fork1,200000,11,32,True,True,True,True,True,False,False,1,2,0,0.965663161797,0.569532786305,0.965663161797,0.11,0.965663161797,0,0.39171614289,3.51524153181e-09,5,10,6,0.855628161797,False
fork1,200000,12,2,True,True,True,True,True,False,False,0,1,0.01402213263,0.1919,0.11,0.1919,0.11,0.1919,0,0.0791524636311,0.00868926103729,1,2,2,0.0822915,False
fork1,200000,12,8,True,True,True,False,True,False,False,1,2,0,0.569532786305,0.1919,0.569532786305,0.11,0.569532786305,0,0.372223074209,-0.00484962773362,3,6,4,0.459097786348,False
fork1,200000,12,32,True,True,True,True,True,False,False,1,2,0,0.965663161797,0.569532786305,0.965663161797,0.11,0.965663161797,0,0.391716142849,3.47467937258e-09,5,10,6,0.855228161797,False
fork1,200000,13,2,True,True,True,True,True,False,False,0,1,0.01453513263,0.1919,0.11,0.1919,0.11,0.1919,0,0.0789078337004,0.00843649220744,1,2,2,0.082035,False
fork1,200000,13,8,True,True,True,False,True,False,False,1,2,0,0.569532786305,0.1919,0.569532786305,0.11,0.569532786305,0,0.372772161174,-0.00430054076884,3,6,4,0.45938278632,False
fork1,200000,13,32,True,True,True,True,True,False,False,1,2,0,0.965663161797,0.569532786305,0.965663161797,0.11,0.965663161797,0,0.391716142878,3.50357868804e-09,5,10,6,0.855513161797,False
fork1,200000,14,2,True,True,True,True,True,False,False,0,1,0.01483213263,0.1919,0.11,0.1919,0.11,0.1919,0,0.0787662862832,0.00829017732427,1,2,2,0.0818865,False
fork1,200000,14,8,True,True,True,False,True,False,False,1,2,0,0.569532786305,0.1919,0.569532786305,0.11,0.569532786305,0,0.373090106319,-0.00398259562462,3,6,4,0.459547786303,False
fork1,200000,14,32,True,True,True,True,True,False,False,1,2,0,0.965663161797,0.569532786305,0.965663161797,0.11,0.965663161797,0,0.391716142895,3.52031264388e-09,5,10,6,0.855678161797,False
fork1,200000,15,2,True,True,True,True,True,False,False,0,1,0.01477813263,0.1919,0.11,0.1919,0.11,0.1919,0,0.0787920177555,0.0083167786579,1,2,2,0.0819135,False
fork1,200000,15,8,True,True,True,False,True,False,False,1,2,0,0.569532786305,0.1919,0.569532786305,0.11,0.569532786305,0,0.373032295214,-0.00404040672916,3,6,4,0.459517786306,False
fork1,200000,15,32,True,True,True,True,True,False,False,1,2,0,0.965663161797,0.569532786305,0.965663161797,0.11,0.965663161797,0,0.391716142892,3.51726995401e-09,5,10,6,0.855648161797,False
fork1,200000,16,2,True,True,True,True,True,False,False,0,1,0.01446313263,0.1919,0.11,0.1919,0.11,0.1919,0,0.0789421571494,0.0084719652518,1,2,2,0.082071,False
fork1,200000,16,8,True,True,True,False,True,False,False,1,2,0,0.569532786305,0.1919,0.569532786305,0.11,0.569532786305,0,0.372695089409,-0.00437761253413,3,6,4,0.459342786324,False
fork1,200000,16,32,True,True,True,True,True,False,False,1,2,0,0.965663161797,0.569532786305,0.965663161797,0.11,0.965663161797,0,0.391716142874,3.49952227913e-09,5,10,6,0.855473161797,False
fork1,200000,17,2,True,True,True,True,True,False,False,0,1,0.01463413263,0.1919,0.11,0.1919,0.11,0.1919,0,0.0788606446325,0.00838771853264,1,2,2,0.0819855,False
fork1,200000,17,8,True,True,True,False,True,False,False,1,2,0,0.569532786305,0.1919,0.569532786305,0.11,0.569532786305,0,0.372878138569,-0.00419456337451,3,6,4,0.459437786314,False
fork1,200000,17,32,True,True,True,True,True,False,False,1,2,0,0.965663161797,0.569532786305,0.965663161797,0.11,0.965663161797,0,0.391716142884,3.50915644593e-09,5,10,6,0.855568161797,False
fork1,200000,18,2,True,True,True,True,True,False,False,0,1,0.01469713263,0.1919,0.11,0.1919,0.11,0.1919,0,0.0788306186549,0.00835668180393,1,2,2,0.081954,False
fork1,200000,18,8,True,True,True,False,True,False,False,1,2,0,0.569532786305,0.1919,0.569532786305,0.11,0.569532786305,0,0.372945580975,-0.00412712096816,3,6,4,0.459472786311,False
fork1,200000,18,32,True,True,True,True,True,False,False,1,2,0,0.965663161797,0.569532786305,0.965663161797,0.11,0.965663161797,0,0.391716142887,3.51270604645e-09,5,10,6,0.855603161797,False
fork1,200000,19,2,True,True,True,True,True,False,False,0,1,0.01508413263,0.1919,0.11,0.1919,0.11,0.1919,0,0.0786462322131,0.0081660458786,1,2,2,0.0817605,False
fork1,200000,19,8,True,True,True,False,True,False,False,1,2,0,0.569532786305,0.1919,0.569532786305,0.11,0.569532786305,0,0.373359908593,-0.00371279335111,3,6,4,0.459687786289,False
fork1,200000,19,32,True,True,True,True,True,False,False,1,2,0,0.965663161797,0.569532786305,0.965663161797,0.11,0.965663161797,0,0.391716142909,3.53451276428e-09,5,10,6,0.855818161797,False
fork1,200000,20,2,True,True,True,True,True,False,False,0,1,0.01522813263,0.1919,0.11,0.1919,0.11,0.1919,0,0.0785776493045,0.00809511965056,1,2,2,0.0816885,False
fork1,200000,20,8,True,True,True,False,True,False,False,1,2,0,0.569532786305,0.1919,0.569532786305,0.11,0.569532786305,0,0.37351409404,-0.00355860790407,3,6,4,0.459767786281,False
fork1,200000,20,32,True,True,True,True,True,False,False,1,2,0,0.965663161797,0.569532786305,0.965663161797,0.11,0.965663161797,0,0.391716142917,3.54262778824e-09,5,10,6,0.855898161797,False
fork1,200000,21,2,True,True,True,True,True,False,False,0,1,0.01450813263,0.1919,0.11,0.1919,0.11,0.1919,0,0.078920704587,0.00844979447284,1,2,2,0.0820485,False
fork1,200000,21,8,True,True,True,False,True,False,False,1,2,0,0.569532786305,0.1919,0.569532786305,0.11,0.569532786305,0,0.372743258996,-0.00432944294725,3,6,4,0.459367786321,False
fork1,200000,21,32,True,True,True,True,True,False,False,1,2,0,0.965663161797,0.569532786305,0.965663161797,0.11,0.965663161797,0,0.391716142877,3.50205752067e-09,5,10,6,0.855498161797,False
fork1,200000,22,2,True,True,True,True,True,False,False,0,1,0.01436413263,0.1919,0.11,0.1919,0.11,0.1919,0,0.0789893575504,0.0085207424441,1,2,2,0.0821205,False
fork1,200000,22,8,True,True,True,False,True,False,False,1,2,0,0.569532786305,0.1919,0.569532786305,0.11,0.569532786305,0,0.372589119438,-0.00448358250465,3,6,4,0.459287786329,False
fork1,200000,22,32,True,True,True,True,True,False,False,1,2,0,0.965663161797,0.569532786305,0.965663161797,0.11,0.965663161797,0,0.391716142869,3.49394491196e-09,5,10,6,0.855418161797,False
fork1,200000,23,2,True,True,True,True,True,False,False,0,1,0.01473313263,0.1919,0.11,0.1919,0.11,0.1919,0,0.0788134621533,0.00833894690282,1,2,2,0.081936,False
fork1,200000,23,8,True,True,True,False,True,False,False,1,2,0,0.569532786305,0.1919,0.569532786305,0.11,0.569532786305,0,0.372984120279,-0.00408858166421,3,6,4,0.459492786309,False
fork1,200000,23,32,True,True,True,True,True,False,False,1,2,0,0.965663161797,0.569532786305,0.965663161797,0.11,0.965663161797,0,0.391716142889,3.51473443097e-09,5,10,6,0.855623161797,False
fork1,200000,24,2,True,True,True,True,True,False,False,0,1,0.01531813263,0.1919,0.11,0.1919,0.11,0.1919,0,0.0785347921947,0.00805079299521,1,2,2,0.0816435,False
fork1,200000,24,8,True,True,True,False,True,False,False,1,2,0,0.569532786305,0.1919,0.569532786305,0.11,0.569532786305,0,0.373610464666,-0.00346223727808,3,6,4,0.459817786276,False
fork1,200000,24,32,True,True,True,True,True,False,False,1,2,0,0.965663161797,0.569532786305,0.965663161797,0.11,0.965663161797,0,0.391716142922,3.54769992672e-09,5,10,6,0.855948161797,False
fork1,200000,25,2,True,True,True,True,True,False,False,0,1,0.01525513263,0.1919,0.11,0.1919,0.11,0.1919,0,0.0785647915884,0.00808182147293,1,2,2,0.081675,False
fork1,200000,25,8,True,True,True,False,True,False,False,1,2,0,0.569532786305,0.1919,0.569532786305,0.11,0.569532786305,0,0.373543004846,-0.00352969709833,3,6,4,0.45978278628,False
fork1,200000,25,32,True,True,True,True,True,False,False,1,2,0,0.965663161797,0.569532786305,0.965663161797,0.11,0.965663161797,0,0.391716142919,3.54414940967e-09,5,10,6,0.855913161797,False
fork1,200000,26,2,True,True,True,True,True,False,False,0,1,0.01495813263,0.1919,0.11,0.1919,0.11,0.1919,0,0.0787062538575,0.00822810992833,1,2,2,0.0818235,False
fork1,200000,26,8,True,True,True,False,True,False,False,1,2,0,0.569532786305,0.1919,0.569532786305,0.11,0.569532786305,0,0.373225003925,-0.003847698019,3,6,4,0.459617786296,False
fork1,200000,26,32,True,True,True,True,True,False,False,1,2,0,0.965663161797,0.569532786305,0.965663161797,0.11,0.965663161797,0,0.391716142902,3.52741251823e-09,5,10,6,0.855748161797,False
fork1,200000,27,2,True,True,True,True,True,False,False,0,1,0.01413013263,0.1919,0.11,0.1919,0.11,0.1919,0,0.0791009480729,0.00863604204014,1,2,2,0.0822375,False
fork1,200000,27,8,True,True,True,False,True,False,False,1,2,0,0.569532786305,0.1919,0.569532786305,0.11,0.569532786305,0,0.372338661953,-0.00473403998934,3,6,4,0.459157786342,False
fork1,200000,27,32,True,True,True,True,True,False,False,1,2,0,0.965663161797,0.569532786305,0.965663161797,0.11,0.965663161797,0,0.391716142855,3.48076293839e-09,5,10,6,0.855288161797,False
fork1,200000,28,2,True,True,True,True,True,False,False,0,1,0.01494913263,0.1919,0.11,0.1919,0.11,0.1919,0,0.0787105415309,0.00823254320294,1,2,2,0.081828,False
fork1,200000,28,8,True,True,True,False,True,False,False,1,2,0,0.569532786305,0.1919,0.569532786305,0.11,0.569532786305,0,0.373215368148,-0.00385733379614,3,6,4,0.459612786297,False
fork1,200000,28,32,True,True,True,True,True,False,False,1,2,0,0.965663161797,0.569532786305,0.965663161797,0.11,0.965663161797,0,0.391716142902,3.52690537204e-09,5,10,6,0.855743161797,False
fork1,200000,29,2,True,True,True,True,True,False,False,0,1,0.01524613263,0.1919,0.11,0.1919,0.11,0.1919,0,0.0785690774382,0.00808625418158,1,2,2,0.0816795,False
fork1,200000,29,8,True,True,True,False,True,False,False,1,2,0,0.569532786305,0.1919,0.569532786305,0.11,0.569532786305,0,0.373533367874,-0.00353933406993,3,6,4,0.45977778628,False
fork1,200000,29,32,True,True,True,True,True,False,False,1,2,0,0.965663161797,0.569532786305,0.965663161797,0.11,0.965663161797,0,0.391716142918,3.54364220062e-09,5,10,6,0.855908161797,False
fork4,200,0,2,True,False,False,False,False,False,False,5,6,0.313216883104,0.1919,0.11,0.11,0.11,0.1919,0,-0.242867556627,-0.0202887073706,6,30,2,0.0864,False
fork4,200,0,8,True,False,False,False,False,False,False,5,6,1.20503048967,0.569532786305,0.11,0.11,0.11,0.569532786305,0,-0.0863877546457,-0.0668112221162,12,60,4,0.454532786805,False
fork4,200,0,32,True,False,True,False,True,False,False,5,6,2.30091982038,0.965663161797,0.11,0.965663161797,0.11,0.965663161797,0,0.0704362899621,-0.0668112287973,18,90,6,0.850663161797,False
fork4,200,1,2,True,False,False,False,False,False,False,5,6,0.321703093777,0.1919,0.11,0.11,0.11,0.1919,0,-0.241159215939,-0.021915518272,6,30,2,0.0819,False
fork4,200,1,8,True,False,False,False,False,False,False,5,6,1.17492818476,0.569532786305,0.11,0.11,0.11,0.569532786305,0,-0.0812450355689,-0.061668503373,12,60,4,0.459532786305,False
fork4,200,1,32,True,False,True,False,True,False,False,5,6,2.2498802877,0.965663161797,0.11,0.965663161797,0.11,0.965663161797,0,0.0755790092196,-0.0616685095398,18,90,6,0.855663161797,False
fork4,200,2,2,True,False,False,False,False,False,False,5,6,0.321703093777,0.1919,0.11,0.11,0.11,0.1919,0,-0.241159215939,-0.021915518272,6,30,2,0.0819,False
fork4,200,2,8,True,False,False,False,False,False,False,5,6,1.17492818476,0.569532786305,0.11,0.11,0.11,0.569532786305,0,-0.0812450355689,-0.061668503373,12,60,4,0.459532786305,False
fork4,200,2,32,True,False,True,False,True,False,False,5,6,2.2498802877,0.965663161797,0.11,0.965663161797,0.11,0.965663161797,0,0.0755790092196,-0.0616685095398,18,90,6,0.855663161797,False
fork4,200,3,2,True,False,False,False,False,False,False,5,6,0.31420362653,0.1901,0.11,0.11,0.11,0.1919,0.0018,-0.22655930785,-0.0504767917741,6,30,2,0.0846,False
fork4,200,3,8,True,False,False,False,False,False,False,5,6,1.13980868233,0.569532786305,0.11,0.11,0.11,0.569532786305,0,-0.0756618503583,-0.0560853185849,12,60,4,0.464532785805,False
fork4,200,3,32,True,False,True,False,True,False,False,5,6,2.1903339175,0.965663161797,0.11,0.965663161797,0.11,0.965663161797,0,0.081162194566,-0.0560853241934,18,90,6,0.860663161797,False
fork4,200,4,2,True,False,False,False,False,False,False,5,6,0.284883406357,0.1901,0.11,0.11,0.11,0.1919,0.0018,-0.213522134732,-0.0386467367308,6,30,2,0.0936,False
fork4,200,4,8,True,False,False,False,False,False,False,5,6,1.04703742397,0.569532786305,0.11,0.11,0.11,0.569532786305,0,-0.062517344862,-0.0429408142957,12,60,4,0.474532784805,False
fork4,200,4,32,True,False,True,False,True,False,False,5,6,2.03303693685,0.965663161797,0.11,0.965663161797,0.11,0.965663161797,0,0.0943067001696,-0.0429408185898,18,90,6,0.870663161797,False
fork4,200,5,2,True,False,False,False,False,False,False,5,6,0.313216883104,0.1919,0.11,0.11,0.11,0.1919,0,-0.242867556627,-0.0202887073706,6,30,2,0.0864,False
fork4,200,5,8,True,False,False,False,False,False,False,5,6,1.20503048967,0.569532786305,0.11,0.11,0.11,0.569532786305,0,-0.0863877546457,-0.0668112221162,12,60,4,0.454532786805,False
fork4,200,5,32,True,False,True,False,True,False,False,5,6,2.30091982038,0.965663161797,0.11,0.965663161797,0.11,0.965663161797,0,0.0704362899621,-0.0668112287973,18,90,6,0.850663161797,False
fork4,200,6,2,True,False,False,False,False,False,False,5,6,0.321703093777,0.1919,0.11,0.11,0.11,0.1919,0,-0.241159215939,-0.021915518272,6,30,2,0.0819,False
fork4,200,6,8,True,False,False,False,False,False,False,5,6,1.17492818476,0.569532786305,0.11,0.11,0.11,0.569532786305,0,-0.0812450355689,-0.061668503373,12,60,4,0.459532786305,False
fork4,200,6,32,True,False,True,False,True,False,False,5,6,2.2498802877,0.965663161797,0.11,0.965663161797,0.11,0.965663161797,0,0.0755790092196,-0.0616685095398,18,90,6,0.855663161797,False
fork4,200,7,2,True,False,False,False,False,False,False,5,6,0.263104428282,0.1901,0.11,0.11,0.11,0.1919,0.0018,-0.204973043971,-0.0309519922121,6,30,2,0.0981,False
fork4,200,7,8,True,False,False,False,False,False,False,5,6,0.978127191031,0.569532786305,0.11,0.11,0.11,0.569532786305,0,-0.0539676287307,-0.0343910990188,12,60,4,0.479532784305,False
fork4,200,7,32,True,False,True,False,True,False,False,5,6,1.9161971767,0.965663161797,0.11,0.965663161797,0.11,0.965663161797,0,0.102856416301,-0.0343911024579,18,90,6,0.875663161797,False
fork4,200,8,2,True,False,False,False,False,False,False,5,6,0.313216883104,0.1919,0.11,0.11,0.11,0.1919,0,-0.242867556627,-0.0202887073706,6,30,2,0.0864,False
fork4,200,8,8,True,False,False,False,False,False,False,5,6,1.20503048967,0.569532786305,0.11,0.11,0.11,0.569532786305,0,-0.0863877546457,-0.0668112221162,12,60,4,0.454532786805,False
fork4,200,8,32,True,False,True,False,True,False,False,5,6,2.30091982038,0.965663161797,0.11,0.965663161797,0.11,0.965663161797,0,0.0704362899621,-0.0668112287973,18,90,6,0.850663161797,False
fork4,200,9,2,True,False,False,False,False,False,False,5,6,0.301047130392,0.1901,0.11,0.11,0.11,0.1919,0.0018,-0.220486630289,-0.0449376677397,6,30,2,0.0891,False
fork4,200,9,8,True,False,False,False,False,False,False,5,6,1.09818059444,0.569532786305,0.11,0.11,0.11,0.569532786305,0,-0.0695072681798,-0.0499307369399,12,60,4,0.469532785305,False
fork4,200,9,32,True,False,True,False,True,False,False,5,6,2.11975200829,0.965663161797,0.11,0.965663161797,0.11,0.965663161797,0,0.0873167768264,-0.049930741933,18,90,6,0.865663161797,False
fork4,200,10,2,True,False,False,False,False,False,False,5,6,0.321703093777,0.1919,0.11,0.11,0.11,0.1919,0,-0.241159215939,-0.021915518272,6,30,2,0.0819,False
fork4,200,10,8,True,False,False,False,False,False,False,5,6,1.17492818476,0.569532786305,0.11,0.11,0.11,0.569532786305,0,-0.0812450355689,-0.061668503373,12,60,4,0.459532786305,False
fork4,200,10,32,True,False,True,False,True,False,False,5,6,2.2498802877,0.965663161797,0.11,0.965663161797,0.11,0.965663161797,0,0.0755790092196,-0.0616685095398,18,90,6,0.855663161797,False
fork4,200,11,2,True,False,False,False,False,False,False,5,6,0.303414737866,0.1919,0.11,0.11,0.11,0.1919,0,-0.243487227705,-0.0183193601493,6,30,2,0.0909,False
fork4,200,11,8,True,False,False,False,False,False,False,5,6,1.23096908419,0.569532786305,0.11,0.11,0.11,0.569532786305,0,-0.0911649363053,-0.0715884035169,12,60,4,0.449532787305,False
fork4,200,11,32,True,False,True,False,True,False,False,5,6,2.34489963344,0.965663161797,0.11,0.965663161797,0.11,0.965663161797,0,0.0656591080836,-0.0715884106757,18,90,6,0.845663161797,False
fork4,200,12,2,True,False,False,False,False,False,False,5,6,0.321703093777,0.1919,0.11,0.11,0.11,0.1919,0,-0.241159215939,-0.021915518272,6,30,2,0.0819,False
fork4,200,12,8,True,False,False,False,False,False,False,5,6,1.17492818476,0.569532786305,0.11,0.11,0.11,0.569532786305,0,-0.0812450355689,-0.061668503373,12,60,4,0.459532786305,False
fork4,200,12,32,True,False,True,False,True,False,False,5,6,2.2498802877,0.965663161797,0.11,0.965663161797,0.11,0.965663161797,0,0.0755790092196,-0.0616685095398,18,90,6,0.855663161797,False
fork4,200,13,2,True,False,False,False,False,False,False,5,6,0.303414737866,0.1919,0.11,0.11,0.11,0.1919,0,-0.243487227705,-0.0183193601493,6,30,2,0.0909,False
fork4,200,13,8,True,False,False,False,False,False,False,5,6,1.23096908419,0.569532786305,0.11,0.11,0.11,0.569532786305,0,-0.0911649363053,-0.0715884035169,12,60,4,0.449532787305,False
fork4,200,13,32,True,False,True,False,True,False,False,5,6,2.34489963344,0.965663161797,0.11,0.965663161797,0.11,0.965663161797,0,0.0656591080836,-0.0715884106757,18,90,6,0.845663161797,False
fork4,200,14,2,True,False,False,False,False,False,False,5,6,0.313216883104,0.1919,0.11,0.11,0.11,0.1919,0,-0.242867556627,-0.0202887073706,6,30,2,0.0864,False
fork4,200,14,8,True,False,False,False,False,False,False,5,6,1.20503048967,0.569532786305,0.11,0.11,0.11,0.569532786305,0,-0.0863877546457,-0.0668112221162,12,60,4,0.454532786805,False
fork4,200,14,32,True,False,True,False,True,False,False,5,6,2.30091982038,0.965663161797,0.11,0.965663161797,0.11,0.965663161797,0,0.0704362899621,-0.0668112287973,18,90,6,0.850663161797,False
fork4,200,15,2,True,False,False,False,False,False,False,5,6,0.301047130392,0.1901,0.11,0.11,0.11,0.1919,0.0018,-0.220486630289,-0.0449376677397,6,30,2,0.0891,False
fork4,200,15,8,True,False,False,False,False,False,False,5,6,1.09818059444,0.569532786305,0.11,0.11,0.11,0.569532786305,0,-0.0695072681798,-0.0499307369399,12,60,4,0.469532785305,False
fork4,200,15,32,True,False,True,False,True,False,False,5,6,2.11975200829,0.965663161797,0.11,0.965663161797,0.11,0.965663161797,0,0.0873167768264,-0.049930741933,18,90,6,0.865663161797,False
fork4,200,16,2,True,False,False,False,False,False,False,5,6,0.31420362653,0.1901,0.11,0.11,0.11,0.1919,0.0018,-0.22655930785,-0.0504767917741,6,30,2,0.0846,False
fork4,200,16,8,True,False,False,False,False,False,False,5,6,1.13980868233,0.569532786305,0.11,0.11,0.11,0.569532786305,0,-0.0756618503583,-0.0560853185849,12,60,4,0.464532785805,False
fork4,200,16,32,True,False,True,False,True,False,False,5,6,2.1903339175,0.965663161797,0.11,0.965663161797,0.11,0.965663161797,0,0.081162194566,-0.0560853241934,18,90,6,0.860663161797,False
fork4,200,17,2,True,False,False,False,False,False,False,5,6,0.31420362653,0.1901,0.11,0.11,0.11,0.1919,0.0018,-0.22655930785,-0.0504767917741,6,30,2,0.0846,False
fork4,200,17,8,True,False,False,False,False,False,False,5,6,1.13980868233,0.569532786305,0.11,0.11,0.11,0.569532786305,0,-0.0756618503583,-0.0560853185849,12,60,4,0.464532785805,False
fork4,200,17,32,True,False,True,False,True,False,False,5,6,2.1903339175,0.965663161797,0.11,0.965663161797,0.11,0.965663161797,0,0.081162194566,-0.0560853241934,18,90,6,0.860663161797,False
fork4,200,18,2,True,False,False,False,False,False,False,5,6,0.321703093777,0.1919,0.11,0.11,0.11,0.1919,0,-0.241159215939,-0.021915518272,6,30,2,0.0819,False
fork4,200,18,8,True,False,False,False,False,False,False,5,6,1.17492818476,0.569532786305,0.11,0.11,0.11,0.569532786305,0,-0.0812450355689,-0.061668503373,12,60,4,0.459532786305,False
fork4,200,18,32,True,False,True,False,True,False,False,5,6,2.2498802877,0.965663161797,0.11,0.965663161797,0.11,0.965663161797,0,0.0755790092196,-0.0616685095398,18,90,6,0.855663161797,False
fork4,200,19,2,True,False,False,False,False,False,False,5,6,0.303414737866,0.1919,0.11,0.11,0.11,0.1919,0,-0.243487227705,-0.0183193601493,6,30,2,0.0909,False
fork4,200,19,8,True,False,False,False,False,False,False,5,6,1.23096908419,0.569532786305,0.11,0.11,0.11,0.569532786305,0,-0.0911649363053,-0.0715884035169,12,60,4,0.449532787305,False
fork4,200,19,32,True,False,True,False,True,False,False,5,6,2.34489963344,0.965663161797,0.11,0.965663161797,0.11,0.965663161797,0,0.0656591080836,-0.0715884106757,18,90,6,0.845663161797,False
fork4,200,20,2,True,False,False,False,False,False,False,5,6,0.31420362653,0.1901,0.11,0.11,0.11,0.1919,0.0018,-0.22655930785,-0.0504767917741,6,30,2,0.0846,False
fork4,200,20,8,True,False,False,False,False,False,False,5,6,1.13980868233,0.569532786305,0.11,0.11,0.11,0.569532786305,0,-0.0756618503583,-0.0560853185849,12,60,4,0.464532785805,False
fork4,200,20,32,True,False,True,False,True,False,False,5,6,2.1903339175,0.965663161797,0.11,0.965663161797,0.11,0.965663161797,0,0.081162194566,-0.0560853241934,18,90,6,0.860663161797,False
fork4,200,21,2,True,False,False,False,False,False,False,5,6,0.303414737866,0.1919,0.11,0.11,0.11,0.1919,0,-0.243487227705,-0.0183193601493,6,30,2,0.0909,False
fork4,200,21,8,True,False,False,False,False,False,False,5,6,1.23096908419,0.569532786305,0.11,0.11,0.11,0.569532786305,0,-0.0911649363053,-0.0715884035169,12,60,4,0.449532787305,False
fork4,200,21,32,True,False,True,False,True,False,False,5,6,2.34489963344,0.965663161797,0.11,0.965663161797,0.11,0.965663161797,0,0.0656591080836,-0.0715884106757,18,90,6,0.845663161797,False
fork4,200,22,2,True,False,False,False,False,False,False,5,6,0.321703093777,0.1919,0.11,0.11,0.11,0.1919,0,-0.241159215939,-0.021915518272,6,30,2,0.0819,False
fork4,200,22,8,True,False,False,False,False,False,False,5,6,1.17492818476,0.569532786305,0.11,0.11,0.11,0.569532786305,0,-0.0812450355689,-0.061668503373,12,60,4,0.459532786305,False
fork4,200,22,32,True,False,True,False,True,False,False,5,6,2.2498802877,0.965663161797,0.11,0.965663161797,0.11,0.965663161797,0,0.0755790092196,-0.0616685095398,18,90,6,0.855663161797,False
fork4,200,23,2,True,False,False,False,False,False,False,5,6,0.303414737866,0.1919,0.11,0.11,0.11,0.1919,0,-0.243487227705,-0.0183193601493,6,30,2,0.0909,False
fork4,200,23,8,True,False,False,False,False,False,False,5,6,1.23096908419,0.569532786305,0.11,0.11,0.11,0.569532786305,0,-0.0911649363053,-0.0715884035169,12,60,4,0.449532787305,False
fork4,200,23,32,True,False,True,False,True,False,False,5,6,2.34489963344,0.965663161797,0.11,0.965663161797,0.11,0.965663161797,0,0.0656591080836,-0.0715884106757,18,90,6,0.845663161797,False
fork4,200,24,2,True,False,False,False,False,False,False,5,6,0.301047130392,0.1901,0.11,0.11,0.11,0.1919,0.0018,-0.220486630289,-0.0449376677397,6,30,2,0.0891,False
fork4,200,24,8,True,False,False,False,False,False,False,5,6,1.09818059444,0.569532786305,0.11,0.11,0.11,0.569532786305,0,-0.0695072681798,-0.0499307369399,12,60,4,0.469532785305,False
fork4,200,24,32,True,False,True,False,True,False,False,5,6,2.11975200829,0.965663161797,0.11,0.965663161797,0.11,0.965663161797,0,0.0873167768264,-0.049930741933,18,90,6,0.865663161797,False
fork4,200,25,2,True,False,False,False,False,False,False,5,6,0.301047130392,0.1901,0.11,0.11,0.11,0.1919,0.0018,-0.220486630289,-0.0449376677397,6,30,2,0.0891,False
fork4,200,25,8,True,False,False,False,False,False,False,5,6,1.09818059444,0.569532786305,0.11,0.11,0.11,0.569532786305,0,-0.0695072681798,-0.0499307369399,12,60,4,0.469532785305,False
fork4,200,25,32,True,False,True,False,True,False,False,5,6,2.11975200829,0.965663161797,0.11,0.965663161797,0.11,0.965663161797,0,0.0873167768264,-0.049930741933,18,90,6,0.865663161797,False
fork4,200,26,2,True,False,False,False,False,False,False,5,6,0.301047130392,0.1901,0.11,0.11,0.11,0.1919,0.0018,-0.220486630289,-0.0449376677397,6,30,2,0.0891,False
fork4,200,26,8,True,False,False,False,False,False,False,5,6,1.09818059444,0.569532786305,0.11,0.11,0.11,0.569532786305,0,-0.0695072681798,-0.0499307369399,12,60,4,0.469532785305,False
fork4,200,26,32,True,False,True,False,True,False,False,5,6,2.11975200829,0.965663161797,0.11,0.965663161797,0.11,0.965663161797,0,0.0873167768264,-0.049930741933,18,90,6,0.865663161797,False
fork4,200,27,2,True,False,False,False,False,False,False,5,6,0.321703093777,0.1919,0.11,0.11,0.11,0.1919,0,-0.241159215939,-0.021915518272,6,30,2,0.0819,False
fork4,200,27,8,True,False,False,False,False,False,False,5,6,1.17492818476,0.569532786305,0.11,0.11,0.11,0.569532786305,0,-0.0812450355689,-0.061668503373,12,60,4,0.459532786305,False
fork4,200,27,32,True,False,True,False,True,False,False,5,6,2.2498802877,0.965663161797,0.11,0.965663161797,0.11,0.965663161797,0,0.0755790092196,-0.0616685095398,18,90,6,0.855663161797,False
fork4,200,28,2,True,False,False,False,False,False,False,5,6,0.303414737866,0.1919,0.11,0.11,0.11,0.1919,0,-0.243487227705,-0.0183193601493,6,30,2,0.0909,False
fork4,200,28,8,True,False,False,False,False,False,False,5,6,1.23096908419,0.569532786305,0.11,0.11,0.11,0.569532786305,0,-0.0911649363053,-0.0715884035169,12,60,4,0.449532787305,False
fork4,200,28,32,True,False,True,False,True,False,False,5,6,2.34489963344,0.965663161797,0.11,0.965663161797,0.11,0.965663161797,0,0.0656591080836,-0.0715884106757,18,90,6,0.845663161797,False
fork4,200,29,2,True,False,False,False,False,False,False,5,6,0.301047130392,0.1901,0.11,0.11,0.11,0.1919,0.0018,-0.220486630289,-0.0449376677397,6,30,2,0.0891,False
fork4,200,29,8,True,False,False,False,False,False,False,5,6,1.09818059444,0.569532786305,0.11,0.11,0.11,0.569532786305,0,-0.0695072681798,-0.0499307369399,12,60,4,0.469532785305,False
fork4,200,29,32,True,False,True,False,True,False,False,5,6,2.11975200829,0.965663161797,0.11,0.965663161797,0.11,0.965663161797,0,0.0873167768264,-0.049930741933,18,90,6,0.865663161797,False
fork4,2000,0,2,True,False,True,True,True,False,False,5,6,0.0659824991117,0.1919,0.11,0.1919,0.11,0.1919,0,0.0115068172853,0,6,30,2,0.08235,False
fork4,2000,0,8,True,False,True,False,True,False,False,5,6,0.124114915453,0.569532786305,0.1919,0.569532786305,0.11,0.569532786305,0,0.230811269234,-0.0335163472133,12,60,4,0.459032786355,False
fork4,2000,0,32,True,False,True,True,True,False,False,5,6,0.0303858471002,0.965663161797,0.569532786305,0.965663161797,0.11,0.965663161797,0,0.196780255857,0,18,90,6,0.855163161797,False
fork4,2000,1,2,True,False,True,False,True,False,False,5,6,0.0610554758741,0.1901,0.11,0.1901,0.11,0.1919,0.0018,0.0211309573952,-0.0167297150773,6,30,2,0.0837,False
fork4,2000,1,8,True,False,True,False,True,False,False,5,6,0.0914394807101,0.569532786305,0.1901,0.569532786305,0.11,0.569532786305,0,0.25354807182,-0.00125215535847,12,60,4,0.463532785905,False
fork4,2000,1,32,True,True,True,True,True,False,False,4,5,0,0.965663161797,0.569532786305,0.965663161797,0.11,0.965663161797,0,0.196780256368,0,17,85,6,0.859663161797,False
fork4,2000,2,2,True,False,True,False,True,False,False,5,6,0.065725328369,0.1901,0.11,0.1901,0.11,0.1919,0.0018,0.0189905415323,-0.018797178201,6,30,2,0.0819,False
fork4,2000,2,8,True,False,True,False,True,False,False,5,6,0.106215225563,0.569532786305,0.1901,0.569532786305,0.11,0.569532786305,0,0.253318353852,-0.00148187325361,12,60,4,0.461532786105,False
fork4,2000,2,32,True,True,True,True,True,False,False,4,5,3.62838430493e-05,0.965663161797,0.569532786305,0.965663161797,0.11,0.965663161797,0,0.196780256139,0,17,85,6,0.857663161797,False
fork4,2000,3,2,True,False,True,True,True,False,False,5,6,0.0666658268831,0.1919,0.11,0.1919,0.11,0.1919,0,0.0112949008697,0,6,30,2,0.0819,False
fork4,2000,3,8,True,False,True,False,True,False,False,5,6,0.120581685237,0.569532786305,0.1919,0.569532786305,0.11,0.569532786305,0,0.231875623981,-0.0324519924819,12,60,4,0.459532786305,False
fork4,2000,3,32,True,True,True,True,True,False,False,4,5,0.0243951291279,0.965663161797,0.569532786305,0.965663161797,0.11,0.965663161797,0,0.196780255913,0,17,85,6,0.855663161797,False
fork4,2000,4,2,True,False,True,False,True,False,False,5,6,0.0668719545576,0.1901,0.11,0.1901,0.11,0.1919,0.0018,0.018461819665,-0.0193088347482,6,30,2,0.08145,False
fork4,2000,4,8,True,False,True,False,True,False,False,5,6,0.109843232235,0.569532786305,0.1901,0.569532786305,0.11,0.569532786305,0,0.253261503164,-0.00153872392422,12,60,4,0.461032786155,False
fork4,2000,4,32,True,True,True,True,True,False,False,4,5,0.00618769868025,0.965663161797,0.569532786305,0.965663161797,0.11,0.965663161797,0,0.196780256082,0,17,85,6,0.857163161797,False
fork4,2000,5,2,True,False,True,True,True,False,False,5,6,0.0659824991117,0.1919,0.11,0.1919,0.11,0.1919,0,0.0115068172853,0,6,30,2,0.08235,False
fork4,2000,5,8,True,False,True,False,True,False,False,5,6,0.124114915453,0.569532786305,0.1919,0.569532786305,0.11,0.569532786305,0,0.230811269234,-0.0335163472133,12,60,4,0.459032786355,False
fork4,2000,5,32,True,False,True,True,True,False,False,5,6,0.0303858471002,0.965663161797,0.569532786305,0.965663161797,0.11,0.965663161797,0,0.196780255857,0,18,90,6,0.855163161797,False
fork4,2000,6,2,True,False,True,False,True,False,False,5,6,0.065725328369,0.1901,0.11,0.1901,0.11,0.1919,0.0018,0.0189905415323,-0.018797178201,6,30,2,0.0819,False
fork4,2000,6,8,True,False,True,False,True,False,False,5,6,0.106215225563,0.569532786305,0.1901,0.569532786305,0.11,0.569532786305,0,0.253318353852,-0.00148187325361,12,60,4,0.461532786105,False
fork4,2000,6,32,True,True,True,True,True,False,False,4,5,3.62838430493e-05,0.965663161797,0.569532786305,0.965663161797,0.11,0.965663161797,0,0.196780256139,0,17,85,6,0.857663161797,False
fork4,2000,7,2,True,False,True,True,True,False,False,5,6,0.0673419819037,0.1919,0.11,0.1919,0.11,0.1919,0,0.0110888470665,0,6,30,2,0.08145,False
fork4,2000,7,8,True,False,True,False,True,False,False,5,6,0.11702575993,0.569532786305,0.1919,0.569532786305,0.11,0.569532786305,0,0.232943764347,-0.0313838521324,12,60,4,0.460032786255,False
fork4,2000,7,32,True,True,True,True,True,False,False,4,5,0.0183659308157,0.965663161797,0.569532786305,0.965663161797,0.11,0.965663161797,0,0.196780255969,0,17,85,6,0.856163161797,False
fork4,2000,8,2,True,False,True,True,True,False,False,5,6,0.0638913174316,0.1919,0.11,0.1919,0.11,0.1919,0,0.0121762150324,0,6,30,2,0.0837,False
fork4,2000,8,8,True,False,True,False,True,False,False,5,6,0.134584251543,0.569532786305,0.1919,0.569532786305,0.11,0.569532786305,0,0.227639948578,-0.0366876678263,12,60,4,0.457532786505,False
fork4,2000,8,32,True,False,True,True,True,False,False,5,6,0.0481369802144,0.965663161797,0.569532786305,0.965663161797,0.11,0.965663161797,0,0.19678025569,0,18,90,6,0.853663161797,False
fork4,2000,9,2,True,False,True,True,True,False,False,5,6,0.0666658268831,0.1919,0.11,0.1919,0.11,0.1919,0,0.0112949008697,0,6,30,2,0.0819,False
fork4,2000,9,8,True,False,True,False,True,False,False,5,6,0.120581685237,0.569532786305,0.1919,0.569532786305,0.11,0.569532786305,0,0.231875623981,-0.0324519924819,12,60,4,0.459532786305,False
fork4,2000,9,32,True,True,True,True,True,False,False,4,5,0.0243951291279,0.965663161797,0.569532786305,0.965663161797,0.11,0.965663161797,0,0.196780255913,0,17,85,6,0.855663161797,False
fork4,2000,10,2,True,False,True,False,True,False,False,5,6,0.065725328369,0.1901,0.11,0.1901,0.11,0.1919,0.0018,0.0189905415323,-0.018797178201,6,30,2,0.0819,False
fork4,2000,10,8,True,False,True,False,True,False,False,5,6,0.106215225563,0.569532786305,0.1901,0.569532786305,0.11,0.569532786305,0,0.253318353852,-0.00148187325361,12,60,4,0.461532786105,False
fork4,2000,10,32,True,True,True,True,True,False,False,4,5,3.62838430493e-05,0.965663161797,0.569532786305,0.965663161797,0.11,0.965663161797,0,0.196780256139,0,17,85,6,0.857663161797,False
fork4,2000,11,2,True,False,True,True,True,False,False,5,6,0.0624645210717,0.1919,0.11,0.1919,0.11,0.1919,0,0.0126491452625,0,6,30,2,0.0846,False
fork4,2000,11,8,True,False,True,False,True,False,False,5,6,0.141460422158,0.569532786305,0.1919,0.569532786305,0.11,0.569532786305,0,0.225542980073,-0.0387846363038,12,60,4,0.456532786605,False
fork4,2000,11,32,True,False,True,True,True,False,False,5,6,0.0597957729832,0.965663161797,0.569532786305,0.965663161797,0.11,0.965663161797,0,0.196780255579,0,18,90,6,0.852663161797,False
fork4,2000,12,2,True,False,True,False,True,False,False,5,6,0.059865713726,0.1901,0.11,0.1901,0.11,0.1919,0.0018,0.0216728924278,-0.0162072745403,6,30,2,0.08415,False
fork4,2000,12,8,True,False,True,False,True,False,False,5,6,0.0876749888003,0.569532786305,0.1901,0.569532786305,0.11,0.569532786305,0,0.25360612073,-0.00119410646796,12,60,4,0.464032785855,False
fork4,2000,12,32,True,True,True,True,True,False,False,4,5,0,0.965663161797,0.569532786305,0.965663161797,0.11,0.965663161797,0,0.196780256427,0,17,85,6,0.860163161797,False
fork4,2000,13,2,True,False,True,False,True,False,False,5,6,0.0645706392462,0.1901,0.11,0.1901,0.11,0.1919,0.0018,0.0195217327732,-0.0182835059204,6,30,2,0.08235,False
fork4,2000,13,8,True,False,True,False,True,False,False,5,6,0.102561707196,0.569532786305,0.1901,0.569532786305,0.11,0.569532786305,0,0.25337542851,-0.00142479861283,12,60,4,0.462032786055,False
fork4,2000,13,32,True,True,True,True,True,False,False,4,5,0,0.965663161797,0.569532786305,0.965663161797,0.11,0.965663161797,0,0.196780256196,0,17,85,6,0.858163161797,False
fork4,2000,14,2,True,False,True,True,True,False,False,5,6,0.0602782264769,0.1919,0.11,0.1919,0.11,0.1919,0,0.0133961223305,0,6,30,2,0.08595,False
fork4,2000,14,8,True,False,True,False,True,False,False,5,6,0.151628814233,0.569532786305,0.1919,0.569532786305,0.11,0.569532786305,0,0.222421857901,-0.0419057584367,12,60,4,0.455032786755,False
fork4,2000,14,32,True,False,True,True,True,False,False,5,6,0.0770366447755,0.965663161797,0.569532786305,0.965663161797,0.11,0.965663161797,0,0.196780255415,0,18,90,6,0.851163161797,False
fork4,2000,15,2,True,False,True,True,True,False,False,5,6,0.0652921879144,0.1919,0.11,0.1919,0.11,0.1919,0,0.011724438981,0,6,30,2,0.0828,False
fork4,2000,15,8,True,False,True,False,True,False,False,5,6,0.127626049612,0.569532786305,0.1919,0.569532786305,0.11,0.569532786305,0,0.229750600185,-0.0345770162478,12,60,4,0.458532786405,False
fork4,2000,15,32,True,False,True,True,True,False,False,5,6,0.0363391004214,0.965663161797,0.569532786305,0.965663161797,0.11,0.965663161797,0,0.196780255801,0,18,90,6,0.854663161797,False
fork4,2000,16,2,True,False,True,True,True,False,False,5,6,0.0624645210717,0.1919,0.11,0.1919,0.11,0.1919,0,0.0126491452625,0,6,30,2,0.0846,False
fork4,2000,16,8,True,False,True,False,True,False,False,5,6,0.141460422158,0.569532786305,0.1919,0.569532786305,0.11,0.569532786305,0,0.225542980073,-0.0387846363038,12,60,4,0.456532786605,False
fork4,2000,16,32,True,False,True,True,True,False,False,5,6,0.0597957729832,0.965663161797,0.569532786305,0.965663161797,0.11,0.965663161797,0,0.196780255579,0,18,90,6,0.852663161797,False
fork4,2000,17,2,True,False,True,True,True,False,False,5,6,0.0638913174316,0.1919,0.11,0.1919,0.11,0.1919,0,0.0121762150324,0,6,30,2,0.0837,False
fork4,2000,17,8,True,False,True,False,True,False,False,5,6,0.134584251543,0.569532786305,0.1919,0.569532786305,0.11,0.569532786305,0,0.227639948578,-0.0366876678263,12,60,4,0.457532786505,False
fork4,2000,17,32,True,False,True,True,True,False,False,5,6,0.0481369802144,0.965663161797,0.569532786305,0.965663161797,0.11,0.965663161797,0,0.19678025569,0,18,90,6,0.853663161797,False
fork4,2000,18,2,True,False,True,True,True,False,False,5,6,0.0652921879144,0.1919,0.11,0.1919,0.11,0.1919,0,0.011724438981,0,6,30,2,0.0828,False
fork4,2000,18,8,True,False,True,False,True,False,False,5,6,0.127626049612,0.569532786305,0.1919,0.569532786305,0.11,0.569532786305,0,0.229750600185,-0.0345770162478,12,60,4,0.458532786405,False
fork4,2000,18,32,True,False,True,True,True,False,False,5,6,0.0363391004214,0.965663161797,0.569532786305,0.965663161797,0.11,0.965663161797,0,0.196780255801,0,18,90,6,0.854663161797,False
fork4,2000,19,2,True,False,True,False,True,False,False,5,6,0.0586663673757,0.1901,0.11,0.1901,0.11,0.1919,0.0018,0.0222177640041,-0.0156824379527,6,30,2,0.0846,False
fork4,2000,19,8,True,False,True,False,True,False,False,5,6,0.0838801717943,0.569532786305,0.1901,0.569532786305,0.11,0.569532786305,0,0.253664435868,-0.00113579134988,12,60,4,0.464532785805,False
fork4,2000,19,32,True,True,True,True,True,False,False,4,5,0,0.965663161797,0.569532786305,0.965663161797,0.11,0.965663161797,0,0.196780256485,0,17,85,6,0.860663161797,False
fork4,2000,20,2,True,False,True,True,True,False,False,5,6,0.0666658268831,0.1919,0.11,0.1919,0.11,0.1919,0,0.0112949008697,0,6,30,2,0.0819,False
fork4,2000,20,8,True,False,True,False,True,False,False,5,6,0.120581685237,0.569532786305,0.1919,0.569532786305,0.11,0.569532786305,0,0.231875623981,-0.0324519924819,12,60,4,0.459532786305,False
fork4,2000,20,32,True,True,True,True,True,False,False,4,5,0.0243951291279,0.965663161797,0.569532786305,0.965663161797,0.11,0.965663161797,0,0.196780255913,0,17,85,6,0.855663161797,False
fork4,2000,21,2,True,False,True,False,True,False,False,5,6,0.059865713726,0.1901,0.11,0.1901,0.11,0.1919,0.0018,0.0216728924278,-0.0162072745403,6,30,2,0.08415,False
fork4,2000,21,8,True,False,True,False,True,False,False,5,6,0.0876749888003,0.569532786305,0.1901,0.569532786305,0.11,0.569532786305,0,0.25360612073,-0.00119410646796,12,60,4,0.464032785855,False
fork4,2000,21,32,True,True,True,True,True,False,False,4,5,0,0.965663161797,0.569532786305,0.965663161797,0.11,0.965663161797,0,0.196780256427,0,17,85,6,0.860163161797,False
fork4,2000,22,2,True,False,True,False,True,False,False,5,6,0.065725328369,0.1901,0.11,0.1901,0.11,0.1919,0.0018,0.0189905415323,-0.018797178201,6,30,2,0.0819,False
fork4,2000,22,8,True,False,True,False,True,False,False,5,6,0.106215225563,0.569532786305,0.1901,0.569532786305,0.11,0.569532786305,0,0.253318353852,-0.00148187325361,12,60,4,0.461532786105,False
fork4,2000,22,32,True,True,True,True,True,False,False,4,5,3.62838430493e-05,0.965663161797,0.569532786305,0.965663161797,0.11,0.965663161797,0,0.196780256139,0,17,85,6,0.857663161797,False
fork4,2000,23,2,True,False,True,False,True,False,False,5,6,0.056237373246,0.1901,0.11,0.1901,0.11,0.1919,0.0018,0.0233167925923,-0.0146251894203,6,30,2,0.0855,False
fork4,2000,23,8,True,False,True,False,True,False,False,5,6,0.0761946619095,0.569532786305,0.1901,0.569532786305,0.11,0.569532786305,0,0.253781907851,-0.00101831940819,12,60,4,0.465532785705,False
fork4,2000,23,32,True,True,True,True,True,False,False,4,5,0,0.965663161797,0.569532786305,0.965663161797,0.11,0.965663161797,0,0.196780256602,0,17,85,6,0.861663161797,False
fork4,2000,24,2,True,False,True,False,True,False,False,5,6,0.0680107626955,0.1919,0.11,0.1919,0.11,0.1919,0,0.0108888233948,-0.000217053977911,6,30,2,0.081,False
fork4,2000,24,8,True,False,True,False,True,False,False,5,6,0.113446502038,0.569532786305,0.1919,0.569532786305,0.11,0.569532786305,0,0.234015796666,-0.0303118198289,12,60,4,0.460532786205,False
fork4,2000,24,32,True,True,True,True,True,False,False,4,5,0.0122971712756,0.965663161797,0.569532786305,0.965663161797,0.11,0.965663161797,0,0.196780256025,0,17,85,6,0.856663161797,False
fork4,2000,25,2,True,False,True,False,True,False,False,5,6,0.0668719545576,0.1901,0.11,0.1901,0.11,0.1919,0.0018,0.018461819665,-0.0193088347482,6,30,2,0.08145,False
fork4,2000,25,8,True,False,True,False,True,False,False,5,6,0.109843232235,0.569532786305,0.1901,0.569532786305,0.11,0.569532786305,0,0.253261503164,-0.00153872392422,12,60,4,0.461032786155,False
fork4,2000,25,32,True,True,True,True,True,False,False,4,5,0.00618769868025,0.965663161797,0.569532786305,0.965663161797,0.11,0.965663161797,0,0.196780256082,0,17,85,6,0.857163161797,False
fork4,2000,26,2,True,False,True,True,True,False,False,5,6,0.0666658268831,0.1919,0.11,0.1919,0.11,0.1919,0,0.0112949008697,0,6,30,2,0.0819,False
fork4,2000,26,8,True,False,True,False,True,False,False,5,6,0.120581685237,0.569532786305,0.1919,0.569532786305,0.11,0.569532786305,0,0.231875623981,-0.0324519924819,12,60,4,0.459532786305,False
fork4,2000,26,32,True,True,True,True,True,False,False,4,5,0.0243951291279,0.965663161797,0.569532786305,0.965663161797,0.11,0.965663161797,0,0.196780255913,0,17,85,6,0.855663161797,False
fork4,2000,27,2,True,False,True,False,True,False,False,5,6,0.0668719545576,0.1901,0.11,0.1901,0.11,0.1919,0.0018,0.018461819665,-0.0193088347482,6,30,2,0.08145,False
fork4,2000,27,8,True,False,True,False,True,False,False,5,6,0.109843232235,0.569532786305,0.1901,0.569532786305,0.11,0.569532786305,0,0.253261503164,-0.00153872392422,12,60,4,0.461032786155,False
fork4,2000,27,32,True,True,True,True,True,False,False,4,5,0.00618769868025,0.965663161797,0.569532786305,0.965663161797,0.11,0.965663161797,0,0.196780256082,0,17,85,6,0.857163161797,False
fork4,2000,28,2,True,False,True,False,True,False,False,5,6,0.0550068677556,0.1901,0.11,0.1901,0.11,0.1919,0.0018,0.0238712131401,-0.0140925630477,6,30,2,0.08595,False
fork4,2000,28,8,True,False,True,False,True,False,False,5,6,0.0723012551719,0.569532786305,0.1901,0.569532786305,0.11,0.569532786305,0,0.253841088522,-0.000959138759304,12,60,4,0.466032785655,False
fork4,2000,28,32,True,True,True,True,True,False,False,4,5,0,0.965663161797,0.569532786305,0.965663161797,0.11,0.965663161797,0,0.196780256662,0,17,85,6,0.862163161797,False
fork4,2000,29,2,True,False,True,False,True,False,False,5,6,0.0680107626955,0.1919,0.11,0.1919,0.11,0.1919,0,0.0108888233948,-0.000217053977911,6,30,2,0.081,False
fork4,2000,29,8,True,False,True,False,True,False,False,5,6,0.113446502038,0.569532786305,0.1919,0.569532786305,0.11,0.569532786305,0,0.234015796666,-0.0303118198289,12,60,4,0.460532786205,False
fork4,2000,29,32,True,True,True,True,True,False,False,4,5,0.0122971712756,0.965663161797,0.569532786305,0.965663161797,0.11,0.965663161797,0,0.196780256025,0,17,85,6,0.856663161797,False
fork4,20000,0,2,True,True,True,True,True,False,False,0,1,0.0297446682292,0.1919,0.11,0.1919,0.11,0.1919,0,0.0632471821104,0,1,5,2,0.08181,False
fork4,20000,0,8,True,True,True,False,True,False,False,4,5,0,0.569532786305,0.1919,0.569532786305,0.11,0.569532786305,0,0.337034386368,-0.010688712934,6,30,4,0.459632786295,False
fork4,20000,0,32,True,True,True,True,True,False,False,4,5,0,0.965663161797,0.569532786305,0.965663161797,0.11,0.965663161797,0,0.339467728759,0,11,55,6,0.855763161797,False
fork4,20000,1,2,True,True,True,True,True,False,False,0,1,0.0295002382898,0.1919,0.11,0.1919,0.11,0.1919,0,0.0633597186954,0,1,5,2,0.081945,False
fork4,20000,1,8,True,True,True,False,True,False,False,4,5,0,0.569532786305,0.1919,0.569532786305,0.11,0.569532786305,0,0.336735891073,-0.010987208228,6,30,4,0.45948278631,False
fork4,20000,1,32,True,True,True,True,True,False,False,4,5,0,0.965663161797,0.569532786305,0.965663161797,0.11,0.965663161797,0,0.339467728743,0,11,55,6,0.855613161797,False
fork4,20000,2,2,True,True,True,True,True,False,False,0,1,0.0284386113377,0.1919,0.11,0.1919,0.11,0.1919,0,0.0638493385069,0,1,5,2,0.08253,False
fork4,20000,2,8,True,True,True,False,True,False,False,4,5,0,0.569532786305,0.1919,0.569532786305,0.11,0.569532786305,0,0.335443694248,-0.0122794050464,6,30,4,0.458832786375,False
fork4,20000,2,32,True,True,True,True,True,False,False,4,5,0,0.965663161797,0.569532786305,0.965663161797,0.11,0.965663161797,0,0.339467728675,0,11,55,6,0.854963161797,False
fork4,20000,3,2,True,True,True,True,True,False,False,3,4,0.0210318122589,0.1919,0.11,0.1919,0.11,0.1919,0,0.0628360372287,0,4,20,2,0.081315,False
fork4,20000,3,8,True,True,True,False,True,False,False,4,5,0,0.569532786305,0.1919,0.569532786305,0.11,0.569532786305,0,0.338129843131,-0.00959325617658,9,45,4,0.46018278624,False
fork4,20000,3,32,True,True,True,True,True,False,False,4,5,0,0.965663161797,0.569532786305,0.965663161797,0.11,0.965663161797,0,0.339467728817,0,14,70,6,0.856313161797,False
fork4,20000,4,2,True,True,True,True,True,False,False,3,4,0.0208518122589,0.1919,0.11,0.1919,0.11,0.1919,0,0.0629106147652,0,4,20,2,0.081405,False
fork4,20000,4,8,True,True,True,False,True,False,False,4,5,0,0.569532786305,0.1919,0.569532786305,0.11,0.569532786305,0,0.337930554018,-0.00979254528899,9,45,4,0.46008278625,False
fork4,20000,4,32,True,True,True,True,True,False,False,4,5,0,0.965663161797,0.569532786305,0.965663161797,0.11,0.965663161797,0,0.339467728806,0,14,70,6,0.856213161797,False
fork4,20000,5,2,True,True,True,True,True,False,False,0,1,0.0272910212826,0.1919,0.11,0.1919,0.11,0.1919,0,0.0643800905627,0,1,5,2,0.08316,False
fork4,20000,5,8,True,True,True,False,True,False,False,4,5,0,0.569532786305,0.1919,0.569532786305,0.11,0.569532786305,0,0.334054366843,-0.0136687324442,6,30,4,0.458132786445,False
fork4,20000,5,32,True,True,True,True,True,False,False,4,5,0,0.965663161797,0.569532786305,0.965663161797,0.11,0.965663161797,0,0.339467728602,0,11,55,6,0.854263161797,False
fork4,20000,6,2,True,True,True,True,True,False,False,0,1,0.0286021923663,0.1919,0.11,0.1919,0.11,0.1919,0,0.0637738075852,0,1,5,2,0.08244,False
fork4,20000,6,8,True,True,True,False,True,False,False,4,5,0,0.569532786305,0.1919,0.569532786305,0.11,0.569532786305,0,0.335642359807,-0.0120807394886,6,30,4,0.458932786365,False
fork4,20000,6,32,True,True,True,True,True,False,False,4,5,0,0.965663161797,0.569532786305,0.965663161797,0.11,0.965663161797,0,0.339467728686,0,11,55,6,0.855063161797,False
fork4,20000,7,2,True,True,True,True,True,False,False,0,1,0.0298260973947,0.1919,0.11,0.1919,0.11,0.1919,0,0.0632097082304,0,1,5,2,0.081765,False
fork4,20000,7,8,True,True,True,False,True,False,False,4,5,0,0.569532786305,0.1919,0.569532786305,0.11,0.569532786305,0,0.337133909859,-0.0105891894433,6,30,4,0.45968278629,False
fork4,20000,7,32,True,True,True,True,True,False,False,4,5,0,0.965663161797,0.569532786305,0.965663161797,0.11,0.965663161797,0,0.339467728764,0,11,55,6,0.855813161797,False
fork4,20000,8,2,True,True,True,True,True,False,False,3,4,0.0226518122589,0.1919,0.11,0.1919,0.11,0.1919,0,0.0621684632759,0,4,20,2,0.080505,False
fork4,20000,8,8,True,True,True,False,True,False,False,4,5,0,0.569532786305,0.1919,0.569532786305,0.11,0.569532786305,0,0.339925815046,-0.00779728427123,9,45,4,0.46108278615,False
fork4,20000,8,32,True,True,True,True,True,False,False,4,5,0,0.965663161797,0.569532786305,0.965663161797,0.11,0.965663161797,0,0.339467728911,0,14,70,6,0.857213161797,False
fork4,20000,9,2,True,True,True,True,True,False,False,0,1,0.0297446682292,0.1919,0.11,0.1919,0.11,0.1919,0,0.0632471821104,0,1,5,2,0.08181,False
fork4,20000,9,8,True,True,True,False,True,False,False,4,5,0,0.569532786305,0.1919,0.569532786305,0.11,0.569532786305,0,0.337034386368,-0.010688712934,6,30,4,0.459632786295,False
fork4,20000,9,32,True,True,True,True,True,False,False,4,5,0,0.965663161797,0.569532786305,0.965663161797,0.11,0.965663161797,0,0.339467728759,0,11,55,6,0.855763161797,False
fork4,20000,10,2,True,True,True,True,True,False,False,0,1,0.02958173861,0.1919,0.11,0.1919,0.11,0.1919,0,0.0633221873969,0,1,5,2,0.0819,False
fork4,20000,10,8,True,True,True,False,True,False,False,4,5,0,0.569532786305,0.1919,0.569532786305,0.11,0.569532786305,0,0.33683537701,-0.0108877222912,6,30,4,0.459532786305,False
fork4,20000,10,32,True,True,True,True,True,False,False,4,5,0,0.965663161797,0.569532786305,0.965663161797,0.11,0.965663161797,0,0.339467728748,0,11,55,6,0.855663161797,False
fork4,20000,11,2,True,True,True,True,True,False,False,0,1,0.0285204132641,0.1919,0.11,0.1919,0.11,0.1919,0,0.0638115638378,0,1,5,2,0.082485,False
fork4,20000,11,8,True,True,True,False,True,False,False,4,5,0,0.569532786305,0.1919,0.569532786305,0.11,0.569532786305,0,0.335543021004,-0.0121800782906,6,30,4,0.45888278637,False
fork4,20000,11,32,True,True,True,True,True,False,False,4,5,0,0.965663161797,0.569532786305,0.965663161797,0.11,0.965663161797,0,0.33946772868,0,11,55,6,0.855013161797,False
fork4,20000,12,2,True,True,True,True,True,False,False,0,1,0.0272910212826,0.1919,0.11,0.1919,0.11,0.1919,0,0.0643800905627,0,1,5,2,0.08316,False
fork4,20000,12,8,True,True,True,False,True,False,False,4,5,0,0.569532786305,0.1919,0.569532786305,0.11,0.569532786305,0,0.334054366843,-0.0136687324442,6,30,4,0.458132786445,False
fork4,20000,12,32,True,True,True,True,True,False,False,4,5,0,0.965663161797,0.569532786305,0.965663161797,0.11,0.965663161797,0,0.339467728602,0,11,55,6,0.854263161797,False
fork4,20000,13,2,True,True,True,True,True,False,False,3,4,0.0220218122589,0.1919,0.11,0.1919,0.11,0.1919,0,0.0624272900928,0,4,20,2,0.08082,False
fork4,20000,13,8,True,True,True,False,True,False,False,4,5,0,0.569532786305,0.1919,0.569532786305,0.11,0.569532786305,0,0.339226867994,-0.00849623131975,9,45,4,0.460732786185,False
fork4,20000,13,32,True,True,True,True,True,False,False,4,5,0,0.965663161797,0.569532786305,0.965663161797,0.11,0.965663161797,0,0.339467728874,0,14,70,6,0.856863161797,False
fork4,20000,14,2,True,True,True,True,True,False,False,0,1,0.029418714384,0.1919,0.11,0.1919,0.11,0.1919,0,0.0633972690261,0,1,5,2,0.08199,False
fork4,20000,14,8,True,True,True,False,True,False,False,4,5,0,0.569532786305,0.1919,0.569532786305,0.11,0.569532786305,0,0.336636417583,-0.011086681717,6,30,4,0.459432786315,False
fork4,20000,14,32,True,True,True,True,True,False,False,4,5,0,0.965663161797,0.569532786305,0.965663161797,0.11,0.965663161797,0,0.339467728738,0,11,55,6,0.855563161797,False
fork4,20000,15,2,True,True,True,True,True,False,False,0,1,0.029418714384,0.1919,0.11,0.1919,0.11,0.1919,0,0.0633972690261,0,1,5,2,0.08199,False
fork4,20000,15,8,True,True,True,False,True,False,False,4,5,0,0.569532786305,0.1919,0.569532786305,0.11,0.569532786305,0,0.336636417583,-0.011086681717,6,30,4,0.459432786315,False
fork4,20000,15,32,True,True,True,True,True,False,False,4,5,0,0.965663161797,0.569532786305,0.965663161797,0.11,0.965663161797,0,0.339467728738,0,11,55,6,0.855563161797,False
fork4,20000,16,2,True,True,True,True,True,False,False,0,1,0.0285204132641,0.1919,0.11,0.1919,0.11,0.1919,0,0.0638115638378,0,1,5,2,0.082485,False
fork4,20000,16,8,True,True,True,False,True,False,False,4,5,0,0.569532786305,0.1919,0.569532786305,0.11,0.569532786305,0,0.335543021004,-0.0121800782906,6,30,4,0.45888278637,False
fork4,20000,16,32,True,True,True,True,True,False,False,4,5,0,0.965663161797,0.569532786305,0.965663161797,0.11,0.965663161797,0,0.33946772868,0,11,55,6,0.855013161797,False
fork4,20000,17,2,True,True,True,True,True,False,False,0,1,0.0290107433563,0.1919,0.11,0.1919,0.11,0.1919,0,0.0635853043155,0,1,5,2,0.082215,False
fork4,20000,17,8,True,True,True,False,True,False,False,4,5,0,0.569532786305,0.1919,0.569532786305,0.11,0.569532786305,0,0.336139235649,-0.0115838636484,6,30,4,0.45918278634,False
fork4,20000,17,32,True,True,True,True,True,False,False,4,5,0,0.965663161797,0.569532786305,0.965663161797,0.11,0.965663161797,0,0.339467728712,0,11,55,6,0.855313161797,False
fork4,20000,18,2,True,True,True,True,True,False,False,0,1,0.0290923842129,0.1919,0.11,0.1919,0.11,0.1919,0,0.0635476596137,0,1,5,2,0.08217,False
fork4,20000,18,8,True,True,True,False,True,False,False,4,5,0,0.569532786305,0.1919,0.569532786305,0.11,0.569532786305,0,0.336238647415,-0.0114844518835,6,30,4,0.459232786335,False
fork4,20000,18,32,True,True,True,True,True,False,False,4,5,0,0.965663161797,0.569532786305,0.965663161797,0.11,0.965663161797,0,0.339467728717,0,11,55,6,0.855363161797,False
fork4,20000,19,2,True,True,True,True,True,False,False,3,4,0.0228318122589,0.1919,0.11,0.1919,0.11,0.1919,0,0.0620947001219,0,4,20,2,0.080415,False
fork4,20000,19,8,True,True,True,False,True,False,False,4,5,0,0.569532786305,0.1919,0.569532786305,0.11,0.569532786305,0,0.340125636726,-0.00759746259296,9,45,4,0.46118278614,False
fork4,20000,19,32,True,True,True,True,True,False,False,4,5,0,0.965663161797,0.569532786305,0.965663161797,0.11,0.965663161797,0,0.339467728922,0,14,70,6,0.857313161797,False
fork4,20000,20,2,True,True,True,True,True,False,False,3,4,0.0210318122589,0.1919,0.11,0.1919,0.11,0.1919,0,0.0628360372287,0,4,20,2,0.081315,False
fork4,20000,20,8,True,True,True,False,True,False,False,4,5,0,0.569532786305,0.1919,0.569532786305,0.11,0.569532786305,0,0.338129843131,-0.00959325617658,9,45,4,0.46018278624,False
fork4,20000,20,32,True,True,True,True,True,False,False,4,5,0,0.965663161797,0.569532786305,0.965663161797,0.11,0.965663161797,0,0.339467728817,0,14,70,6,0.856313161797,False
fork4,20000,21,2,True,True,True,True,True,False,False,0,1,0.0286021923663,0.1919,0.11,0.1919,0.11,0.1919,0,0.0637738075852,0,1,5,2,0.08244,False
fork4,20000,21,8,True,True,True,False,True,False,False,4,5,0,0.569532786305,0.1919,0.569532786305,0.11,0.569532786305,0,0.335642359807,-0.0120807394886,6,30,4,0.458932786365,False
fork4,20000,21,32,True,True,True,True,True,False,False,4,5,0,0.965663161797,0.569532786305,0.965663161797,0.11,0.965663161797,0,0.339467728686,0,11,55,6,0.855063161797,False
fork4,20000,22,2,True,True,True,True,True,False,False,0,1,0.0281930692212,0.1919,0.11,0.1919,0.11,0.1919,0,0.0639627725222,0,1,5,2,0.082665,False
fork4,20000,22,8,True,True,True,False,True,False,False,4,5,0,0.569532786305,0.1919,0.569532786305,0.11,0.569532786305,0,0.335145785935,-0.0125773133582,6,30,4,0.45868278639,False
fork4,20000,22,32,True,True,True,True,True,False,False,4,5,0,0.965663161797,0.569532786305,0.965663161797,0.11,0.965663161797,0,0.33946772866,0,11,55,6,0.854813161797,False
fork4,20000,23,2,True,True,True,True,True,False,False,0,1,0.0285204132641,0.1919,0.11,0.1919,0.11,0.1919,0,0.0638115638378,0,1,5,2,0.082485,False
fork4,20000,23,8,True,True,True,False,True,False,False,4,5,0,0.569532786305,0.1919,0.569532786305,0.11,0.569532786305,0,0.335543021004,-0.0121800782906,6,30,4,0.45888278637,False
fork4,20000,23,32,True,True,True,True,True,False,False,4,5,0,0.965663161797,0.569532786305,0.965663161797,0.11,0.965663161797,0,0.33946772868,0,11,55,6,0.855013161797,False
fork4,20000,24,2,True,True,True,True,True,False,False,3,4,0.0213018122589,0.1919,0.11,0.1919,0.11,0.1919,0,0.0627243196631,0,4,20,2,0.08118,False
fork4,20000,24,8,True,True,True,False,True,False,False,4,5,0,0.569532786305,0.1919,0.569532786305,0.11,0.569532786305,0,0.338428874075,-0.00929422523434,9,45,4,0.460332786225,False
fork4,20000,24,32,True,True,True,True,True,False,False,4,5,0,0.965663161797,0.569532786305,0.965663161797,0.11,0.965663161797,0,0.339467728832,0,14,70,6,0.856463161797,False
fork4,20000,25,2,True,True,True,True,True,False,False,3,4,0.0211218122589,0.1919,0.11,0.1919,0.11,0.1919,0,0.0627987781498,0,4,20,2,0.08127,False
fork4,20000,25,8,True,True,True,False,True,False,False,4,5,0,0.569532786305,0.1919,0.569532786305,0.11,0.569532786305,0,0.338229507105,-0.00949359220381,9,45,4,0.460232786235,False
fork4,20000,25,32,True,True,True,True,True,False,False,4,5,0,0.965663161797,0.569532786305,0.965663161797,0.11,0.965663161797,0,0.339467728822,0,14,70,6,0.856363161797,False
fork4,20000,26,2,True,True,True,True,True,False,False,0,1,0.0299075027079,0.1919,0.11,0.1919,0.11,0.1919,0,0.0631722535983,0,1,5,2,0.08172,False
fork4,20000,26,8,True,True,True,False,True,False,False,4,5,0,0.569532786305,0.1919,0.569532786305,0.11,0.569532786305,0,0.337233445939,-0.0104896533638,6,30,4,0.459732786285,False
fork4,20000,26,32,True,True,True,True,True,False,False,4,5,0,0.965663161797,0.569532786305,0.965663161797,0.11,0.965663161797,0,0.339467728769,0,11,55,6,0.855863161797,False
fork4,20000,27,2,True,True,True,True,True,False,False,0,1,0.0276193499665,0.1919,0.11,0.1919,0.11,0.1919,0,0.0642280874168,0,1,5,2,0.08298,False
fork4,20000,27,8,True,True,True,False,True,False,False,4,5,0,0.569532786305,0.1919,0.569532786305,0.11,0.569532786305,0,0.334451082241,-0.0132720170483,6,30,4,0.458332786425,False
fork4,20000,27,32,True,True,True,True,True,False,False,4,5,0,0.965663161797,0.569532786305,0.965663161797,0.11,0.965663161797,0,0.339467728623,0,11,55,6,0.854463161797,False
fork4,20000,28,2,True,True,True,True,True,False,False,0,1,0.0287656818527,0.1919,0.11,0.1919,0.11,0.1919,0,0.0636983505282,0,1,5,2,0.08235,False
fork4,20000,28,8,True,True,True,False,True,False,False,4,5,0,0.569532786305,0.1919,0.569532786305,0.11,0.569532786305,0,0.335841073679,-0.0118820256169,6,30,4,0.459032786355,False
fork4,20000,28,32,True,True,True,True,True,False,False,4,5,0,0.965663161797,0.569532786305,0.965663161797,0.11,0.965663161797,0,0.339467728696,0,11,55,6,0.855163161797,False
fork4,20000,29,2,True,True,True,True,True,False,False,3,4,0.0211218122589,0.1919,0.11,0.1919,0.11,0.1919,0,0.0627987781498,0,4,20,2,0.08127,False
fork4,20000,29,8,True,True,True,False,True,False,False,4,5,0,0.569532786305,0.1919,0.569532786305,0.11,0.569532786305,0,0.338229507105,-0.00949359220381,9,45,4,0.460232786235,False
fork4,20000,29,32,True,True,True,True,True,False,False,4,5,0,0.965663161797,0.569532786305,0.965663161797,0.11,0.965663161797,0,0.339467728822,0,14,70,6,0.856363161797,False
fork4,200000,0,2,True,True,True,True,True,False,False,0,1,0.0188487701594,0.1919,0.11,0.1919,0.11,0.1919,0,0.0763810216676,0,1,5,2,0.0818595,False
fork4,200000,0,8,True,True,True,False,True,False,False,4,5,0,0.569532786305,0.1919,0.569532786305,0.11,0.569532786305,0,0.365406950416,-0.00458780670397,6,30,4,0.4595777863,False
fork4,200000,0,32,True,True,True,True,True,False,False,4,5,0,0.965663161797,0.569532786305,0.965663161797,0.11,0.965663161797,0,0.378956060835,0,11,55,6,0.855708161797,False
fork4,200000,1,2,True,True,True,True,True,False,False,0,1,0.0188051861201,0.1919,0.11,0.1919,0.11,0.1919,0,0.0764023503121,0,1,5,2,0.081882,False
fork4,200000,1,8,True,True,True,False,True,False,False,4,5,0,0.569532786305,0.1919,0.569532786305,0.11,0.569532786305,0,0.365358703106,-0.00463605401403,6,30,4,0.459552786303,False
fork4,200000,1,32,True,True,True,True,True,False,False,4,5,0,0.965663161797,0.569532786305,0.965663161797,0.11,0.965663161797,0,0.378956060832,0,11,55,6,0.855683161797,False
fork4,200000,2,2,True,True,True,True,True,False,False,0,1,0.0184128454757,0.1919,0.11,0.1919,0.11,0.1919,0,0.0765943760249,0,1,5,2,0.0820845,False
fork4,200000,2,8,True,True,True,False,True,False,False,4,5,0,0.569532786305,0.1919,0.569532786305,0.11,0.569532786305,0,0.364924521801,-0.00507023531774,6,30,4,0.459327786325,False
fork4,200000,2,32,True,True,True,True,True,False,False,4,5,0,0.965663161797,0.569532786305,0.965663161797,0.11,0.965663161797,0,0.37895606081,0,11,55,6,0.855458161797,False
fork4,200000,3,2,True,True,True,True,True,False,False,0,1,0.0191799471364,0.1919,0.11,0.1919,0.11,0.1919,0,0.0762189736994,0,1,5,2,0.0816885,False
fork4,200000,3,8,True,True,True,False,True,False,False,4,5,0,0.569532786305,0.1919,0.569532786305,0.11,0.569532786305,0,0.365773662548,-0.00422109457224,6,30,4,0.459767786281,False
fork4,200000,3,32,True,True,True,True,True,False,False,4,5,0,0.965663161797,0.569532786305,0.965663161797,0.11,0.965663161797,0,0.378956060854,0,11,55,6,0.855898161797,False
fork4,200000,4,2,True,True,True,True,True,False,False,0,1,0.0191015203745,0.1919,0.11,0.1919,0.11,0.1919,0,0.0762573455125,0,1,5,2,0.081729,False
fork4,200000,4,8,True,True,True,False,True,False,False,4,5,0,0.569532786305,0.1919,0.569532786305,0.11,0.569532786305,0,0.365686804455,-0.00430795266557,6,30,4,0.459722786286,False
fork4,200000,4,32,True,True,True,True,True,False,False,4,5,0,0.965663161797,0.569532786305,0.965663161797,0.11,0.965663161797,0,0.37895606085,0,11,55,6,0.855853161797,False
fork4,200000,5,2,True,True,True,True,True,False,False,0,1,0.018011630721,0.1919,0.11,0.1919,0.11,0.1919,0,0.076790794205,0,1,5,2,0.0822915,False
fork4,200000,5,8,True,True,True,False,True,False,False,4,5,0,0.569532786305,0.1919,0.569532786305,0.11,0.569532786305,0,0.364480774056,-0.00551398306275,6,30,4,0.459097786348,False
fork4,200000,5,32,True,True,True,True,True,False,False,4,5,0,0.965663161797,0.569532786305,0.965663161797,0.11,0.965663161797,0,0.378956060786,0,11,55,6,0.855228161797,False
fork4,200000,6,2,True,True,True,True,True,False,False,0,1,0.018465166292,0.1919,0.11,0.1919,0.11,0.1919,0,0.0765687655625,0,1,5,2,0.0820575,False
fork4,200000,6,8,True,True,True,False,True,False,False,4,5,0,0.569532786305,0.1919,0.569532786305,0.11,0.569532786305,0,0.364982408034,-0.00501234908494,6,30,4,0.459357786322,False
fork4,200000,6,32,True,True,True,True,True,False,False,4,5,0,0.965663161797,0.569532786305,0.965663161797,0.11,0.965663161797,0,0.378956060813,0,11,55,6,0.855488161797,False
fork4,200000,7,2,True,True,True,True,True,False,False,0,1,0.0188662032481,0.1919,0.11,0.1919,0.11,0.1919,0,0.0763724906345,0,1,5,2,0.0818505,False
fork4,200000,7,8,True,True,True,False,True,False,False,4,5,0,0.569532786305,0.1919,0.569532786305,0.11,0.569532786305,0,0.365426249618,-0.00456850750179,6,30,4,0.459587786299,False
fork4,200000,7,32,True,True,True,True,True,False,False,4,5,0,0.965663161797,0.569532786305,0.965663161797,0.11,0.965663161797,0,0.378956060836,0,11,55,6,0.855718161797,False
fork4,200000,8,2,True,True,True,True,True,False,False,0,1,0.017810965031,0.1919,0.11,0.1919,0.11,0.1919,0,0.0768890502774,0,1,5,2,0.082395,False
fork4,200000,8,8,True,True,True,False,True,False,False,4,5,0,0.569532786305,0.1919,0.569532786305,0.11,0.569532786305,0,0.364258930959,-0.00573582615912,6,30,4,0.45898278636,False
fork4,200000,8,32,True,True,True,True,True,False,False,4,5,0,0.965663161797,0.569532786305,0.965663161797,0.11,0.965663161797,0,0.378956060775,0,11,55,6,0.855113161797,False
fork4,200000,9,2,True,True,True,True,True,False,False,0,1,0.0188574867414,0.1919,0.11,0.1919,0.11,0.1919,0,0.0763767561207,0,1,5,2,0.081855,False
fork4,200000,9,8,True,True,True,False,True,False,False,4,5,0,0.569532786305,0.1919,0.569532786305,0.11,0.569532786305,0,0.365416599997,-0.00457815712276,6,30,4,0.4595827863,False
fork4,200000,9,32,True,True,True,True,True,False,False,4,5,0,0.965663161797,0.569532786305,0.965663161797,0.11,0.965663161797,0,0.378956060835,0,11,55,6,0.855713161797,False
fork4,200000,10,2,True,True,True,True,True,False,False,0,1,0.0188400535021,0.1919,0.11,0.1919,0.11,0.1919,0,0.0763852872752,0,1,5,2,0.081864,False
fork4,200000,10,8,True,True,True,False,True,False,False,4,5,0,0.569532786305,0.1919,0.569532786305,0.11,0.569532786305,0,0.365397300874,-0.00459745624544,6,30,4,0.459572786301,False
fork4,200000,10,32,True,True,True,True,True,False,False,4,5,0,0.965663161797,0.569532786305,0.965663161797,0.11,0.965663161797,0,0.378956060834,0,11,55,6,0.855703161797,False
fork4,200000,11,2,True,True,True,True,True,False,False,0,1,0.0187092946193,0.1919,0.11,0.1919,0.11,0.1919,0,0.0764492786589,0,1,5,2,0.0819315,False
fork4,200000,11,8,True,True,True,False,True,False,False,4,5,0,0.569532786305,0.1919,0.569532786305,0.11,0.569532786305,0,0.365252562514,-0.00474219460525,6,30,4,0.459497786308,False
fork4,200000,11,32,True,True,True,True,True,False,False,4,5,0,0.965663161797,0.569532786305,0.965663161797,0.11,0.965663161797,0,0.378956060827,0,11,55,6,0.855628161797,False
fork4,200000,12,2,True,True,True,True,True,False,False,0,1,0.018011630721,0.1919,0.11,0.1919,0.11,0.1919,0,0.076790794205,0,1,5,2,0.0822915,False
fork4,200000,12,8,True,True,True,False,True,False,False,4,5,0,0.569532786305,0.1919,0.569532786305,0.11,0.569532786305,0,0.364480774056,-0.00551398306275,6,30,4,0.459097786348,False
fork4,200000,12,32,True,True,True,True,True,False,False,4,5,0,0.965663161797,0.569532786305,0.965663161797,0.11,0.965663161797,0,0.378956060786,0,11,55,6,0.855228161797,False
fork4,200000,13,2,True,True,True,True,True,False,False,0,1,0.0185087649267,0.1919,0.11,0.1919,0.11,0.1919,0,0.0765474251585,0,1,5,2,0.082035,False
fork4,200000,13,8,True,True,True,False,True,False,False,4,5,0,0.569532786305,0.1919,0.569532786305,0.11,0.569532786305,0,0.365030647641,-0.00496410947802,6,30,4,0.45938278632,False
fork4,200000,13,32,True,True,True,True,True,False,False,4,5,0,0.965663161797,0.569532786305,0.965663161797,0.11,0.965663161797,0,0.378956060815,0,11,55,6,0.855513161797,False
fork4,200000,14,2,True,True,True,True,True,False,False,0,1,0.0187964690866,0.1919,0.11,0.1919,0.11,0.1919,0,0.0764066162228,0,1,5,2,0.0818865,False
fork4,200000,14,8,True,True,True,False,True,False,False,4,5,0,0.569532786305,0.1919,0.569532786305,0.11,0.569532786305,0,0.365349053763,-0.00464570335692,6,30,4,0.459547786303,False
fork4,200000,14,32,True,True,True,True,True,False,False,4,5,0,0.965663161797,0.569532786305,0.965663161797,0.11,0.965663161797,0,0.378956060832,0,11,55,6,0.855678161797,False
fork4,200000,15,2,True,True,True,True,True,False,False,0,1,0.0187441653071,0.1919,0.11,0.1919,0.11,0.1919,0,0.0764322129587,0,1,5,2,0.0819135,False
fork4,200000,15,8,True,True,True,False,True,False,False,4,5,0,0.569532786305,0.1919,0.569532786305,0.11,0.569532786305,0,0.365291158538,-0.00470359858137,6,30,4,0.459517786306,False
fork4,200000,15,32,True,True,True,True,True,False,False,4,5,0,0.965663161797,0.569532786305,0.965663161797,0.11,0.965663161797,0,0.378956060829,0,11,55,6,0.855648161797,False
fork4,200000,16,2,True,True,True,True,True,False,False,0,1,0.0184390062183,0.1919,0.11,0.1919,0.11,0.1919,0,0.0765815705242,0,1,5,2,0.082071,False
fork4,200000,16,8,True,True,True,False,True,False,False,4,5,0,0.569532786305,0.1919,0.569532786305,0.11,0.569532786305,0,0.364953464741,-0.00504129237787,6,30,4,0.459342786324,False
fork4,200000,16,32,True,True,True,True,True,False,False,4,5,0,0.965663161797,0.569532786305,0.965663161797,0.11,0.965663161797,0,0.378956060811,0,11,55,6,0.855473161797,False
fork4,200000,17,2,True,True,True,True,True,False,False,0,1,0.018604675364,0.1919,0.11,0.1919,0.11,0.1919,0,0.0765004815545,0,1,5,2,0.0819855,False
fork4,200000,17,8,True,True,True,False,True,False,False,4,5,0,0.569532786305,0.1919,0.569532786305,0.11,0.569532786305,0,0.365136778238,-0.00485797888106,6,30,4,0.459437786314,False
fork4,200000,17,32,True,True,True,True,True,False,False,4,5,0,0.965663161797,0.569532786305,0.965663161797,0.11,0.965663161797,0,0.378956060821,0,11,55,6,0.855568161797,False
fork4,200000,18,2,True,True,True,True,True,False,False,0,1,0.0186657045729,0.1919,0.11,0.1919,0.11,0.1919,0,0.0764706121433,0,1,5,2,0.081954,False
fork4,200000,18,8,True,True,True,False,True,False,False,4,5,0,0.569532786305,0.1919,0.569532786305,0.11,0.569532786305,0,0.365204318375,-0.00479043874487,6,30,4,0.459472786311,False
fork4,200000,18,32,True,True,True,True,True,False,False,4,5,0,0.965663161797,0.569532786305,0.965663161797,0.11,0.965663161797,0,0.378956060824,0,11,55,6,0.855603161797,False
fork4,200000,19,2,True,True,True,True,True,False,False,0,1,0.0190405175289,0.1919,0.11,0.1919,0.11,0.1919,0,0.0762871936827,0,1,5,2,0.0817605,False
fork4,200000,19,8,True,True,True,False,True,False,False,4,5,0,0.569532786305,0.1919,0.569532786305,0.11,0.569532786305,0,0.365619250404,-0.00437550671569,6,30,4,0.459687786289,False
fork4,200000,19,32,True,True,True,True,True,False,False,4,5,0,0.965663161797,0.569532786305,0.965663161797,0.11,0.965663161797,0,0.378956060846,0,11,55,6,0.855818161797,False
fork4,200000,20,2,True,True,True,True,True,False,False,0,1,0.0191799471364,0.1919,0.11,0.1919,0.11,0.1919,0,0.0762189736994,0,1,5,2,0.0816885,False
fork4,200000,20,8,True,True,True,False,True,False,False,4,5,0,0.569532786305,0.1919,0.569532786305,0.11,0.569532786305,0,0.365773662548,-0.00422109457224,6,30,4,0.459767786281,False
fork4,200000,20,32,True,True,True,True,True,False,False,4,5,0,0.965663161797,0.569532786305,0.965663161797,0.11,0.965663161797,0,0.378956060854,0,11,55,6,0.855898161797,False
fork4,200000,21,2,True,True,True,True,True,False,False,0,1,0.0184826059692,0.1919,0.11,0.1919,0.11,0.1919,0,0.0765602292209,0,1,5,2,0.0820485,False
fork4,200000,21,8,True,True,True,False,True,False,False,4,5,0,0.569532786305,0.1919,0.569532786305,0.11,0.569532786305,0,0.365001703759,-0.00499305336003,6,30,4,0.459367786321,False
fork4,200000,21,32,True,True,True,True,True,False,False,4,5,0,0.965663161797,0.569532786305,0.965663161797,0.11,0.965663161797,0,0.378956060814,0,11,55,6,0.855498161797,False
fork4,200000,22,2,True,True,True,True,True,False,False,0,1,0.0183430802292,0.1919,0.11,0.1919,0.11,0.1919,0,0.0766285266583,0,1,5,2,0.0821205,False
fork4,200000,22,8,True,True,True,False,True,False,False,4,5,0,0.569532786305,0.1919,0.569532786305,0.11,0.569532786305,0,0.364847342352,-0.00514741476691,6,30,4,0.459287786329,False
fork4,200000,22,32,True,True,True,True,True,False,False,4,5,0,0.965663161797,0.569532786305,0.965663161797,0.11,0.965663161797,0,0.378956060805,0,11,55,6,0.855418161797,False
fork4,200000,23,2,True,True,True,True,True,False,False,0,1,0.0187005767599,0.1919,0.11,0.1919,0.11,0.1919,0,0.0764535452351,0,1,5,2,0.081936,False
fork4,200000,23,8,True,True,True,False,True,False,False,4,5,0,0.569532786305,0.1919,0.569532786305,0.11,0.569532786305,0,0.365242913607,-0.00475184351227,6,30,4,0.459492786309,False
fork4,200000,23,32,True,True,True,True,True,False,False,4,5,0,0.965663161797,0.569532786305,0.965663161797,0.11,0.965663161797,0,0.378956060826,0,11,55,6,0.855623161797,False
fork4,200000,24,2,True,True,True,True,True,False,False,0,1,0.01926708075,0.1919,0.11,0.1919,0.11,0.1919,0,0.0761763441791,0,1,5,2,0.0816435,False
fork4,200000,24,8,True,True,True,False,True,False,False,4,5,0,0.569532786305,0.1919,0.569532786305,0.11,0.569532786305,0,0.365870175358,-0.00412458176229,6,30,4,0.459817786276,False
fork4,200000,24,32,True,True,True,True,True,False,False,4,5,0,0.965663161797,0.569532786305,0.965663161797,0.11,0.965663161797,0,0.378956060859,0,11,55,6,0.855948161797,False
fork4,200000,25,2,True,True,True,True,True,False,False,0,1,0.0192060880208,0.1919,0.11,0.1919,0.11,0.1919,0,0.0762061841984,0,1,5,2,0.081675,False
fork4,200000,25,8,True,True,True,False,True,False,False,4,5,0,0.569532786305,0.1919,0.569532786305,0.11,0.569532786305,0,0.365802615969,-0.00419214115166,6,30,4,0.45978278628,False
fork4,200000,25,32,True,True,True,True,True,False,False,4,5,0,0.965663161797,0.569532786305,0.965663161797,0.11,0.965663161797,0,0.378956060856,0,11,55,6,0.855913161797,False
fork4,200000,26,2,True,True,True,True,True,False,False,0,1,0.018918500705,0.1919,0.11,0.1919,0.11,0.1919,0,0.0763468989928,0,1,5,2,0.0818235,False
fork4,200000,26,8,True,True,True,False,True,False,False,4,5,0,0.569532786305,0.1919,0.569532786305,0.11,0.569532786305,0,0.36548414818,-0.00451060894041,6,30,4,0.459617786296,False
fork4,200000,26,32,True,True,True,True,True,False,False,4,5,0,0.965663161797,0.569532786305,0.965663161797,0.11,0.965663161797,0,0.378956060839,0,11,55,6,0.855748161797,False
fork4,200000,27,2,True,True,True,True,True,False,False,0,1,0.018116310479,0.1919,0.11,0.1919,0.11,0.1919,0,0.0767395425626,0,1,5,2,0.0822375,False
fork4,200000,27,8,True,True,True,False,True,False,False,4,5,0,0.569532786305,0.1919,0.569532786305,0.11,0.569532786305,0,0.3645965264,-0.0053982307189,6,30,4,0.459157786342,False
fork4,200000,27,32,True,True,True,True,True,False,False,4,5,0,0.965663161797,0.569532786305,0.965663161797,0.11,0.965663161797,0,0.378956060792,0,11,55,6,0.855288161797,False
fork4,200000,28,2,True,True,True,True,True,False,False,0,1,0.0189097846507,0.1919,0.11,0.1919,0.11,0.1919,0,0.0763511641145,0,1,5,2,0.081828,False
fork4,200000,28,8,True,True,True,False,True,False,False,4,5,0,0.569532786305,0.1919,0.569532786305,0.11,0.569532786305,0,0.36547449832,-0.00452025880017,6,30,4,0.459612786297,False
fork4,200000,28,32,True,True,True,True,True,False,False,4,5,0,0.965663161797,0.569532786305,0.965663161797,0.11,0.965663161797,0,0.378956060838,0,11,55,6,0.855743161797,False
fork4,200000,29,2,True,True,True,True,True,False,False,0,1,0.0191973744688,0.1919,0.11,0.1919,0.11,0.1919,0,0.076210447304,0,1,5,2,0.0816795,False
fork4,200000,29,8,True,True,True,False,True,False,False,4,5,0,0.569532786305,0.1919,0.569532786305,0.11,0.569532786305,0,0.365792964788,-0.00420179233205,6,30,4,0.45977778628,False
fork4,200000,29,32,True,True,True,True,True,False,False,4,5,0,0.965663161797,0.569532786305,0.965663161797,0.11,0.965663161797,0,0.378956060855,0,11,55,6,0.855908161797,False
stochastic3,200,0,2,True,False,False,False,False,False,False,3,4,8.07105741957,0.512444642422,0.407964606681,0.407964606681,0.407964606681,0.513903774546,0.00145913212402,-0.647205511151,-0.183403361849,4,144,2,0.121875779436,False
stochastic3,200,0,8,True,False,False,False,False,False,False,3,4,15.2881286124,0.744238036495,0.407964606681,0.407964606681,0.407964606681,0.76307171194,0.0188336754447,-0.679134627958,-0.468413600699,8,288,4,0.354805453783,False
stochastic3,200,0,32,True,False,False,False,False,False,False,3,4,16.4777274282,0.779339114091,0.407964606681,0.407964606681,0.407964606681,0.832575131988,0.0532360178969,-0.724151751713,-0.426671781909,12,432,6,0.472317268905,False
stochastic3,200,1,2,True,False,False,False,False,False,False,3,4,8.20364291121,0.714589581042,0.553854026722,0.553854026722,0.553854026722,0.716307413392,0.00171783235017,-0.759385956468,-0.172183310033,4,144,2,0.151341256549,False
stochastic3,200,1,8,True,False,False,False,False,False,False,3,4,13.4846942437,0.833664627902,0.553854026722,0.553854026722,0.553854026722,0.833698026466,3.33985642337e-05,-0.775153681749,-0.49788894316,8,288,4,0.267396555575,False
stochastic3,200,1,32,True,False,False,False,False,False,False,3,4,13.7166522562,0.862124370659,0.553854026722,0.553854026722,0.553854026722,0.862124370709,4.97816232681e-11,-0.931103520967,-0.670529009576,12,432,6,0.293882301036,False
stochastic3,200,2,2,True,False,False,False,False,False,False,3,4,8.38353121456,0.791502685461,0.67716650516,0.67716650516,0.67716650516,0.796453829864,0.0049511444037,-0.805820251441,-0.230997346184,4,144,2,0.126309608557,False
stochastic3,200,2,8,True,False,False,False,False,False,False,3,4,14.4112803898,0.865483826896,0.67716650516,0.67716650516,0.67716650516,0.895554361242,0.030070534346,-0.832358810846,-0.483757549457,8,288,4,0.243368366896,False
stochastic3,200,2,32,True,False,False,False,False,False,False,3,4,14.9016063555,0.808592162778,0.67716650516,0.67716650516,0.67716650516,0.90452727722,0.0959351144416,-1.01256111018,-0.589174456594,12,432,6,0.278341928531,False
stochastic3,200,3,2,True,False,False,False,False,False,False,3,4,9.10819818439,0.673414531077,0.564681545255,0.564681545255,0.564681545255,0.680231718217,0.00681718714089,-0.672517876203,-0.208403764479,4,144,2,0.13023304246,False
stochastic3,200,3,8,True,False,False,False,False,False,False,3,4,16.650284445,0.883544546304,0.564681545255,0.564681545255,0.564681545255,0.884626834995,0.00108228869107,-0.580120688161,-0.439403593141,8,288,4,0.377287499679,False
stochastic3,200,3,32,True,False,False,False,False,False,False,3,4,17.1088248976,0.900508184682,0.564681545255,0.564681545255,0.564681545255,0.916654097422,0.0161459127396,-0.711586089181,-0.639488606812,12,432,6,0.418061808564,False
stochastic3,200,4,2,True,False,False,False,False,False,False,3,4,7.9209125563,0.339073453449,0.242401393347,0.242401393347,0.242401393347,0.34762622154,0.00855276809113,-0.651558835095,-0.172246182133,4,144,2,0.0997296283334,False
stochastic3,200,4,8,True,False,False,False,False,False,False,3,4,14.2349885275,0.475858962556,0.242401393347,0.242401393347,0.242401393347,0.572773447405,0.0969144848487,-0.640610434833,-0.432579572468,8,288,4,0.29061764789,False
stochastic3,200,4,32,True,False,False,False,False,False,False,3,4,14.8248639667,0.50463629844,0.242401393347,0.242401393347,0.242401393347,0.648556248552,0.143919950112,-0.68934378803,-0.461653958461,12,432,6,0.365054244383,False
stochastic3,200,5,2,True,False,False,False,False,False,False,3,4,8.87428010269,0.675306395968,0.595719936426,0.595719936426,0.595719936426,0.677932836783,0.00262644081485,-0.792794668418,-0.168977683202,4,144,2,0.0739206027802,False
stochastic3,200,5,8,True,False,False,False,False,False,False,3,4,15.9387030813,0.776311948844,0.595719936426,0.595719936426,0.595719936426,0.798341570601,0.0220296217569,-0.79847258151,-0.532296666635,8,288,4,0.191178306434,False
stochastic3,200,5,32,True,False,False,False,False,False,False,3,4,16.7531241477,0.737482925808,0.595719936426,0.595719936426,0.595719936426,0.820007986189,0.082525060381,-0.910443059309,-0.713544398317,12,432,6,0.243052406403,False
stochastic3,200,6,2,True,False,False,False,False,False,False,3,4,8.5547786203,0.52686021361,0.402926410371,0.402926410371,0.402926410371,0.528406305161,0.00154609155171,-0.61191741371,-0.174010855112,4,144,2,0.138486479059,False
stochastic3,200,6,8,True,False,False,False,False,False,False,3,4,15.1240485044,0.612530760837,0.402926410371,0.402926410371,0.402926410371,0.618294954519,0.00576419368266,-0.573898048969,-0.323360700075,8,288,4,0.239123465136,False
stochastic3,200,6,32,True,False,False,False,False,False,False,3,4,16.0069456173,0.703898939102,0.402926410371,0.402926410371,0.402926410371,0.728750808607,0.0248518695055,-0.787263730786,-0.489570144515,12,432,6,0.374548160927,False
stochastic3,200,7,2,True,False,False,False,False,False,False,3,4,9.1685780086,0.642624933464,0.501826416597,0.501826416597,0.501826416597,0.649137879948,0.00651294648377,-0.670992243753,-0.169902299597,4,144,2,0.154221115528,False
stochastic3,200,7,8,True,False,False,False,False,False,False,3,4,16.5192955082,0.796006849854,0.501826416597,0.501826416597,0.501826416597,0.828415106442,0.0324082565886,-0.644376176219,-0.391168212213,8,288,4,0.32706844596,False
stochastic3,200,7,32,True,False,False,False,False,False,False,3,4,16.9477094487,0.732351904191,0.501826416597,0.501826416597,0.501826416597,0.849191216087,0.116839311896,-0.786455474667,-0.643401783718,12,432,6,0.381945699769,False
stochastic3,200,8,2,True,False,False,False,False,False,False,3,4,8.07983791409,0.562099288105,0.47204091942,0.47204091942,0.47204091942,0.567399331649,0.00530004354362,-0.768750238373,-0.203687102172,4,144,2,0.112213883437,False
stochastic3,200,8,8,True,False,False,False,False,False,False,3,4,16.1936360473,0.700425303537,0.47204091942,0.47204091942,0.47204091942,0.740738740802,0.0403134372647,-0.76722452353,-0.458000984731,8,288,4,0.316481721778,False
stochastic3,200,8,32,True,False,False,False,False,False,False,3,4,17.1928525237,0.640625385324,0.47204091942,0.47204091942,0.47204091942,0.822307460806,0.181682075482,-0.933020053709,-0.705039366934,12,432,6,0.421334645223,False
stochastic3,200,9,2,True,False,False,False,False,False,False,3,4,5.47407006331,0.612943545053,0.507521962555,0.507521962555,0.507521962555,0.613045724626,0.000102179573771,-0.664904876464,-0.167632681964,4,144,2,0.115342688095,False
stochastic3,200,9,8,True,False,False,False,False,False,False,3,4,13.8141041141,0.798404207594,0.507521962555,0.507521962555,0.507521962555,0.798404284362,7.67680483627e-08,-0.604735833281,-0.393367129362,8,288,4,0.313218625716,False
stochastic3,200,9,32,True,False,False,False,False,False,False,3,4,17.2531356756,0.903246215124,0.507521962555,0.507521962555,0.507521962555,0.903246215124,0,-0.765941010438,-0.664708350841,12,432,6,0.449703695957,False
stochastic3,200,10,2,True,False,False,False,False,False,False,3,4,8.84172050585,0.724622629808,0.567040523756,0.567040523756,0.567040523756,0.727655026419,0.00303239661147,-0.793292108098,-0.204369655135,4,144,2,0.129372368855,False
stochastic3,200,10,8,True,False,False,False,False,False,False,3,4,15.9964573317,0.856733502897,0.567040523756,0.567040523756,0.567040523756,0.869722126952,0.0129886240547,-0.751251833455,-0.369111523457,8,288,4,0.260557495303,False
stochastic3,200,10,32,True,False,False,False,False,False,False,3,4,16.7606789021,0.839179593444,0.567040523756,0.567040523756,0.567040523756,0.883645488806,0.0444658953624,-0.851625089817,-0.712325814515,12,432,6,0.291608019561,False
stochastic3,200,11,2,True,False,False,False,False,False,False,3,4,7.28999155798,0.487625805173,0.384175911106,0.384175911106,0.384175911106,0.492493498921,0.00486769374853,-0.690816146452,-0.178645711617,4,144,2,0.111024571187,False
stochastic3,200,11,8,True,False,False,False,False,False,False,3,4,13.9234732241,0.657758644209,0.384175911106,0.384175911106,0.384175911106,0.669123788916,0.0113651447065,-0.679280140554,-0.290707022675,8,288,4,0.301676058874,False
stochastic3,200,11,32,True,False,False,False,False,False,False,3,4,15.3687136376,0.844396708006,0.384175911106,0.384175911106,0.384175911106,0.84580732565,0.001410617644,-0.728025873988,-0.578321059394,12,432,6,0.511386310722,False
stochastic3,200,12,2,True,False,False,False,False,False,False,3,4,6.76645527128,0.40355893127,0.341431515101,0.341431515101,0.341431515101,0.409179310544,0.00562037927394,-0.660302778922,-0.176735168722,4,144,2,0.0779552953845,False
stochastic3,200,12,8,True,False,False,False,False,False,False,3,4,12.4999271799,0.512763928856,0.341431515101,0.341431515101,0.341431515101,0.523022406537,0.0102584776803,-0.672688653992,-0.440106243377,8,288,4,0.232230194655,False
stochastic3,200,12,32,True,False,False,False,False,False,False,3,4,13.2398360541,0.543759267718,0.341431515101,0.341431515101,0.341431515101,0.565353189243,0.0215939215255,-0.702576759396,-0.610165479426,12,432,6,0.281065695656,False
stochastic3,200,13,2,True,False,False,False,False,False,False,3,4,5.46114648184,0.359771157493,0.341461043898,0.341461043898,0.341461043898,0.385346958745,0.0255758012519,-0.719189525473,-0.19973214404,4,144,2,0.0482460164307,False
stochastic3,200,13,8,True,False,False,False,False,False,False,3,4,11.3822671329,0.499443144435,0.341461043898,0.341461043898,0.341461043898,0.550851660599,0.051408516164,-0.763305221147,-0.451155449481,8,288,4,0.170408717108,False
stochastic3,200,13,32,True,False,False,False,False,False,False,3,4,13.4786142981,0.737530766567,0.341461043898,0.341461043898,0.341461043898,0.769925952938,0.0323951863716,-0.808307542074,-0.590755073969,12,432,6,0.358005546087,False
stochastic3,200,14,2,True,False,False,False,False,False,False,3,4,7.8125155003,0.43968378391,0.383797429449,0.383797429449,0.383797429449,0.450752854881,0.011069070971,-0.788645340683,-0.201327860209,4,144,2,0.0802284096979,False
stochastic3,200,14,8,True,False,False,False,False,False,False,3,4,15.0925936758,0.518902901764,0.383797429449,0.383797429449,0.383797429449,0.535165817026,0.0162629152617,-0.82457624701,-0.509235959854,8,288,4,0.195170348097,False
stochastic3,200,14,32,True,False,False,False,False,False,False,3,4,16.1572524693,0.608883488546,0.383797429449,0.383797429449,0.383797429449,0.624567804433,0.0156843158875,-0.874461565224,-0.613629520197,12,432,6,0.309938380416,False
stochastic3,200,15,2,True,False,False,False,False,False,False,3,4,8.3554406997,0.417374258314,0.317885111458,0.317885111458,0.317885111458,0.417610249105,0.000235990790504,-0.646185710551,-0.153547392007,4,144,2,0.117208924455,False
stochastic3,200,15,8,True,False,False,False,False,False,False,3,4,15.5969972044,0.607970186661,0.317885111458,0.317885111458,0.317885111458,0.609717635652,0.00174744899071,-0.643938031837,-0.35365604042,8,288,4,0.371461973147,False
stochastic3,200,15,32,True,False,False,False,False,False,False,3,4,16.6174769381,0.76596276397,0.317885111458,0.317885111458,0.317885111458,0.776477481755,0.0105147177852,-0.708115302072,-0.626901435746,12,432,6,0.574274908839,False
stochastic3,200,16,2,True,False,False,False,False,False,False,3,4,8.44985132851,0.435610538543,0.306425744203,0.306425744203,0.306425744203,0.438152784138,0.00254224559452,-0.696914592473,-0.186751041008,4,144,2,0.135290242745,False
stochastic3,200,16,8,True,False,False,False,False,False,False,3,4,15.4608150121,0.698672701578,0.306425744203,0.306425744203,0.306425744203,0.698944530713,0.00027182913457,-0.646946000094,-0.39900803355,8,288,4,0.396566667738,False
stochastic3,200,16,32,True,False,False,False,False,False,False,3,4,16.6013392558,0.783038344998,0.306425744203,0.306425744203,0.306425744203,0.783538687461,0.000500342463335,-0.678968494366,-0.508145731456,12,432,6,0.508583681567,False
stochastic3,200,17,2,True,False,False,False,False,False,False,3,4,9.00762352743,0.351008090645,0.271211446631,0.271211446631,0.271211446631,0.360801074437,0.0097929837922,-0.639554354251,-0.156944299126,4,144,2,0.0996579827963,False
stochastic3,200,17,8,True,False,False,False,False,False,False,3,4,15.4084667728,0.646411956601,0.271211446631,0.271211446631,0.271211446631,0.675283943529,0.0288719869286,-0.594628886519,-0.417538432594,8,288,4,0.443919974881,False
stochastic3,200,17,32,True,False,False,False,False,False,False,3,4,16.5580654327,0.736260011359,0.271211446631,0.271211446631,0.271211446631,0.806391607676,0.0701315963166,-0.645647916919,-0.561829071053,12,432,6,0.610363824213,False
stochastic3,200,18,2,True,False,False,False,False,False,False,3,4,7.96328895639,0.238525918975,0.157298051271,0.157298051271,0.157298051271,0.241235281125,0.00270936214921,-0.567550292764,-0.143626867909,4,144,2,0.0872552436502,False
stochastic3,200,18,8,True,False,False,False,False,False,False,3,4,14.8084088414,0.43671416143,0.157298051271,0.157298051271,0.157298051271,0.444392634536,0.00767847310614,-0.526655362733,-0.331785011214,8,288,4,0.296776069505,False
stochastic3,200,18,32,True,False,False,False,False,False,False,3,4,16.1107681251,0.601168516223,0.157298051271,0.157298051271,0.157298051271,0.622400295772,0.0212317795493,-0.538160127487,-0.349737631673,12,432,6,0.455971294044,False
stochastic3,200,19,2,True,False,False,False,False,False,False,3,4,7.47164333859,0.343835534344,0.29152728755,0.29152728755,0.29152728755,0.346763738956,0.00292820461175,-0.701393022911,-0.182352704826,4,144,2,0.0656099479057,False
stochastic3,200,19,8,True,False,False,False,False,False,False,3,4,14.5727343652,0.446255296393,0.29152728755,0.29152728755,0.29152728755,0.453604891816,0.0073495954227,-0.725626000856,-0.43333936968,8,288,4,0.195884277941,False
stochastic3,200,19,32,True,False,False,False,False,False,False,3,4,15.8464522464,0.524898879028,0.29152728755,0.29152728755,0.29152728755,0.557630497507,0.0327316184798,-0.747794442491,-0.513848951372,12,432,6,0.341328701074,False
stochastic3,200,20,2,True,False,False,False,False,False,False,3,4,8.95425620963,0.645315600408,0.626613435487,0.626613435487,0.626613435487,0.652734868735,0.00741926832667,-0.728199563544,-0.176548976167,4,144,2,0.0330981723486,False
stochastic3,200,20,8,True,False,False,False,False,False,False,3,4,15.4979520138,0.696493389514,0.626613435487,0.626613435487,0.626613435487,0.740700007074,0.0442066175596,-0.849843737161,-0.393462751433,8,288,4,0.106279570678,False
stochastic3,200,20,32,True,False,False,False,False,False,False,3,4,16.3985539275,0.706386779304,0.626613435487,0.626613435487,0.626613435487,0.816798723408,0.110411944104,-0.954591573339,-0.584040528575,12,432,6,0.172264208475,False
stochastic3,200,21,2,True,False,False,False,False,False,False,3,4,8.66164768486,0.676903820471,0.520548084399,0.520548084399,0.520548084399,0.676927657412,2.38369408454e-05,-0.758989807393,-0.218882741472,4,144,2,0.178046180572,False
stochastic3,200,21,8,True,False,False,False,False,False,False,3,4,15.1994759939,0.784504392309,0.520548084399,0.520548084399,0.520548084399,0.78822506295,0.003720670641,-0.707389220435,-0.345200869116,8,288,4,0.305720117161,False
stochastic3,200,21,32,True,False,False,False,False,False,False,3,4,15.5380343961,0.781579164566,0.520548084399,0.520548084399,0.520548084399,0.792596850719,0.0110176861536,-0.794722230213,-0.510616391309,12,432,6,0.321204032478,False
stochastic3,200,22,2,True,False,False,False,False,False,False,3,4,9.54336455337,0.590259826583,0.430478233437,0.430478233437,0.430478233437,0.592494050157,0.00223422357375,-0.752485594002,-0.192815896632,4,144,2,0.162048037513,False
stochastic3,200,22,8,True,False,False,False,False,False,False,3,4,15.5605372829,0.713926831976,0.430478233437,0.430478233437,0.430478233437,0.724878981758,0.0109521497822,-0.738473579892,-0.3646367815,8,288,4,0.300306885842,False
stochastic3,200,22,32,True,False,False,False,False,False,False,3,4,15.7969020305,0.746472510068,0.430478233437,0.430478233437,0.430478233437,0.758998369564,0.0125258594959,-0.825908484732,-0.753091043285,12,432,6,0.338333042338,False
stochastic3,200,23,2,True,False,False,False,False,False,False,3,4,7.87572883661,0.477196495953,0.373822839172,0.373822839172,0.373822839172,0.477379223276,0.000182727322838,-0.698561081063,-0.126373620763,4,144,2,0.0999355697903,False
stochastic3,200,23,8,True,False,False,False,False,False,False,3,4,14.6460769702,0.604515642784,0.373822839172,0.373822839172,0.373822839172,0.605199952622,0.000684309837169,-0.661924684677,-0.396878624824,8,288,4,0.212352049393,False
stochastic3,200,23,32,True,False,False,False,False,False,False,3,4,15.5093078324,0.660706880349,0.373822839172,0.373822839172,0.373822839172,0.660869263888,0.000162383539393,-0.677897306933,-0.65377366722,12,432,6,0.23920796805,False
stochastic3,200,24,2,True,False,False,False,False,False,False,3,4,6.36573335346,0.375853356739,0.327854768375,0.327854768375,0.327854768375,0.388192802306,0.0123394455672,-0.659861432782,-0.179375831197,4,144,2,0.0688949004153,False
stochastic3,200,24,8,True,False,False,False,False,False,False,3,4,11.8889101493,0.48729754863,0.327854768375,0.327854768375,0.327854768375,0.505306633518,0.0180090848887,-0.644136051132,-0.388883738786,8,288,4,0.20605474561,False
stochastic3,200,24,32,True,False,False,False,False,False,False,3,4,12.9017029868,0.565478782154,0.327854768375,0.327854768375,0.327854768375,0.575185289941,0.0097065077872,-0.724159249396,-0.615431215434,12,432,6,0.314265660919,False
stochastic3,200,25,2,True,False,False,False,False,False,False,3,4,7.76938143298,0.108302678247,0.0891598712973,0.0891598712973,0.0891598712973,0.112592682593,0.00429000434583,-0.447049953451,-0.092974803586,4,144,2,0.0317683523258,False
stochastic3,200,25,8,True,False,False,False,False,False,False,3,4,12.6547711716,0.185813429898,0.0891598712973,0.0891598712973,0.0891598712973,0.203231200788,0.0174177708891,-0.447622476395,-0.262547784612,8,288,4,0.125633378115,False
stochastic3,200,25,32,True,False,False,False,False,False,False,3,4,14.220456438,0.332293596607,0.0891598712973,0.0891598712973,0.0891598712973,0.36772518264,0.0354315860334,-0.4505740984,-0.375063596894,12,432,6,0.310247563717,False
stochastic3,200,26,2,True,False,False,False,False,False,False,3,4,6.71889445444,0.521532863852,0.367303803202,0.367303803202,0.367303803202,0.522125522809,0.00059265895705,-0.755246736038,-0.176428049044,4,144,2,0.149330390987,False
stochastic3,200,26,8,True,False,False,False,False,False,False,3,4,11.4678698934,0.799663059606,0.367303803202,0.367303803202,0.367303803202,0.799663059606,2.88657986403e-15,-0.649513863715,-0.391127250024,8,288,4,0.4110694704,False
stochastic3,200,26,32,True,False,False,False,False,False,False,3,4,11.8539530528,0.862078644713,0.367303803202,0.367303803202,0.367303803202,0.862078644713,6.66133814775e-16,-0.716772661374,-0.690266573722,12,432,6,0.466288359979,False
stochastic3,200,27,2,True,False,False,False,False,False,False,3,4,9.47867922951,0.740706246643,0.650938783512,0.650938783512,0.650938783512,0.746040738054,0.00533449141149,-0.806219671526,-0.201969689894,4,144,2,0.0853441720837,False
stochastic3,200,27,8,True,False,False,False,False,False,False,3,4,15.8997409576,0.84824715037,0.650938783512,0.650938783512,0.650938783512,0.856269907387,0.00802275701713,-0.859419765795,-0.490605166765,8,288,4,0.186076610167,False
stochastic3,200,27,32,True,False,False,False,False,False,False,3,4,16.2694834728,0.85793095129,0.650938783512,0.650938783512,0.650938783512,0.881464349285,0.0235333979949,-0.942743421653,-0.725696797795,12,432,6,0.2480721521,False
stochastic3,200,28,2,True,False,False,False,False,False,False,3,4,7.51200660397,0.427481668341,0.326717264193,0.326717264193,0.326717264193,0.428046956069,0.000565287728939,-0.703181698762,-0.1701997496,4,144,2,0.0948706490955,False
stochastic3,200,28,8,True,False,False,False,False,False,False,3,4,15.1321902702,0.573533810508,0.326717264193,0.326717264193,0.326717264193,0.577118648611,0.00358483810348,-0.696603977133,-0.44467090114,8,288,4,0.245605881947,False
stochastic3,200,28,32,True,False,False,False,False,False,False,3,4,15.9940497799,0.611004116366,0.326717264193,0.326717264193,0.326717264193,0.623241659121,0.0122375427553,-0.730837956851,-0.507573163991,12,432,6,0.322720949588,False
stochastic3,200,29,2,True,False,False,False,False,False,False,3,4,7.3842208557,0.472490528735,0.357390118082,0.357390118082,0.357390118082,0.485429087035,0.0129385583002,-0.685964053319,-0.213953335627,4,144,2,0.114665061326,False
stochastic3,200,29,8,True,False,False,False,False,False,False,3,4,13.3278457106,0.56729059115,0.357390118082,0.357390118082,0.357390118082,0.629925074755,0.0626344836056,-0.666204381234,-0.352637281317,8,288,4,0.230501617395,False
stochastic3,200,29,32,True,False,False,False,False,False,False,3,4,13.6817757427,0.560523058529,0.357390118082,0.357390118082,0.357390118082,0.650533253716,0.0900101951874,-0.713443304806,-0.543059529166,12,432,6,0.248609107711,False
stochastic3,2000,0,2,True,False,False,False,False,False,False,3,4,2.37452923827,0.512955034777,0.407964606681,0.407964606681,0.407964606681,0.513903774546,0.000948739769312,-0.115181053906,-0.0445634828129,4,144,2,0.107750160124,False
stochastic3,2000,0,8,True,False,True,False,True,False,False,3,4,4.77691121927,0.761916622228,0.407964606681,0.761916622228,0.407964606681,0.76307171194,0.00115508971178,0.0442944787844,-0.143603649496,8,288,4,0.353167212623,False
stochastic3,2000,0,32,True,False,False,False,False,False,False,3,4,5.15710490375,0.81997640204,0.761916622228,0.761916622228,0.407964606681,0.832575131988,0.0125987299479,-0.405538627208,-0.24713417235,12,432,6,0.426971793059,False
stochastic3,2000,1,2,True,False,False,False,False,False,False,3,4,3.62255045341,0.716296117097,0.553854026722,0.553854026722,0.553854026722,0.716307413392,1.12962947949e-05,-0.108474924954,-0.0225530714318,4,144,2,0.16842062339,False
stochastic3,2000,1,8,True,False,False,False,False,False,False,3,4,6.20805979714,0.833697752528,0.553854026722,0.553854026722,0.553854026722,0.833698026466,2.7393791846e-07,-0.0475272627477,-0.106960084341,8,288,4,0.285215483455,False
stochastic3,2000,1,32,True,False,False,False,False,False,False,3,4,6.41824580572,0.862124370709,0.553854026722,0.553854026722,0.553854026722,0.862124370709,9.99200722163e-16,-0.102461758355,-0.19040547267,12,432,6,0.311275894704,False
stochastic3,2000,2,2,True,False,False,False,False,False,False,3,4,2.52220145624,0.795005753108,0.67716650516,0.67716650516,0.67716650516,0.796453829864,0.0014480767559,-0.177551598242,-0.0688991165389,4,144,2,0.117267279638,False
stochastic3,2000,2,8,True,False,False,False,False,False,False,3,4,4.49198160919,0.888823320615,0.67716650516,0.67716650516,0.67716650516,0.895554361242,0.00673104062694,-0.0894274176064,-0.160221437168,8,288,4,0.220131123447,False
stochastic3,2000,2,32,True,False,False,False,False,False,False,3,4,4.8761853337,0.880915585865,0.67716650516,0.67716650516,0.67716650516,0.90452727722,0.0236116913542,-0.128733335559,-0.162123762616,12,432,6,0.234331333171,False
stochastic3,2000,3,2,True,False,False,False,False,False,False,3,4,3.00440761882,0.680231710073,0.564681545255,0.564681545255,0.564681545255,0.680231718217,8.14480338729e-09,-0.136832344102,-0.0521951286691,4,144,2,0.118205072593,False
stochastic3,2000,3,8,True,False,True,False,True,False,False,3,4,5.63296087618,0.884626834995,0.564681545255,0.884626834995,0.564681545255,0.884626834995,0,0.020877373508,-0.141163337977,8,288,4,0.322631208632,False
stochastic3,2000,3,32,True,False,False,False,False,False,False,3,4,5.79595573658,0.916654097422,0.884626834995,0.884626834995,0.564681545255,0.916654097422,0,-0.33082095772,-0.152025898207,12,432,6,0.354071948974,False
stochastic3,2000,4,2,True,False,False,False,False,False,False,3,4,2.17406694294,0.347001958885,0.242401393347,0.242401393347,0.242401393347,0.34762622154,0.000624262655493,-0.115761544309,-0.0433166439041,4,144,2,0.107076826246,False
stochastic3,2000,4,8,True,False,True,False,True,False,False,3,4,4.02304557384,0.570243305728,0.242401393347,0.570243305728,0.242401393347,0.572773447405,0.00253014167674,0.0377477875646,-0.119640889079,8,288,4,0.339638517261,False
stochastic3,2000,4,32,True,False,False,False,False,False,False,3,4,4.24670138097,0.644952585089,0.570243305728,0.570243305728,0.242401393347,0.648556248552,0.00360366346246,-0.325004821033,-0.0634639717847,12,432,6,0.409075559472,False
stochastic3,2000,5,2,True,False,False,False,False,False,False,3,4,3.12783190732,0.676587326241,0.595719936426,0.595719936426,0.595719936426,0.677932836783,0.00134551054176,-0.196973318347,-0.0354856190698,4,144,2,0.0756917881103,False
stochastic3,2000,5,8,True,False,False,False,False,False,False,3,4,5.72055008366,0.797901041019,0.595719936426,0.595719936426,0.595719936426,0.798341570601,0.000440529582189,-0.137394730059,-0.153856002779,8,288,4,0.190662543765,False
stochastic3,2000,5,32,True,False,False,False,False,False,False,3,4,6.04146756816,0.820007310684,0.595719936426,0.595719936426,0.595719936426,0.820007986189,6.75505132941e-07,-0.190734002945,-0.234019962598,12,432,6,0.209245201223,False
stochastic3,2000,6,2,True,False,False,False,False,False,False,3,4,2.80737939866,0.528315564612,0.402926410371,0.402926410371,0.402926410371,0.528406305161,9.07405498464e-05,-0.111133820589,-0.0272212387023,4,144,2,0.11953774162,False
stochastic3,2000,6,8,True,False,False,False,False,False,False,3,4,5.07561092381,0.618294898068,0.402926410371,0.402926410371,0.402926410371,0.618294954519,5.64509293755e-08,-0.0577370478879,-0.0423336567576,8,288,4,0.206183963632,False
stochastic3,2000,6,32,True,False,False,False,False,False,False,3,4,5.35263930503,0.728750808607,0.402926410371,0.402926410371,0.402926410371,0.728750808607,0,-0.0332800615193,-0.0427357888257,12,432,6,0.319775442128,False
stochastic3,2000,7,2,True,False,False,False,False,False,False,3,4,3.29413343023,0.6490740412,0.501826416597,0.501826416597,0.501826416597,0.649137879948,6.38387476154e-05,-0.103805743363,-0.0376071217081,4,144,2,0.144289810308,False
stochastic3,2000,7,8,True,False,True,False,True,False,False,3,4,6.16416716689,0.827550384178,0.501826416597,0.827550384178,0.501826416597,0.828415106442,0.000864722264458,0.0366874637908,-0.0736332083372,8,288,4,0.326799993413,False
stochastic3,2000,7,32,True,False,False,False,False,False,False,3,4,6.40395734143,0.846031634979,0.827550384178,0.827550384178,0.501826416597,0.849191216087,0.00315958110773,-0.312849535186,-0.102134197595,12,432,6,0.360140719001,False
stochastic3,2000,8,2,True,False,False,False,False,False,False,3,4,3.01414518113,0.567041419933,0.47204091942,0.47204091942,0.47204091942,0.567399331649,0.000357911715703,-0.170619140843,-0.0478666954171,4,144,2,0.0975432955487,False
stochastic3,2000,8,8,True,False,False,False,False,False,False,3,4,6.12313499931,0.740606073963,0.47204091942,0.47204091942,0.47204091942,0.740738740802,0.000132666839117,-0.0475460906841,-0.119062497181,8,288,4,0.278334373652,False
stochastic3,2000,8,32,True,False,False,False,False,False,False,3,4,6.46708954937,0.822287252194,0.47204091942,0.47204091942,0.47204091942,0.822307460806,2.02086126999e-05,-0.105396363244,-0.313964629414,12,432,6,0.366698177712,False
stochastic3,2000,9,2,True,False,False,False,False,False,False,3,4,1.95794226536,0.612054776317,0.507521962555,0.507521962555,0.507521962555,0.613045724626,0.000990948309045,-0.123944263304,-0.0387157299335,4,144,2,0.105854600018,False
stochastic3,2000,9,8,True,False,True,False,True,False,False,3,4,5.20863603303,0.798176515802,0.507521962555,0.798176515802,0.507521962555,0.798404284362,0.000227768560146,0.018315695514,-0.0735000794864,8,288,4,0.295102961459,False
stochastic3,2000,9,32,True,False,False,False,False,False,False,3,4,6.63661596729,0.892907686594,0.798176515802,0.798176515802,0.507521962555,0.903246215124,0.0103385285307,-0.337285231645,-0.367592009862,12,432,6,0.403438640884,False
stochastic3,2000,10,2,True,False,False,False,False,False,False,3,4,3.18924010372,0.727655026419,0.567040523756,0.567040523756,0.567040523756,0.727655026419,0,-0.119032003256,-0.031928579599,4,144,2,0.159104130954,False
stochastic3,2000,10,8,True,False,False,False,False,False,False,3,4,6.01814909115,0.869665684469,0.567040523756,0.567040523756,0.567040523756,0.869722126952,5.64424835294e-05,-0.00127346537574,-0.0719673077855,8,288,4,0.29835662493,False
stochastic3,2000,10,32,True,False,True,False,True,False,False,3,4,6.41099244313,0.879220523596,0.567040523756,0.879220523596,0.567040523756,0.883645488806,0.00442496520994,0.0150505693992,-0.139712865771,12,432,6,0.309246082533,False
stochastic3,2000,11,2,True,False,False,False,False,False,False,3,4,2.3980938719,0.492403973292,0.384175911106,0.384175911106,0.384175911106,0.492493498921,8.95256291399e-05,-0.143796272047,-0.0228518293278,4,144,2,0.107244767873,False
stochastic3,2000,11,8,True,False,False,False,False,False,False,3,4,4.69631006894,0.669123788916,0.384175911106,0.384175911106,0.384175911106,0.669123788916,0,-0.0305870793518,-0.0929219514338,8,288,4,0.287078724864,False
stochastic3,2000,11,32,True,False,True,False,True,False,False,3,4,5.19741725645,0.84580732565,0.384175911106,0.84580732565,0.384175911106,0.84580732565,0,0.0352563253851,-0.242472246007,12,432,6,0.458774968201,False
stochastic3,2000,12,2,True,False,False,False,False,False,False,3,4,2.66503372496,0.406379576542,0.341431515101,0.341431515101,0.341431515101,0.409179310544,0.00279973400141,-0.139484567104,-0.042450736146,4,144,2,0.0770370330053,False
stochastic3,2000,12,8,True,False,False,False,False,False,False,3,4,5.06059742524,0.522741986166,0.341431515101,0.341431515101,0.341431515101,0.523022406537,0.000280420370446,-0.0573116652408,-0.0743571840868,8,288,4,0.216657400306,False
stochastic3,2000,12,32,True,False,False,False,False,False,False,3,4,5.50862100758,0.564924229833,0.341431515101,0.341431515101,0.341431515101,0.565353189243,0.000428959410373,-0.128538930014,-0.188750626245,12,432,6,0.261743457382,False
stochastic3,2000,13,2,False,False,False,False,False,False,False,3,4,1.70188671789,0.37898489012,0.341461043898,0.341461043898,0.341461043898,0.385346958745,0.00636206862481,-0.202658240151,-0.0514155063225,4,144,2,0.0382432296404,False
stochastic3,2000,13,8,False,False,False,False,False,False,False,3,4,3.69471176667,0.545725088145,0.341461043898,0.341461043898,0.341461043898,0.550851660599,0.0051265724547,-0.167381724003,-0.140568368159,8,288,4,0.190270178541,False
stochastic3,2000,13,32,False,False,False,False,False,False,False,3,4,4.56188389444,0.769859057672,0.341461043898,0.341461043898,0.341461043898,0.769925952938,6.68952664951e-05,-0.0711751892469,-0.230274520846,12,432,6,0.409479611319,False
stochastic3,2000,14,2,True,False,False,False,False,False,False,3,4,2.85760541506,0.450752814655,0.383797429449,0.383797429449,0.383797429449,0.450752854881,4.02259572319e-08,-0.18558863417,-0.0551322823428,4,144,2,0.0681095830691,False
stochastic3,2000,14,8,True,False,False,False,False,False,False,3,4,5.56905747439,0.535153947549,0.383797429449,0.383797429449,0.383797429449,0.535165817026,1.18694772149e-05,-0.146839006532,-0.143764835557,8,288,4,0.156436097191,False
stochastic3,2000,14,32,True,False,False,False,False,False,False,3,4,5.97687542485,0.624350415201,0.383797429449,0.383797429449,0.383797429449,0.624567804433,0.000217389232432,-0.162059521716,-0.209989905044,12,432,6,0.263361991543,False
stochastic3,2000,15,2,True,False,False,False,False,False,False,3,4,2.78498088126,0.417474422632,0.317885111458,0.317885111458,0.317885111458,0.417610249105,0.000135826472671,-0.136531862765,-0.0367756145155,4,144,2,0.0972621464334,False
stochastic3,2000,15,8,True,False,False,False,False,False,False,3,4,5.47091239787,0.606979798374,0.317885111458,0.317885111458,0.317885111458,0.609717635652,0.00273783727798,-0.0630769934978,-0.116352557184,8,288,4,0.280391082567,False
stochastic3,2000,15,32,True,False,False,False,False,False,False,3,4,5.80586400502,0.77405598032,0.317885111458,0.317885111458,0.317885111458,0.776477481755,0.00242150143521,-0.0276436313555,-0.189130299195,12,432,6,0.442559774649,False
stochastic3,2000,16,2,True,False,False,False,False,False,False,3,4,2.7944088688,0.438050820816,0.306425744203,0.306425744203,0.306425744203,0.438152784138,0.000101963321539,-0.134910385131,-0.0402127225912,4,144,2,0.131912192852,False
stochastic3,2000,16,8,True,False,True,False,True,False,False,3,4,5.21462916905,0.698672701578,0.306425744203,0.698672701578,0.306425744203,0.698944530713,0.00027182913457,0.032181742682,-0.0903749974994,8,288,4,0.390025621947,False
stochastic3,2000,16,32,True,False,False,False,False,False,False,3,4,5.73379990397,0.783537564006,0.698672701578,0.698672701578,0.306425744203,0.783538687461,1.12345530756e-06,-0.361506424307,-0.272907112854,12,432,6,0.482804019918,False
stochastic3,2000,17,2,True,False,False,False,False,False,False,3,4,2.91597906861,0.359114123474,0.271211446631,0.271211446631,0.271211446631,0.360801074437,0.00168695096378,-0.121483306424,-0.0366804729822,4,144,2,0.0934907182118,False
stochastic3,2000,17,8,True,False,True,False,True,False,False,3,4,5.26273285232,0.674969769428,0.271211446631,0.674969769428,0.271211446631,0.675283943529,0.000314174101202,0.102034103638,-0.139102653416,8,288,4,0.41360190038,False
stochastic3,2000,17,32,True,False,False,False,False,False,False,3,4,5.75565077789,0.804483275394,0.674969769428,0.674969769428,0.271211446631,0.806391607676,0.00190833228161,-0.283894446931,-0.134115558533,12,432,6,0.544127293802,False
stochastic3,2000,18,2,True,False,False,False,False,False,False,3,4,2.66027068286,0.240473034746,0.157298051271,0.157298051271,0.157298051271,0.241235281125,0.000762246378774,-0.103027594479,-0.0384276744026,4,144,2,0.0835570103841,False
stochastic3,2000,18,8,True,False,True,False,True,False,False,3,4,5.1348039678,0.441075189239,0.157298051271,0.441075189239,0.157298051271,0.444392634536,0.00331744529731,0.0361221260113,-0.0900455061096,8,288,4,0.296054218017,False
stochastic3,2000,18,32,True,False,False,False,False,False,False,3,4,5.59326005187,0.617345659657,0.441075189239,0.441075189239,0.157298051271,0.622400295772,0.0050546361157,-0.256862856984,-0.0736272692201,12,432,6,0.489352360527,False
stochastic3,2000,19,2,True,False,False,False,False,False,False,3,4,2.58064386763,0.346450319879,0.29152728755,0.29152728755,0.29152728755,0.346763738956,0.000313419076869,-0.171060350921,-0.0405279079495,4,144,2,0.0505216969965,False
stochastic3,2000,19,8,True,False,False,False,False,False,False,3,4,5.0299426203,0.447623254504,0.29152728755,0.29152728755,0.29152728755,0.453604891816,0.00598163731186,-0.14771897865,-0.15360780078,8,288,4,0.14821136709,False
stochastic3,2000,19,32,True,False,False,False,False,False,False,3,4,5.37175689081,0.54521938392,0.29152728755,0.29152728755,0.29152728755,0.557630497507,0.0124111135873,-0.146721737905,-0.170396477828,12,432,6,0.256886613351,False
stochastic3,2000,20,2,True,False,False,False,False,False,False,3,4,3.21322506955,0.652730534349,0.626613435487,0.626613435487,0.626613435487,0.652734868735,4.3343861692e-06,-0.214819220179,-0.0521210642741,4,144,2,0.0279686649356,False
stochastic3,2000,20,8,True,False,False,False,False,False,False,3,4,5.62035897895,0.740699933722,0.626613435487,0.626613435487,0.626613435487,0.740700007074,7.33518971119e-08,-0.184194306044,-0.116399471435,8,288,4,0.125508615726,False
stochastic3,2000,20,32,True,False,False,False,False,False,False,3,4,6.00335597863,0.816798723408,0.626613435487,0.626613435487,0.626613435487,0.816798723408,0,-0.179463550148,-0.193075015497,12,432,6,0.203575339791,False
stochastic3,2000,21,2,True,False,False,False,False,False,False,3,4,2.44925440469,0.676851177039,0.520548084399,0.520548084399,0.520548084399,0.676927657412,7.64803723917e-05,-0.110688228387,-0.0548924293194,4,144,2,0.159808736964,False
stochastic3,2000,21,8,True,False,False,False,False,False,False,3,4,4.51209241688,0.787707213782,0.520548084399,0.520548084399,0.520548084399,0.78822506295,0.000517849167741,-0.00892474748004,-0.0833474185989,8,288,4,0.272992994921,False
stochastic3,2000,21,32,True,False,False,False,False,False,False,3,4,4.64735680696,0.790547757883,0.520548084399,0.520548084399,0.520548084399,0.792596850719,0.00204909283639,-0.0342334489214,-0.103146372732,12,432,6,0.279339091358,False
stochastic3,2000,22,2,True,False,False,False,False,False,False,3,4,2.72026580151,0.592494050157,0.430478233437,0.430478233437,0.430478233437,0.592494050157,0,-0.105453380431,-0.0402770073911,4,144,2,0.1647584403,False
stochastic3,2000,22,8,True,False,True,False,True,False,False,3,4,4.54101942356,0.724814574527,0.430478233437,0.724814574527,0.430478233437,0.724878981758,6.44072310257e-05,0.00792622850584,-0.0779664628444,8,288,4,0.296954607827,False
stochastic3,2000,22,32,True,False,False,False,False,False,False,3,4,4.77500077248,0.755957612569,0.724814574527,0.724814574527,0.430478233437,0.758998369564,0.00304075699482,-0.289190295518,-0.180232453317,12,432,6,0.330898886152,False
stochastic3,2000,23,2,True,False,False,False,False,False,False,3,4,2.79213066317,0.477189874914,0.373822839172,0.373822839172,0.373822839172,0.477379223276,0.000189348362034,-0.142787286757,-0.023934612443,4,144,2,0.104653483232,False
stochastic3,2000,23,8,True,False,False,False,False,False,False,3,4,5.30558089918,0.604372196886,0.373822839172,0.373822839172,0.373822839172,0.605199952622,0.000827755735275,-0.0503105895764,-0.0919438438183,8,288,4,0.234254760007,False
stochastic3,2000,23,32,True,False,False,False,False,False,False,3,4,5.70923069704,0.659194823434,0.373822839172,0.373822839172,0.373822839172,0.660869263888,0.00167444045406,-0.0308954784448,-0.147890697159,12,432,6,0.291917255982,False
stochastic3,2000,24,2,True,False,False,False,False,False,False,3,4,2.12122943239,0.388188380089,0.327854768375,0.327854768375,0.327854768375,0.388192802306,4.42221678376e-06,-0.161720244728,-0.0538554305365,4,144,2,0.0647070276477,False
stochastic3,2000,24,8,True,False,False,False,False,False,False,3,4,4.05889142941,0.505170322385,0.327854768375,0.327854768375,0.327854768375,0.505306633518,0.000136311133297,-0.0914208801895,-0.11826054858,8,288,4,0.194177760249,False
stochastic3,2000,24,32,True,False,False,False,False,False,False,3,4,4.44159410012,0.574057810492,0.327854768375,0.327854768375,0.327854768375,0.575185289941,0.00112747944906,-0.101961717519,-0.19476049246,12,432,6,0.277800141532,False
stochastic3,2000,25,2,True,False,False,False,False,False,False,3,4,2.5939071996,0.112510349071,0.0891598712973,0.0891598712973,0.0891598712973,0.112592682593,8.23335213299e-05,-0.0988809995092,-0.0228142075613,4,144,2,0.0220375986775,False
stochastic3,2000,25,8,True,False,False,False,False,False,False,3,4,4.30310131158,0.202556745375,0.0891598712973,0.0891598712973,0.0891598712973,0.203231200788,0.000674455412337,-0.0674690134814,-0.0708197456545,8,288,4,0.110963181812,False
stochastic3,2000,25,32,True,False,False,False,False,False,False,3,4,4.81259177679,0.357760598133,0.0891598712973,0.0891598712973,0.0891598712973,0.36772518264,0.00996458450775,-0.0215651295764,-0.10062551191,12,432,6,0.286265289592,False
stochastic3,2000,26,2,True,False,False,False,False,False,False,3,4,1.81163025113,0.522125183979,0.367303803202,0.367303803202,0.367303803202,0.522125522809,3.38829814872e-07,-0.103686241154,-0.0449875174053,4,144,2,0.15306464417,False
stochastic3,2000,26,8,True,False,True,False,True,False,False,3,4,3.36445578188,0.799663059606,0.367303803202,0.799663059606,0.367303803202,0.799663059606,0,0.0999924559119,-0.114076020565,8,288,4,0.419049094501,False
stochastic3,2000,26,32,True,False,False,False,False,False,False,3,4,3.60255823008,0.862078644713,0.799663059606,0.799663059606,0.367303803202,0.862078644713,0,-0.326376301534,-0.156456128432,12,432,6,0.479081722101,False
stochastic3,2000,27,2,True,False,False,False,False,False,False,3,4,3.29654768651,0.745285738898,0.650938783512,0.650938783512,0.650938783512,0.746040738054,0.000754999155977,-0.181845082597,-0.0599812358101,4,144,2,0.0971208457948,False
stochastic3,2000,27,8,True,False,False,False,False,False,False,3,4,5.67475607775,0.853230985518,0.650938783512,0.650938783512,0.650938783512,0.856269907387,0.00303892186893,-0.126928657415,-0.177463864663,8,288,4,0.211144845525,False
stochastic3,2000,27,32,True,False,False,False,False,False,False,3,4,5.81686065687,0.880542148516,0.650938783512,0.650938783512,0.650938783512,0.881464349285,0.000922200769324,-0.133970952685,-0.222036680463,12,432,6,0.242392158087,False
stochastic3,2000,28,2,True,False,False,False,False,False,False,3,4,2.82628765355,0.427200797019,0.326717264193,0.326717264193,0.326717264193,0.428046956069,0.00084615905039,-0.152274842231,-0.0528812428664,4,144,2,0.111284759564,False
stochastic3,2000,28,8,True,False,False,False,False,False,False,3,4,5.91978942122,0.576879206524,0.326717264193,0.326717264193,0.326717264193,0.577118648611,0.00023944208728,-0.0601568241507,-0.138069836048,8,288,4,0.260261141507,False
stochastic3,2000,28,32,True,False,False,False,False,False,False,3,4,6.20973601489,0.623075672282,0.326717264193,0.326717264193,0.326717264193,0.623241659121,0.000165986838506,-0.0798397791529,-0.146072029959,12,432,6,0.293653662728,False
stochastic3,2000,29,2,True,False,False,False,False,False,False,3,4,3.08589810867,0.485306536595,0.357390118082,0.357390118082,0.357390118082,0.485429087035,0.000122550439789,-0.113150604299,-0.0584535950825,4,144,2,0.132612077345,False
stochastic3,2000,29,8,True,False,False,False,False,False,False,3,4,5.75587364252,0.629833804623,0.357390118082,0.357390118082,0.357390118082,0.629925074755,9.12701322323e-05,-0.0185872577137,-0.156965702419,8,288,4,0.279593935449,False
stochastic3,2000,29,32,True,False,False,False,False,False,False,3,4,6.00623316086,0.650533184455,0.357390118082,0.357390118082,0.357390118082,0.650533253716,6.92608119746e-08,-0.0700153012751,-0.19112292042,12,432,6,0.306188037766,False
stochastic3,20000,0,2,True,False,True,False,True,False,False,3,4,0.553916028286,0.513771953269,0.407964606681,0.513771953269,0.407964606681,0.513903774546,0.000131821276881,0.0355818406319,-0.0164308263934,4,144,2,0.104937598918,False
stochastic3,20000,0,8,True,False,True,False,True,False,False,3,4,1.10913324329,0.762983307584,0.513771953269,0.762983307584,0.407964606681,0.76307171194,8.84043558049e-05,0.156054850399,-0.058117547413,8,288,4,0.354408539813,False
stochastic3,20000,0,32,True,False,False,False,False,False,False,3,4,1.21128107087,0.832355710267,0.762983307584,0.762983307584,0.407964606681,0.832575131988,0.000219421720101,-0.0558652100735,-0.0980474117623,12,432,6,0.424483836668,False
stochastic3,20000,1,2,True,False,True,True,True,False,False,3,4,0.597499867902,0.716296117097,0.553854026722,0.716296117097,0.553854026722,0.716307413392,1.12962947949e-05,0.077009404673,0.000860578510795,4,144,2,0.162854267486,False
stochastic3,20000,1,8,True,False,True,True,True,False,False,3,4,1.28197323539,0.833697752528,0.716296117097,0.833697752528,0.553854026722,0.833698026466,2.7393791846e-07,0.0146827680743,0.00597668214201,8,288,4,0.27842353863,False
stochastic3,20000,1,32,True,False,False,False,False,False,False,3,4,1.47990909565,0.862124370709,0.833697752528,0.833697752528,0.553854026722,0.862124370709,9.99200722163e-16,-0.0966447789174,-0.0478346206111,12,432,6,0.306778205032,False
stochastic3,20000,2,2,True,False,True,False,True,False,False,3,4,0.523994206031,0.796445953364,0.67716650516,0.796445953364,0.67716650516,0.796453829864,7.87650037126e-06,0.0270075091587,-0.0184656032536,4,144,2,0.118282126909,False
stochastic3,20000,2,8,True,False,True,False,True,False,False,3,4,1.10329731293,0.895554361187,0.796445953364,0.895554361187,0.67716650516,0.895554361242,5.47377698723e-11,0.0183285933428,-0.0695279938654,8,288,4,0.217317781042,False
stochastic3,20000,2,32,True,False,False,False,False,False,False,3,4,1.23128723593,0.90452727722,0.895554361187,0.895554361187,0.67716650516,0.90452727722,0,-0.0590307441312,-0.000456924709158,12,432,6,0.226313068204,False
stochastic3,20000,3,2,True,False,True,False,True,False,False,3,4,0.695667544512,0.680143830251,0.564681545255,0.680143830251,0.564681545255,0.680231718217,8.7887966002e-05,0.0346705717164,-0.00892234752763,4,144,2,0.115116106008,False
stochastic3,20000,3,8,True,False,True,False,True,False,False,3,4,1.33741983008,0.884626510342,0.680143830251,0.884626510342,0.564681545255,0.884626834995,3.24652927541e-07,0.10906288211,-0.047290301589,8,288,4,0.318072518249,False
stochastic3,20000,3,32,True,False,False,False,False,False,False,3,4,1.39238511832,0.916654097422,0.884626510342,0.884626510342,0.564681545255,0.916654097422,0,-0.0817909865173,-0.0378043284335,12,432,6,0.349583199896,False
stochastic3,20000,4,2,True,False,True,False,True,False,False,3,4,0.464304684046,0.34762622154,0.242401393347,0.34762622154,0.242401393347,0.34762622154,0,0.0385948598895,-0.011001695242,4,144,2,0.107375941142,False
stochastic3,20000,4,8,True,False,True,False,True,False,False,3,4,0.897122962189,0.572773447405,0.34762622154,0.572773447405,0.242401393347,0.572773447405,0,0.127450104416,-0.0588054170959,8,288,4,0.333567051746,False
stochastic3,20000,4,32,True,False,False,False,False,False,False,3,4,0.975592203578,0.648556248552,0.572773447405,0.572773447405,0.242401393347,0.648556248552,0,-0.0509437016832,-0.0319996094024,12,432,6,0.406619402435,False
stochastic3,20000,5,2,True,False,False,False,False,False,False,3,4,0.675558966183,0.677932836783,0.595719936426,0.595719936426,0.595719936426,0.677932836783,0,-0.00268953061037,-0.00838459037063,4,144,2,0.0817713835971,False
stochastic3,20000,5,8,True,False,True,False,True,False,False,3,4,1.33011796005,0.798341570601,0.595719936426,0.798341570601,0.595719936426,0.798341570601,0,0.0968514290371,-0.0453470937414,8,288,4,0.199553402579,False
stochastic3,20000,5,32,True,False,False,False,False,False,False,3,4,1.46944979281,0.820007986189,0.798341570601,0.798341570601,0.595719936426,0.820007986189,0,-0.106122110273,-0.0369938597094,12,432,6,0.22059849143,False
stochastic3,20000,6,2,True,False,True,False,True,False,False,3,4,0.440234560537,0.528406305161,0.402926410371,0.528406305161,0.402926410371,0.528406305161,0,0.0552649610812,-0.00155739835568,4,144,2,0.125021801877,False
stochastic3,20000,6,8,True,False,True,False,True,False,False,3,4,0.918884815289,0.618294954519,0.528406305161,0.618294954519,0.402926410371,0.618294954519,0,0.0186509479774,-7.44230194526e-05,8,288,4,0.218163550058,False
stochastic3,20000,6,32,True,False,True,False,True,False,False,3,4,1.09896030339,0.728750808607,0.618294954519,0.728750808607,0.402926410371,0.728750808607,0,0.0195176597773,-0.00012265940246,12,432,6,0.337791709973,False
stochastic3,20000,7,2,True,False,True,False,True,False,False,3,4,0.61007567065,0.6490740412,0.501826416597,0.6490740412,0.501826416597,0.649137879948,6.38387476154e-05,0.0713577309752,-0.00812469953301,4,144,2,0.146433873225,False
stochastic3,20000,7,8,True,False,True,False,True,False,False,3,4,1.2244863248,0.827550384178,0.6490740412,0.827550384178,0.501826416597,0.828415106442,0.000864722264458,0.0901380801079,-0.00692909134764,8,288,4,0.323945478646,False
stochastic3,20000,7,32,True,False,False,False,False,False,False,3,4,1.36912557626,0.846031634979,0.827550384178,0.827550384178,0.501826416597,0.849191216087,0.00315958110773,-0.0858567820652,-0.0276893972426,12,432,6,0.346906650253,False
stochastic3,20000,8,2,True,False,True,False,True,False,False,3,4,0.599527587981,0.567394240353,0.47204091942,0.567394240353,0.47204091942,0.567399331649,5.09129527859e-06,0.011915427898,-0.00198607608701,4,144,2,0.0957964268842,False
stochastic3,20000,8,8,True,False,True,False,True,False,False,3,4,1.31147632448,0.740731209398,0.567394240353,0.740731209398,0.47204091942,0.740738740802,7.53140364418e-06,0.0784941638168,-0.00846158480142,8,288,4,0.269662834285,False
stochastic3,20000,8,32,True,False,False,False,False,False,False,3,4,1.42647603282,0.822307460806,0.740731209398,0.740731209398,0.47204091942,0.822307460806,0,-0.0402137605948,-0.157720317925,12,432,6,0.351670191577,False
stochastic3,20000,9,2,True,False,True,False,True,False,False,3,4,0.385470928702,0.613045724626,0.507521962555,0.613045724626,0.507521962555,0.613045724626,0,0.0339010740511,-0.00255319161884,4,144,2,0.103330480808,False
stochastic3,20000,9,8,True,False,True,False,True,False,False,3,4,1.10839201348,0.798382584692,0.613045724626,0.798382584692,0.507521962555,0.798404284362,2.16996703954e-05,0.0994649394803,-0.00153538073518,8,288,4,0.284013202816,False
stochastic3,20000,9,32,True,False,False,False,False,False,False,3,4,1.46570668267,0.903246215124,0.798382584692,0.798382584692,0.507521962555,0.903246215124,0,-0.0307200927037,-0.10883281863,12,432,6,0.385929420337,False
stochastic3,20000,10,2,True,False,True,False,True,False,False,3,4,0.678772136067,0.727655026419,0.567040523756,0.727655026419,0.567040523756,0.727655026419,0,0.0751571167552,-0.0072402716735,4,144,2,0.160978454238,False
stochastic3,20000,10,8,True,False,True,False,True,False,False,3,4,1.36048862482,0.869722126952,0.727655026419,0.869722126952,0.567040523756,0.869722126952,0,0.0539447359294,-0.00817318375254,8,288,4,0.304149108724,False
stochastic3,20000,10,32,True,False,False,False,False,False,False,3,4,1.60547177519,0.883645488806,0.869722126952,0.869722126952,0.567040523756,0.883645488806,0,-0.0868126749105,-0.0475399509297,12,432,6,0.317105121093,False
stochastic3,20000,11,2,True,False,True,False,True,False,False,3,4,0.412880285694,0.492493498921,0.384175911106,0.492493498921,0.384175911106,0.492493498921,0,0.0335955451627,-0.00257537383144,4,144,2,0.108405520837,False
stochastic3,20000,11,8,True,False,True,False,True,False,False,3,4,0.883629400475,0.669123788916,0.492493498921,0.669123788916,0.384175911106,0.669123788916,0,0.0819413286263,-0.00806109865553,8,288,4,0.286465976128,False
stochastic3,20000,11,32,True,False,True,False,True,False,False,3,4,1.10874865455,0.84580732565,0.669123788916,0.84580732565,0.384175911106,0.84580732565,0,0.0433145784633,-0.147455970828,12,432,6,0.463543596579,False
stochastic3,20000,12,2,True,False,True,False,True,False,False,3,4,0.523064579356,0.409179310544,0.341431515101,0.409179310544,0.341431515101,0.409179310544,0,0.000659185889187,-0.0107971096068,4,144,2,0.0670348643858,False
stochastic3,20000,12,8,True,False,True,False,True,False,False,3,4,1.09828270167,0.523006876982,0.409179310544,0.523006876982,0.341431515101,0.523022406537,1.55295546058e-05,0.0164107974078,-0.0514787135407,8,288,4,0.178124704244,False
stochastic3,20000,12,32,True,False,False,False,False,False,False,3,4,1.2627534134,0.565353182798,0.523006876982,0.523006876982,0.341431515101,0.565353189243,6.44459308141e-09,-0.104000784021,-0.0513573541545,12,432,6,0.217166490208,False
stochastic3,20000,13,2,True,False,False,False,False,False,False,3,4,0.354394594059,0.385346958745,0.341461043898,0.341461043898,0.341461043898,0.385346958745,0,-0.0345798067822,-0.0157552766734,4,144,2,0.0439104437303,False
stochastic3,20000,13,8,True,False,True,False,True,False,False,3,4,0.784535994881,0.550851660599,0.341461043898,0.550851660599,0.341461043898,0.550851660599,0,0.0879714011984,-0.0422470458021,8,288,4,0.206326081441,False
stochastic3,20000,13,32,True,False,True,False,True,False,False,3,4,0.990893362511,0.769925952938,0.550851660599,0.769925952938,0.341461043898,0.769925952938,0,0.0287833866259,-0.053026141534,12,432,6,0.426292457233,False
stochastic3,20000,14,2,True,False,False,False,False,False,False,3,4,0.576681527411,0.45073212034,0.383797429449,0.383797429449,0.383797429449,0.450752854881,2.07345417403e-05,-0.00922534843031,-0.00977045210256,4,144,2,0.0685432670439,False
stochastic3,20000,14,8,True,False,True,False,True,False,False,3,4,1.23535891996,0.535153947549,0.383797429449,0.535153947549,0.383797429449,0.535165817026,1.18694772149e-05,0.0621198138547,-0.030384686386,8,288,4,0.155611601152,False
stochastic3,20000,14,32,True,False,False,False,False,False,False,3,4,1.38899195411,0.624350415201,0.535153947549,0.535153947549,0.383797429449,0.624567804433,0.000217389232432,-0.0472445569179,-0.0584740118081,12,432,6,0.245583609065,False
stochastic3,20000,15,2,True,False,True,False,True,False,False,3,4,0.50799928993,0.417610249105,0.317885111458,0.417610249105,0.317885111458,0.417610249105,0,0.0300767862299,-0.00823057356249,4,144,2,0.100542822508,False
stochastic3,20000,15,8,True,False,True,False,True,False,False,3,4,1.13842385344,0.609717635652,0.417610249105,0.609717635652,0.317885111458,0.609717635652,0,0.0812353739896,-0.0244636458768,8,288,4,0.292147538189,False
stochastic3,20000,15,32,True,False,False,False,False,False,False,3,4,1.19481019988,0.776477481755,0.609717635652,0.609717635652,0.317885111458,0.776477481755,0,-0.00996383673296,-0.0309750201624,12,432,6,0.455977953682,False
stochastic3,20000,16,2,True,False,True,True,True,False,False,3,4,0.533748390615,0.438050820816,0.306425744203,0.438050820816,0.306425744203,0.438152784138,0.000101963321539,0.0486402466986,0.000128389870225,4,144,2,0.130860598242,False
stochastic3,20000,16,8,True,False,True,False,True,False,False,3,4,1.07612770344,0.698859111991,0.438050820816,0.698859111991,0.306425744203,0.698944530713,8.54187219405e-05,0.143868085009,-0.00429241660107,8,288,4,0.390371272091,False
stochastic3,20000,16,32,True,False,False,False,False,False,False,3,4,1.21927885932,0.782867589155,0.698859111991,0.698859111991,0.306425744203,0.783538687461,0.000671098305956,-0.0746811141302,-0.0397588788392,12,432,6,0.474728126776,False
stochastic3,20000,17,2,True,False,True,False,True,False,False,3,4,0.570374880634,0.360801074437,0.271211446631,0.360801074437,0.271211446631,0.360801074437,0,0.0253108931792,-0.00878057881675,4,144,2,0.0909714321184,False
stochastic3,20000,17,8,True,False,True,False,True,False,False,3,4,1.08879308103,0.675276553072,0.360801074437,0.675276553072,0.271211446631,0.675283943529,7.39045702036e-06,0.213852120354,-0.0727730922829,8,288,4,0.402721070444,False
stochastic3,20000,17,32,True,False,True,False,True,False,False,3,4,1.22502624602,0.806391607676,0.675276553072,0.806391607676,0.271211446631,0.806391607676,0,0.000767715294886,-0.0149521872388,12,432,6,0.533103611083,False
stochastic3,20000,18,2,True,False,True,False,True,False,False,3,4,0.525735450707,0.241235281125,0.157298051271,0.241235281125,0.157298051271,0.241235281125,0,0.0266860483677,-0.0108452759961,4,144,2,0.0838588695924,False
stochastic3,20000,18,8,True,False,True,False,True,False,False,3,4,1.0729567113,0.444392634536,0.241235281125,0.444392634536,0.157298051271,0.444392634536,0,0.11221911267,-0.016478189526,8,288,4,0.285473444872,False
stochastic3,20000,18,32,True,False,True,False,True,False,False,3,4,1.19016697679,0.622400295772,0.444392634536,0.622400295772,0.157298051271,0.622400295772,0,0.0208335648078,-0.0361882861656,12,432,6,0.464307016397,False
stochastic3,20000,19,2,True,False,False,False,False,False,False,3,4,0.530234347583,0.346763738956,0.29152728755,0.29152728755,0.29152728755,0.346763738956,0,-0.0124258419254,-0.00779039294497,4,144,2,0.0560776324998,False
stochastic3,20000,19,8,True,False,True,False,True,False,False,3,4,1.11958426548,0.453604891816,0.29152728755,0.453604891816,0.29152728755,0.453604891816,0,0.0703309355503,-0.0627106849449,8,288,4,0.166971258947,False
stochastic3,20000,19,32,True,False,False,False,False,False,False,3,4,1.26086318603,0.557630497507,0.453604891816,0.453604891816,0.29152728755,0.557630497507,0,-0.0368270499295,-0.0320234259803,12,432,6,0.279367583934,False
stochastic3,20000,20,2,True,False,False,False,False,False,False,3,4,0.678464699863,0.652730534349,0.626613435487,0.626613435487,0.626613435487,0.652734868735,4.3343861692e-06,-0.0480237396767,-0.0162488825505,4,144,2,0.0269267620251,False
stochastic3,20000,20,8,True,False,True,False,True,False,False,3,4,1.1837005411,0.740625857591,0.626613435487,0.740625857591,0.626613435487,0.740700007074,7.41494831229e-05,0.0262524026435,-0.0385479037926,8,288,4,0.118907977555,False
stochastic3,20000,20,32,True,False,False,False,False,False,False,3,4,1.29946211926,0.816358244572,0.740625857591,0.740625857591,0.626613435487,0.816798723408,0.000440478836864,-0.0340103238388,-0.00805349430888,12,432,6,0.19989468505,False
stochastic3,20000,21,2,True,False,True,False,True,False,False,3,4,0.49394392042,0.676927657412,0.520548084399,0.676927657412,0.520548084399,0.676927657412,0,0.0689841133307,-0.00881698182061,4,144,2,0.154889134285,False
stochastic3,20000,21,8,True,False,True,False,True,False,False,3,4,1.0100193213,0.78822506295,0.676927657412,0.78822506295,0.520548084399,0.78822506295,0,0.03118841312,-0.00781507469849,8,288,4,0.264835522713,False
stochastic3,20000,21,32,True,False,False,False,False,False,False,3,4,1.06536741442,0.792596850719,0.78822506295,0.78822506295,0.520548084399,0.792596850719,0,-0.0649077326434,-0.00187940138178,12,432,6,0.26916005681,False
stochastic3,20000,22,2,True,False,True,True,True,False,False,3,4,0.509113267363,0.592297894392,0.430478233437,0.592297894392,0.430478233437,0.592494050157,0.000196155764832,0.077003432233,0.00642164489222,4,144,2,0.160920783613,False
stochastic3,20000,22,8,True,False,True,True,True,False,False,3,4,0.982707223196,0.724787666085,0.592297894392,0.724787666085,0.430478233437,0.724878981758,9.1315673575e-05,0.0454497153532,0.00270802800316,8,288,4,0.293264130857,False
stochastic3,20000,22,32,True,False,False,False,False,False,False,3,4,1.07456572162,0.757203192583,0.724787666085,0.724787666085,0.430478233437,0.758998369564,0.00179517698112,-0.0585919028873,-0.0276803513213,12,432,6,0.325817966696,False
stochastic3,20000,23,2,True,False,True,True,True,False,False,3,4,0.46718120909,0.477372643185,0.373822839172,0.477372643185,0.373822839172,0.477379223276,6.58009069981e-06,0.0277277027186,0.00529756905283,4,144,2,0.103290037529,False
stochastic3,20000,23,8,True,False,True,True,True,False,False,3,4,1.05369844609,0.605063532364,0.477372643185,0.605063532364,0.373822839172,0.605199952622,0.000136420257175,0.0399541216734,0.00149275632211,8,288,4,0.230364408555,False
stochastic3,20000,23,32,True,False,False,False,False,False,False,3,4,1.27681987616,0.659194975966,0.605063532364,0.605063532364,0.373822839172,0.660869263888,0.00167428792224,-0.049131381721,-0.0287089673468,12,432,6,0.281073243928,False
stochastic3,20000,24,2,True,False,False,False,False,False,False,3,4,0.409287704378,0.388191768018,0.327854768375,0.327854768375,0.327854768375,0.388192802306,1.03428865661e-06,-0.00752029039552,-0.0127014132128,4,144,2,0.0608603859544,False
stochastic3,20000,24,8,True,False,True,False,True,False,False,3,4,0.841525607428,0.505289516332,0.327854768375,0.505289516332,0.327854768375,0.505306633518,1.71171868003e-05,0.0916819085389,-0.0288631144013,8,288,4,0.177326190111,False
stochastic3,20000,24,32,True,False,False,False,False,False,False,3,4,0.910382640873,0.575108257368,0.505289516332,0.505289516332,0.327854768375,0.575185289941,7.70325726763e-05,-0.051042336279,-0.0481992661742,12,432,6,0.246794646582,False
stochastic3,20000,25,2,True,False,False,False,False,False,False,3,4,0.503471050438,0.112592682593,0.0891598712973,0.0891598712973,0.0891598712973,0.112592682593,0,-0.0104675759872,-0.00506164884119,4,144,2,0.0240686261497,False
stochastic3,20000,25,8,True,False,True,False,True,False,False,3,4,0.886205121148,0.203231200788,0.0891598712973,0.203231200788,0.0891598712973,0.203231200788,0,0.0594921866575,-0.02515633253,8,288,4,0.117012983881,False
stochastic3,20000,25,32,True,False,True,False,True,False,False,3,4,1.01799352349,0.36772518264,0.203231200788,0.36772518264,0.0891598712973,0.36772518264,0,0.043108759573,-0.0281617235955,12,432,6,0.279450834105,False
stochastic3,20000,26,2,True,False,True,False,True,False,False,3,4,0.29695294326,0.522122952706,0.367303803202,0.522122952706,0.367303803202,0.522125522809,2.57010369697e-06,0.0762837078474,-0.0103017145559,4,144,2,0.155383877855,False
stochastic3,20000,26,8,True,False,True,False,True,False,False,3,4,0.580678318275,0.799663059606,0.522122952706,0.799663059606,0.367303803202,0.799663059606,2.88657986403e-15,0.174511743145,-0.0762475925631,8,288,4,0.432275797497,False
stochastic3,20000,26,32,True,False,False,False,False,False,False,3,4,0.644165863802,0.862078644713,0.799663059606,0.799663059606,0.367303803202,0.862078644713,0,-0.0643316377224,-0.0461523174721,12,432,6,0.494204547868,False
stochastic3,20000,27,2,True,False,True,False,True,False,False,3,4,0.707380958326,0.746026560245,0.650938783512,0.746026560245,0.650938783512,0.746040738054,1.41778096241e-05,0.00880534563608,-0.0213439280456,4,144,2,0.0957246467545,False
stochastic3,20000,27,8,True,False,True,False,True,False,False,3,4,1.31047139528,0.85626899865,0.746026560245,0.85626899865,0.650938783512,0.856269907387,9.08737554983e-07,0.0102529253831,-0.0378075121816,8,288,4,0.207423301372,False
stochastic3,20000,27,32,True,False,False,False,False,False,False,3,4,1.40977562777,0.881464349284,0.85626899865,0.85626899865,0.650938783512,0.881464349285,1.05848663168e-12,-0.0882798542511,-0.0553345849057,12,432,6,0.234350857578,False
stochastic3,20000,28,2,True,False,True,False,True,False,False,3,4,0.560882029519,0.427908228898,0.326717264193,0.427908228898,0.326717264193,0.428046956069,0.000138727170988,0.0204007398408,-0.010175511288,4,144,2,0.10105041972,False
stochastic3,20000,28,8,True,False,True,False,True,False,False,3,4,1.24792898725,0.576879206524,0.427908228898,0.576879206524,0.326717264193,0.577118648611,0.00023944208728,0.0481895380295,-0.0233578284311,8,288,4,0.250902127976,False
stochastic3,20000,28,32,True,False,False,False,False,False,False,3,4,1.32731523278,0.623075672282,0.576879206524,0.576879206524,0.326717264193,0.623241659121,0.000165986838506,-0.0812766854044,-0.045446810666,12,432,6,0.298520740436,False
stochastic3,20000,29,2,True,False,True,False,True,False,False,3,4,0.652506552443,0.485429087035,0.357390118082,0.485429087035,0.357390118082,0.485429087035,0,0.0506837058879,-0.0141610442061,4,144,2,0.127287243899,False
stochastic3,20000,29,8,True,False,True,False,True,False,False,3,4,1.33486575572,0.629925074755,0.485429087035,0.629925074755,0.357390118082,0.629925074755,0,0.0514454603877,-0.0685097196648,8,288,4,0.27349998313,False
stochastic3,20000,29,32,True,False,False,False,False,False,False,3,4,1.40155417495,0.650533253716,0.629925074755,0.629925074755,0.357390118082,0.650533253716,0,-0.109483780679,-0.0415073520951,12,432,6,0.293866557417,False
stochastic3,200000,0,2,True,False,True,False,True,False,False,3,4,0.142496945245,0.513903774546,0.407964606681,0.513903774546,0.407964606681,0.513903774546,0,0.0836791191787,-0.00845824850291,4,144,2,0.105848785262,False
stochastic3,200000,0,8,True,False,True,False,True,False,False,3,4,0.288833644917,0.76307171194,0.513903774546,0.76307171194,0.407964606681,0.76307171194,0,0.219228317737,-0.0208377761994,8,288,4,0.35571459995,False
stochastic3,200000,0,32,True,False,True,False,True,False,False,3,4,0.307503498984,0.832575131988,0.76307171194,0.832575131988,0.407964606681,0.832575131988,0,0.0291156775719,-0.0317457439225,12,432,6,0.425126669575,False
stochastic3,200000,1,2,True,False,True,True,True,False,False,3,4,0.0565924860842,0.716296117097,0.553854026722,0.716296117097,0.553854026722,0.716307413392,1.12962947949e-05,0.134728413753,0.00933190175293,4,144,2,0.162853091314,False
stochastic3,200000,1,8,True,False,True,True,True,False,False,3,4,0.206931844816,0.833697752528,0.716296117097,0.833697752528,0.553854026722,0.833698026466,2.7393791846e-07,0.0839817434321,0.0144153147955,8,288,4,0.280242200447,False
stochastic3,200000,1,32,True,False,False,False,False,False,False,3,4,0.325285619858,0.862124370709,0.833697752528,0.833697752528,0.553854026722,0.862124370709,9.99200722163e-16,-0.0126466541961,-0.0139348477367,12,432,6,0.308651790038,False
stochastic3,200000,2,2,True,False,True,False,True,False,False,3,4,0.103647788899,0.796453829864,0.67716650516,0.796453829864,0.67716650516,0.796453829864,0,0.0901572557403,-0.0020395678353,4,144,2,0.119839733722,False
stochastic3,200000,2,8,True,False,True,False,True,False,False,3,4,0.251903841397,0.895554361242,0.796453829864,0.895554361242,0.67716650516,0.895554361242,0,0.072281419253,-0.0298333176434,8,288,4,0.219141205378,False
stochastic3,200000,2,32,True,False,False,False,False,False,False,3,4,0.30094941942,0.90452727722,0.895554361242,0.895554361242,0.67716650516,0.90452727722,0,-0.0133143626243,-0.000134550752692,12,432,6,0.22821741893,False
stochastic3,200000,3,2,True,False,True,True,True,False,False,3,4,0.162458222727,0.680231710073,0.564681545255,0.680231710073,0.564681545255,0.680231718217,8.14480338729e-09,0.089703801962,0.000658938384798,4,144,2,0.115780332788,False
stochastic3,200000,3,8,True,False,True,False,True,False,False,3,4,0.360478259932,0.884626834995,0.680231710073,0.884626834995,0.564681545255,0.884626834995,0,0.174264668432,-0.0229127712169,8,288,4,0.321330918227,False
stochastic3,200000,3,32,True,False,False,False,False,False,False,3,4,0.394418111032,0.916654097422,0.884626834995,0.884626834995,0.564681545255,0.916654097422,0,-0.00527696143527,-0.0109221375416,12,432,6,0.353309329117,False
stochastic3,200000,4,2,True,False,True,False,True,False,False,3,4,0.111376271759,0.34762622154,0.242401393347,0.34762622154,0.242401393347,0.34762622154,0,0.0840751648643,-0.00151425514306,4,144,2,0.1057221413,False
stochastic3,200000,4,8,True,False,True,False,True,False,False,3,4,0.206347017277,0.572773447405,0.34762622154,0.572773447405,0.242401393347,0.572773447405,0,0.19357005876,-0.0182902859038,8,288,4,0.330852625379,False
stochastic3,200000,4,32,True,False,True,False,True,False,False,3,4,0.219500918543,0.648556248552,0.572773447405,0.648556248552,0.242401393347,0.648556248552,0,0.0356855558002,-0.00948488366288,12,432,6,0.406428114178,False
stochastic3,200000,5,2,True,False,True,False,True,False,False,3,4,0.133614856855,0.677932836783,0.595719936426,0.677932836783,0.595719936426,0.677932836783,0,0.0543576312741,-0.000205894878183,4,144,2,0.0818616378719,False
stochastic3,200000,5,8,True,False,True,False,True,False,False,3,4,0.304030898534,0.798341570601,0.677932836783,0.798341570601,0.595719936426,0.798341570601,0,0.0867675400159,-0.0126364474341,8,288,4,0.20130656131,False
stochastic3,200000,5,32,True,False,False,False,False,False,False,3,4,0.361378092275,0.820007986189,0.798341570601,0.798341570601,0.595719936426,0.820007986189,0,-0.0194982182878,-0.0102190475925,12,432,6,0.222474343562,False
stochastic3,200000,6,2,True,False,True,True,True,False,False,3,4,0.037196683273,0.528406305161,0.402926410371,0.528406305161,0.402926410371,0.528406305161,0,0.103243864489,0.00156927181893,4,144,2,0.12513913051,False
stochastic3,200000,6,8,True,False,True,True,True,False,False,3,4,0.160321257975,0.618294954519,0.528406305161,0.618294954519,0.402926410371,0.618294954519,0,0.0657923020114,5.54537825384e-05,8,288,4,0.214699263572,False
stochastic3,200000,6,32,True,False,True,False,True,False,False,3,4,0.273291914648,0.728750808607,0.618294954519,0.728750808607,0.402926410371,0.728750808607,0,0.0779991942955,-1.42285798928e-05,12,432,6,0.32443928004,False
stochastic3,200000,7,2,True,False,True,False,True,False,False,3,4,0.104781317545,0.649137879948,0.501826416597,0.649137879948,0.501826416597,0.649137879948,0,0.124020047486,-0.000290634628465,4,144,2,0.147386337002,False
stochastic3,200000,7,8,True,False,True,False,True,False,False,3,4,0.228779888255,0.828415106442,0.649137879948,0.828415106442,0.501826416597,0.828415106442,0,0.154582455205,-0.000842346299056,8,288,4,0.327951065034,False
stochastic3,200000,7,32,True,False,False,False,False,False,False,3,4,0.313426263335,0.849191216087,0.828415106442,0.828415106442,0.501826416597,0.849191216087,0,-0.00640845374319,-0.00206959618024,12,432,6,0.349379591089,False
stochastic3,200000,8,2,True,False,True,True,True,False,False,3,4,0.102730263776,0.567397979607,0.47204091942,0.567397979607,0.47204091942,0.567399331649,1.35204194029e-06,0.0688697329696,0.00598762421263,4,144,2,0.0952101357379,False
stochastic3,200000,8,8,True,False,True,True,True,False,False,3,4,0.30329513873,0.740703480565,0.567397979607,0.740703480565,0.47204091942,0.740738740802,3.52602366247e-05,0.14381006621,0.00131844727421,8,288,4,0.268623395453,False
stochastic3,200000,8,32,True,False,True,False,True,False,False,3,4,0.35916779284,0.822307460732,0.740703480565,0.822307460732,0.47204091942,0.822307460806,7.43389794167e-11,0.043186169031,-0.0835118771982,12,432,6,0.350267519798,False
stochastic3,200000,9,2,True,False,True,True,True,False,False,3,4,0.0629939408439,0.613045724626,0.507521962555,0.613045724626,0.507521962555,0.613045724626,0,0.0831903315339,0.00614801154443,4,144,2,0.105524217707,False
stochastic3,200000,9,8,True,False,True,True,True,False,False,3,4,0.196751010863,0.798404284362,0.613045724626,0.798404284362,0.507521962555,0.798404284362,0,0.159630872356,0.000962456799429,8,288,4,0.29104825543,False
stochastic3,200000,9,32,True,False,True,False,True,False,False,3,4,0.245377902863,0.903246215124,0.798404284362,0.903246215124,0.507521962555,0.903246215124,0,0.061573117516,-0.0446768982418,12,432,6,0.395435590512,False
stochastic3,200000,10,2,True,False,True,False,True,False,False,3,4,0.108999587609,0.727612782935,0.567040523756,0.727612782935,0.567040523756,0.727655026419,4.22434843885e-05,0.132213095545,-0.000861176776571,4,144,2,0.160579020295,False
stochastic3,200000,10,8,True,False,True,True,True,False,False,3,4,0.302090831728,0.869639994462,0.727612782935,0.869639994462,0.567040523756,0.869722126952,8.21324905866e-05,0.111484632748,0.000256720388491,8,288,4,0.302322544422,False
stochastic3,200000,10,32,True,False,False,False,False,False,False,3,4,0.415034900623,0.883600852068,0.869639994462,0.869639994462,0.567040523756,0.883645488806,4.46367383026e-05,-0.020532302357,-0.0106806717474,12,432,6,0.316703267951,False
stochastic3,200000,11,2,True,False,True,True,True,False,False,3,4,0.0333209683244,0.492493498921,0.384175911106,0.492493498921,0.384175911106,0.492493498921,0,0.084080121907,0.00114758581804,4,144,2,0.108188195962,False
stochastic3,200000,11,8,True,False,True,True,True,False,False,3,4,0.130657913991,0.669123788916,0.492493498921,0.669123788916,0.384175911106,0.669123788916,0,0.145428232557,3.65031764494e-06,8,288,4,0.284594150701,False
stochastic3,200000,11,32,True,False,True,False,True,False,False,3,4,0.240209203414,0.84580732565,0.669123788916,0.84580732565,0.384175911106,0.84580732565,0,0.134000588206,-0.0963232868214,12,432,6,0.461207991157,False
stochastic3,200000,12,2,True,False,True,False,True,False,False,3,4,0.117264463823,0.409179310544,0.341431515101,0.409179310544,0.341431515101,0.409179310544,0,0.0463153562378,-0.00212265430551,4,144,2,0.0674215149615,False
stochastic3,200000,12,8,True,False,True,False,True,False,False,3,4,0.265955371105,0.523022406537,0.409179310544,0.523022406537,0.341431515101,0.523022406537,0,0.0823851963223,-0.0267552731492,8,288,4,0.180399779216,False
stochastic3,200000,12,32,True,False,False,False,False,False,False,3,4,0.307545004352,0.565353189243,0.523022406537,0.523022406537,0.341431515101,0.565353189243,0,-0.00546466746752,-0.0147578606161,12,432,6,0.221008724267,False
stochastic3,200000,13,2,True,False,True,False,True,False,False,3,4,0.0818379507634,0.385346958745,0.341461043898,0.385346958745,0.341461043898,0.385346958745,0,0.0182237196211,-0.00466328330532,4,144,2,0.0433168289242,False
stochastic3,200000,13,8,True,False,True,False,True,False,False,3,4,0.175543647206,0.550851660599,0.385346958745,0.550851660599,0.341461043898,0.550851660599,0,0.124787445599,-0.0129904049538,8,288,4,0.208492630818,False
stochastic3,200000,13,32,True,False,True,False,True,False,False,3,4,0.226283084124,0.769925952938,0.550851660599,0.769925952938,0.341461043898,0.769925952938,0,0.156261183659,-0.00942171573152,12,432,6,0.426894626374,False
stochastic3,200000,14,2,True,False,True,True,True,False,False,3,4,0.103663739851,0.450752854881,0.383797429449,0.450752854881,0.383797429449,0.450752854881,0,0.0435694970138,0.00381212184931,4,144,2,0.0676914155439,False
stochastic3,200000,14,8,True,False,True,False,True,False,False,3,4,0.237945961853,0.535165817026,0.450752854881,0.535165817026,0.383797429449,0.535165817026,0,0.0550957788546,-0.000324562889917,8,288,4,0.151697655954,False
stochastic3,200000,14,32,True,False,True,False,True,False,False,3,4,0.326748259779,0.624567804433,0.535165817026,0.624567804433,0.383797429449,0.624567804433,0,0.0420997724966,-0.0242621191927,12,432,6,0.240159646442,False
stochastic3,200000,15,2,True,False,True,True,True,False,False,3,4,0.0906001583255,0.417610249105,0.317885111458,0.417610249105,0.317885111458,0.417610249105,0,0.0776196494255,0.000823565455735,4,144,2,0.0995659992064,False
stochastic3,200000,15,8,True,False,True,False,True,False,False,3,4,0.196627008293,0.609717635652,0.417610249105,0.609717635652,0.317885111458,0.609717635652,0,0.156783541094,-0.000706322827079,8,288,4,0.291226350583,False
stochastic3,200000,15,32,True,False,True,True,True,False,False,3,4,0.208474460932,0.776477481755,0.609717635652,0.776477481755,0.317885111458,0.776477481755,0,0.110657263984,0.00399552518647,12,432,6,0.457158137808,False
stochastic3,200000,16,2,True,False,True,True,True,False,False,3,4,0.0766081055984,0.438152784138,0.306425744203,0.438152784138,0.306425744203,0.438152784138,0,0.105586858071,0.0129980144677,4,144,2,0.131393287328,False
stochastic3,200000,16,8,True,False,True,True,True,False,False,3,4,0.22930784346,0.698944530713,0.438152784138,0.698944530713,0.306425744203,0.698944530713,0,0.223798320966,0.00356041641832,8,288,4,0.391299427191,False
stochastic3,200000,16,32,True,False,True,False,True,False,False,3,4,0.320349977655,0.783538687461,0.698944530713,0.783538687461,0.306425744203,0.783538687461,0,0.0413366642234,-0.0637807437331,12,432,6,0.476163400643,False
stochastic3,200000,17,2,True,False,True,False,True,False,False,3,4,0.127123740436,0.360801074437,0.271211446631,0.360801074437,0.271211446631,0.360801074437,0,0.0695695443176,-0.00107579542861,4,144,2,0.0897060734344,False
stochastic3,200000,17,8,True,False,True,False,True,False,False,3,4,0.19779669069,0.675283943529,0.360801074437,0.675283943529,0.271211446631,0.675283943529,0,0.283174636053,-0.040256375913,8,288,4,0.403721741477,False
stochastic3,200000,17,32,True,False,True,True,True,False,False,3,4,0.248496923014,0.806391607676,0.675283943529,0.806391607676,0.271211446631,0.806391607676,0,0.088841376009,0.00338810534762,12,432,6,0.534301181726,False
stochastic3,200000,18,2,True,False,True,False,True,False,False,3,4,0.0843634481306,0.241235281125,0.157298051271,0.241235281125,0.157298051271,0.241235281125,0,0.0661198808311,-0.00216254096075,4,144,2,0.0838457800098,False
stochastic3,200000,18,8,True,False,True,False,True,False,False,3,4,0.201368847053,0.44438826182,0.241235281125,0.44438826182,0.157298051271,0.444392634536,4.37271651277e-06,0.175162464143,-0.00223763025473,8,288,4,0.286319875006,False
stochastic3,200000,18,32,True,False,True,False,True,False,False,3,4,0.24192087786,0.622400295772,0.44438826182,0.622400295772,0.157298051271,0.622400295772,0,0.125914656131,-0.00491158304272,12,432,6,0.462981030828,False
stochastic3,200000,19,2,True,False,True,True,True,False,False,3,4,0.0934071665963,0.346763738956,0.29152728755,0.346763738956,0.29152728755,0.346763738956,0,0.0338441169961,0.000688052891851,4,144,2,0.0555001867308,False
stochastic3,200000,19,8,True,False,True,False,True,False,False,3,4,0.251928354838,0.453604891816,0.346763738956,0.453604891816,0.29152728755,0.453604891816,0,0.0757785690621,-0.039470910179,8,288,4,0.162888015389,False
stochastic3,200000,19,32,True,False,True,False,True,False,False,3,4,0.303429903447,0.557630497507,0.453604891816,0.557630497507,0.29152728755,0.557630497507,0,0.0564639987711,-2.67235188627e-07,12,432,6,0.267581213724,False
stochastic3,200000,20,2,True,False,True,False,True,False,False,3,4,0.171170643336,0.652734868735,0.626613435487,0.652734868735,0.626613435487,0.652734868735,0,0.00174419460922,-0.00546173137116,4,144,2,0.0261699857416,False
stochastic3,200000,20,8,True,False,True,False,True,False,False,3,4,0.275834842084,0.740625934657,0.652734868735,0.740625934657,0.626613435487,0.740700007074,7.40724168059e-05,0.0561098215819,-0.00712361901396,8,288,4,0.113624832684,False
stochastic3,200000,20,32,True,False,True,False,True,False,False,3,4,0.310282676491,0.816358244572,0.740625934657,0.816358244572,0.626613435487,0.816798723408,0.00044047883677,0.0360428972778,-0.000173602553458,12,432,6,0.189129619592,False
stochastic3,200000,21,2,True,False,True,True,True,False,False,3,4,0.079308396256,0.676927657412,0.520548084399,0.676927657412,0.520548084399,0.676927657412,0,0.129090769019,0.00516036444707,4,144,2,0.156056920953,False
stochastic3,200000,21,8,True,False,True,False,True,False,False,3,4,0.234668910076,0.78822506295,0.676927657412,0.78822506295,0.520548084399,0.78822506295,0,0.0859844147574,-0.000939028604315,8,288,4,0.266980161296,False
stochastic3,200000,21,32,True,False,False,False,False,False,False,3,4,0.280217174619,0.792596850719,0.78822506295,0.78822506295,0.520548084399,0.792596850719,0,-0.0176502297969,-3.52405250973e-06,12,432,6,0.271364112678,False
stochastic3,200000,22,2,True,False,True,True,True,False,False,3,4,0.0736780852351,0.592494050157,0.430478233437,0.592494050157,0.430478233437,0.592494050157,0,0.135277971564,0.016075748897,4,144,2,0.161913261478,False
stochastic3,200000,22,8,True,False,True,True,True,False,False,3,4,0.215746034016,0.724878981758,0.592494050157,0.724878981758,0.430478233437,0.724878981758,0,0.1041855009,0.0142295593949,8,288,4,0.294109833009,False
stochastic3,200000,22,32,True,False,True,False,True,False,False,3,4,0.296928340287,0.758998369564,0.724878981758,0.758998369564,0.430478233437,0.758998369564,0,0.00202738943976,-0.0220497018437,12,432,6,0.327308944556,False
stochastic3,200000,23,2,True,False,True,True,True,False,False,3,4,0.0640552001323,0.477379223276,0.373822839172,0.477379223276,0.373822839172,0.477379223276,0,0.0802124375117,0.00856792853322,4,144,2,0.103751855232,False
stochastic3,200000,23,8,True,False,True,True,True,False,False,3,4,0.183941773251,0.605199952622,0.477379223276,0.605199952622,0.373822839172,0.605199952622,0,0.100313353715,0.00261542147706,8,288,4,0.23177361103,False
stochastic3,200000,23,32,True,False,True,False,True,False,False,3,4,0.302454963246,0.660869263888,0.605199952622,0.660869263888,0.373822839172,0.660869263888,0,0.0242097566415,-0.00347607888828,12,432,6,0.287336502499,False
stochastic3,200000,24,2,True,False,True,True,True,False,False,3,4,0.0792849033554,0.388192764646,0.327854768375,0.388192764646,0.327854768375,0.388192802306,3.76603491725e-08,0.039376100499,9.79711522792e-05,4,144,2,0.0606270871447,False
stochastic3,200000,24,8,True,False,True,False,True,False,False,3,4,0.185182293924,0.505306633518,0.388192764646,0.505306633518,0.327854768375,0.505306633518,0,0.0911110647565,-0.00392430941421,8,288,4,0.178220533797,False
stochastic3,200000,24,32,True,False,True,False,True,False,False,3,4,0.230329568328,0.575185289941,0.505306633518,0.575185289941,0.327854768375,0.575185289941,0,0.0291414923892,-0.0141603643383,12,432,6,0.248392599323,False
stochastic3,200000,25,2,True,False,True,False,True,False,False,3,4,0.0976255186871,0.112592682593,0.0891598712973,0.112592682593,0.0891598712973,0.112592682593,0,0.0128589179678,-0.000149328236563,4,144,2,0.0234137715866,False
stochastic3,200000,25,8,True,False,True,False,True,False,False,3,4,0.197348323224,0.203231200788,0.112592682593,0.203231200788,0.0891598712973,0.203231200788,0,0.0708829020864,-0.0158274064306,8,288,4,0.113657209868,False
stochastic3,200000,25,32,True,False,True,False,True,False,False,3,4,0.243348435534,0.36772518264,0.203231200788,0.36772518264,0.0891598712973,0.36772518264,0,0.124683523771,-0.00317176386751,12,432,6,0.275446840318,False
stochastic3,200000,26,2,True,False,True,False,True,False,False,3,4,0.0604394957343,0.522125522809,0.367303803202,0.522125522809,0.367303803202,0.522125522809,0,0.129824256331,-0.00277720080176,4,144,2,0.154913573453,False
stochastic3,200000,26,8,True,False,True,False,True,False,False,3,4,0.129756602323,0.799663059606,0.522125522809,0.799663059606,0.367303803202,0.799663059606,0,0.244737801492,-0.0393903168081,8,288,4,0.432550683963,False
stochastic3,200000,26,32,True,False,True,False,True,False,False,3,4,0.142766297467,0.862078644713,0.799663059606,0.862078644713,0.367303803202,0.862078644713,0,0.0209905345501,-0.0122460577443,12,432,6,0.495055423777,False
stochastic3,200000,27,2,True,False,True,False,True,False,False,3,4,0.181057772888,0.746040738054,0.650938783512,0.746040738054,0.650938783512,0.746040738054,0,0.0668904878607,-0.0128256736681,4,144,2,0.0954090571893,False
stochastic3,200000,27,8,True,False,True,False,True,False,False,3,4,0.3182268988,0.856269907387,0.746040738054,0.856269907387,0.650938783512,0.856269907387,0,0.0774348195189,-0.0106001628252,8,288,4,0.205930583818,False
stochastic3,200000,27,32,True,False,False,False,False,False,False,3,4,0.353322605927,0.881464349285,0.856269907387,0.856269907387,0.650938783512,0.881464349285,0,-0.0116991501454,-0.0156736868618,12,432,6,0.231341714566,False
stochastic3,200000,28,2,True,False,True,True,True,False,False,3,4,0.0903866515415,0.428046956069,0.326717264193,0.428046956069,0.326717264193,0.428046956069,0,0.0756738965207,0.00162818809309,4,144,2,0.101183160259,False
stochastic3,200000,28,8,True,False,True,False,True,False,False,3,4,0.270256867438,0.577118648611,0.428046956069,0.577118648611,0.326717264193,0.577118648611,0,0.114186820367,-0.0121321083375,8,288,4,0.248874557369,False
stochastic3,200000,28,32,True,False,True,False,True,False,False,3,4,0.29560812056,0.623241659121,0.577118648611,0.623241659121,0.326717264193,0.623241659121,0,0.000858099653545,-0.0125128161695,12,432,6,0.292518916986,False
stochastic3,200000,29,2,True,False,True,True,True,False,False,3,4,0.142773581606,0.485429087035,0.357390118082,0.485429087035,0.357390118082,0.485429087035,0,0.103693015923,0.000734128824626,4,144,2,0.127886197644,False
stochastic3,200000,29,8,True,False,True,False,True,False,False,3,4,0.301309096213,0.629925074755,0.485429087035,0.629925074755,0.357390118082,0.629925074755,0,0.114175388645,-0.0308879652351,8,288,4,0.272162703314,False
stochastic3,200000,29,32,True,False,False,False,False,False,False,3,4,0.312716281411,0.650533253716,0.629925074755,0.629925074755,0.357390118082,0.650533253716,0,-0.020848018423,-0.00824455360672,12,432,6,0.292835797369,False
stochastic5,200,0,2,True,False,False,False,False,False,False,5,6,25.5098366345,0.266666115323,0.154002202173,0.154002202173,0.154002202173,0.26974096558,0.00307485025713,-1.28524866263,-0.330620455678,6,1680,2,0.125193949326,False
stochastic5,200,0,8,True,False,False,False,False,False,False,5,6,42.4972794203,0.515874713055,0.154002202173,0.154002202173,0.154002202173,0.528326852319,0.0124521392639,-1.28435712529,-0.688494627937,12,3360,4,0.410645190406,False
stochastic5,200,0,32,True,False,False,False,False,False,False,5,6,46.3610512471,0.621960816368,0.154002202173,0.154002202173,0.154002202173,0.662612503291,0.040651686923,-1.29510667342,-0.989654920431,18,5040,6,0.609100298984,False
stochastic5,200,1,2,True,False,False,False,False,False,False,5,6,30.8885532222,0.468014781956,0.31607068526,0.31607068526,0.31607068526,0.475790769503,0.00777598754739,-1.47781281149,-0.410222505725,6,1680,2,0.170129927692,False
stochastic5,200,1,8,True,False,False,False,False,False,False,5,6,46.9218427216,0.689911503917,0.31607068526,0.31607068526,0.31607068526,0.723549244776,0.0336377408595,-1.46816870736,-0.942881444818,12,3360,4,0.501384003353,False
stochastic5,200,1,32,True,False,False,False,False,False,False,5,6,49.2915531107,0.674093283308,0.31607068526,0.31607068526,0.31607068526,0.784482152456,0.110388869148,-1.50150323723,-1.0758473401,18,5040,6,0.624456856622,False
stochastic5,200,2,2,True,False,False,False,False,False,False,5,6,31.2293662408,0.475935884552,0.278423508725,0.278423508725,0.278423508725,0.483806169037,0.00787028448499,-1.39994617005,-0.330365655442,6,1680,2,0.216944373264,False
stochastic5,200,2,8,True,False,False,False,False,False,False,5,6,46.127281591,0.749583129709,0.278423508725,0.278423508725,0.278423508725,0.784708765136,0.0351256354274,-1.3785543515,-0.91731164067,12,3360,4,0.53846814554,False
stochastic5,200,2,32,True,False,False,False,False,False,False,5,6,48.1196437304,0.750782261603,0.278423508725,0.278423508725,0.278423508725,0.842585468449,0.0918032068456,-1.4245992622,-1.22097108264,18,5040,6,0.635649117621,False
stochastic5,200,3,2,True,False,False,False,False,False,False,5,6,27.0384619799,0.405126952817,0.274396295347,0.274396295347,0.274396295347,0.410431076295,0.0053041234781,-1.36729321459,-0.307755435848,6,1680,2,0.153314243152,False
stochastic5,200,3,8,True,False,False,False,False,False,False,5,6,44.168110901,0.619218514215,0.274396295347,0.274396295347,0.274396295347,0.646877300175,0.02765878596,-1.38026172805,-0.810519040697,12,3360,4,0.427744146637,False
stochastic5,200,3,32,True,False,False,False,False,False,False,5,6,47.5949078701,0.710763449642,0.274396295347,0.274396295347,0.274396295347,0.849506735954,0.138743286312,-1.39557192212,-1.14975702397,18,5040,6,0.607481327555,False
stochastic5,200,4,2,True,False,False,False,False,False,False,5,6,29.7512362707,0.430579742174,0.249920071809,0.249920071809,0.249920071809,0.441421353857,0.010841611683,-1.4081675616,-0.337326178528,6,1680,2,0.20124613168,False
stochastic5,200,4,8,True,False,False,False,False,False,False,5,6,45.7351790887,0.725404997269,0.249920071809,0.249920071809,0.249920071809,0.743233546914,0.0178285496448,-1.40838728484,-0.887683778287,12,3360,4,0.552517900974,False
stochastic5,200,4,32,True,False,False,False,False,False,False,5,6,47.5226822745,0.780585572197,0.249920071809,0.249920071809,0.249920071809,0.835231800129,0.0546462279321,-1.43121813436,-1.15919522054,18,5040,6,0.641733605589,False
stochastic5,200,5,2,True,False,False,False,False,False,False,5,6,29.5546289991,0.488674152542,0.323920611476,0.323920611476,0.323920611476,0.496185370637,0.00751121809514,-1.51546391785,-0.421936246521,6,1680,2,0.180070132799,False
stochastic5,200,5,8,True,False,False,False,False,False,False,5,6,43.3741087983,0.624891854102,0.323920611476,0.323920611476,0.323920611476,0.640904854098,0.0160129999953,-1.50975455732,-0.954062381541,12,3360,4,0.321433583694,False
stochastic5,200,5,32,True,False,False,False,False,False,False,5,6,46.3382136405,0.611540537214,0.323920611476,0.323920611476,0.323920611476,0.738057498905,0.126516961691,-1.55887379421,-1.09151966846,18,5040,6,0.464116604228,False
stochastic5,200,6,2,True,False,False,False,False,False,False,5,6,30.0515318482,0.456635416458,0.287080954135,0.287080954135,0.287080954135,0.466446728373,0.00981131191509,-1.36392626956,-0.339786462656,6,1680,2,0.209256791133,False
stochastic5,200,6,8,True,False,False,False,False,False,False,5,6,47.2868504534,0.70223745514,0.287080954135,0.287080954135,0.287080954135,0.782890839338,0.0806533841981,-1.38124165628,-0.82426899837,12,3360,4,0.561766578273,False
stochastic5,200,6,32,True,False,False,False,False,False,False,5,6,49.4998027777,0.619902141808,0.287080954135,0.287080954135,0.287080954135,0.889362166099,0.269460024291,-1.3998314178,-1.17615738692,18,5040,6,0.684263932643,False
stochastic5,200,7,2,True,False,False,False,False,False,False,5,6,24.6495896379,0.369797039142,0.236080507057,0.236080507057,0.236080507057,0.377208830934,0.00741179179196,-1.2398171621,-0.347144380444,6,1680,2,0.157386729662,False
stochastic5,200,7,8,True,False,False,False,False,False,False,5,6,42.3636031464,0.59527871608,0.236080507057,0.236080507057,0.236080507057,0.630997837622,0.0357191215427,-1.25019543537,-0.915027497591,12,3360,4,0.44366652459,False
stochastic5,200,7,32,True,False,False,False,False,False,False,5,6,47.6799165584,0.691563091663,0.236080507057,0.236080507057,0.236080507057,0.793809094751,0.102246003088,-1.25984190367,-1.19055173973,18,5040,6,0.675419428788,False
stochastic5,200,8,2,True,False,False,False,False,False,False,5,6,29.2171209217,0.532369051681,0.348330882064,0.348330882064,0.348330882064,0.539134853156,0.00676580147463,-1.40517444473,-0.401369936761,6,1680,2,0.18737640583,False
stochastic5,200,8,8,True,False,False,False,False,False,False,5,6,45.664227662,0.784124410471,0.348330882064,0.348330882064,0.348330882064,0.833766499135,0.0496420886648,-1.41250974288,-1.03327845978,12,3360,4,0.460221523357,False
stochastic5,200,8,32,True,False,False,False,False,False,False,5,6,48.2873519291,0.902066801809,0.348330882064,0.348330882064,0.348330882064,0.924977819783,0.022911017974,-1.4444376535,-1.21099006505,18,5040,6,0.564481667734,False
stochastic5,200,9,2,True,False,False,False,False,False,False,5,6,30.0557222342,0.407109194286,0.27809091347,0.27809091347,0.27809091347,0.42314016953,0.0160309752436,-1.52293847433,-0.421658929387,6,1680,2,0.152544563188,False
stochastic5,200,9,8,True,False,False,False,False,False,False,5,6,43.8649189829,0.54630563453,0.27809091347,0.27809091347,0.27809091347,0.61080109254,0.0644954580095,-1.53444491771,-1.04161692813,12,3360,4,0.38572109053,False
stochastic5,200,9,32,True,False,False,False,False,False,False,5,6,47.0084307368,0.584148738076,0.27809091347,0.27809091347,0.27809091347,0.707428068578,0.123279330502,-1.54637415048,-1.20334396634,18,5040,6,0.547643533292,False
stochastic5,200,10,2,True,False,False,False,False,False,False,5,6,28.3343963605,0.474162641466,0.301762538423,0.301762538423,0.301762538423,0.484476635368,0.0103139939022,-1.41426046732,-0.392268639925,6,1680,2,0.20447376382,False
stochastic5,200,10,8,True,False,False,False,False,False,False,5,6,45.9524565227,0.689972027908,0.301762538423,0.301762538423,0.301762538423,0.727508935092,0.0375369071845,-1.43904909063,-0.830723907066,12,3360,4,0.457097350047,False
stochastic5,200,10,32,True,False,False,False,False,False,False,5,6,48.5930157197,0.738591744233,0.301762538423,0.301762538423,0.301762538423,0.827061986723,0.0884702424898,-1.46898077059,-1.04598260318,18,5040,6,0.581383925536,False
stochastic5,200,11,2,True,False,False,False,False,False,False,5,6,30.7309892069,0.645737168361,0.468575570742,0.468575570742,0.468575570742,0.663588873258,0.0178517048965,-1.52300634708,-0.366815220206,6,1680,2,0.210233645778,False
stochastic5,200,11,8,True,False,False,False,False,False,False,5,6,47.9705037169,0.822965992528,0.468575570742,0.468575570742,0.468575570742,0.850876832397,0.0279108398688,-1.54865823309,-0.99069592305,12,3360,4,0.430054180423,False
stochastic5,200,11,32,True,False,False,False,False,False,False,5,6,49.783102268,0.84312623671,0.468575570742,0.468575570742,0.468575570742,0.920646904848,0.0775206681382,-1.58649123245,-1.1812671097,18,5040,6,0.521492562011,False
stochastic5,200,12,2,True,False,False,False,False,False,False,5,6,28.8969803003,0.364248358824,0.219435631834,0.219435631834,0.219435631834,0.367946423683,0.00369806485832,-1.34505176686,-0.351374730072,6,1680,2,0.148147999394,False
stochastic5,200,12,8,True,False,False,False,False,False,False,5,6,43.566466083,0.641092815439,0.219435631834,0.219435631834,0.219435631834,0.652903977597,0.0118111621582,-1.33958354826,-0.879334836048,12,3360,4,0.471374441263,False
stochastic5,200,12,32,True,False,False,False,False,False,False,5,6,48.6586896311,0.820930394027,0.219435631834,0.219435631834,0.219435631834,0.860695122775,0.0397647287472,-1.3544756111,-1.23779988633,18,5040,6,0.726752461351,False
stochastic5,200,13,2,True,False,False,False,False,False,False,5,6,31.9065709126,0.449459811736,0.249487783934,0.249487783934,0.249487783934,0.464555353735,0.015095541999,-1.47822808874,-0.361150797588,6,1680,2,0.220089818829,False
stochastic5,200,13,8,True,False,False,False,False,False,False,5,6,42.6063834068,0.542155977411,0.249487783934,0.249487783934,0.249487783934,0.621307153815,0.0791511764039,-1.47643674089,-0.857571131832,12,3360,4,0.416673662902,False
stochastic5,200,13,32,True,False,False,False,False,False,False,5,6,44.9924782921,0.428135292971,0.249487783934,0.249487783934,0.249487783934,0.62485007963,0.196714786659,-1.51007650069,-1.26083251138,18,5040,6,0.538868940376,False
stochastic5,200,14,2,True,False,False,False,False,False,False,5,6,32.6400886389,0.491326642419,0.307659278393,0.307659278393,0.307659278393,0.499462028201,0.00813538578206,-1.60222957341,-0.41257325347,6,1680,2,0.218560610121,False
stochastic5,200,14,8,True,False,False,False,False,False,False,5,6,46.4646243784,0.667637068617,0.307659278393,0.307659278393,0.307659278393,0.70940180367,0.0417647350527,-1.60697461785,-1.092170558,12,3360,4,0.47408380602,False
stochastic5,200,14,32,True,False,False,False,False,False,False,5,6,49.3520342424,0.700337761967,0.307659278393,0.307659278393,0.307659278393,0.8429435644,0.142605802432,-1.63661002398,-1.22592602273,18,5040,6,0.630051912299,False
stochastic5,200,15,2,True,False,False,False,False,False,False,5,6,31.0976197035,0.575075514889,0.367136599292,0.367136599292,0.367136599292,0.585510463569,0.0104349486805,-1.51651515966,-0.373483201092,6,1680,2,0.228340971414,False
stochastic5,200,15,8,True,False,False,False,False,False,False,5,6,47.2298555678,0.754667378973,0.367136599292,0.367136599292,0.367136599292,0.811994911974,0.0573275330014,-1.51492613523,-0.986105135715,12,3360,4,0.474055133449,False
stochastic5,200,15,32,True,False,False,False,False,False,False,5,6,48.5841217949,0.656332171867,0.367136599292,0.367136599292,0.367136599292,0.856173366912,0.199841195045,-1.56281303003,-1.3169055789,18,5040,6,0.540572730098,False
stochastic5,200,16,2,True,False,False,False,False,False,False,5,6,28.9657130621,0.444911079529,0.338393526746,0.338393526746,0.338393526746,0.464908683698,0.0199976041681,-1.49897631123,-0.365946080295,6,1680,2,0.146105466117,False
stochastic5,200,16,8,True,False,False,False,False,False,False,5,6,47.0067465942,0.686500557522,0.338393526746,0.338393526746,0.338393526746,0.725424299,0.0389237414779,-1.50667207285,-0.925336727789,12,3360,4,0.461301392545,False
stochastic5,200,16,32,True,False,False,False,False,False,False,5,6,48.6592894252,0.739098483639,0.338393526746,0.338393526746,0.338393526746,0.817862356645,0.0787638730061,-1.53137584172,-1.2758953641,18,5040,6,0.552307599905,False
stochastic5,200,17,2,True,False,False,False,False,False,False,5,6,28.0481759868,0.487267073359,0.284084898931,0.284084898931,0.284084898931,0.497075210082,0.00980813672291,-1.28110404809,-0.349466331851,6,1680,2,0.212427759055,False
stochastic5,200,17,8,True,False,False,False,False,False,False,5,6,44.9203897121,0.659471079698,0.284084898931,0.284084898931,0.284084898931,0.713430477151,0.0539593974532,-1.3028629135,-0.779071551847,12,3360,4,0.447047516105,False
stochastic5,200,17,32,True,False,False,False,False,False,False,5,6,47.2503866613,0.722569123959,0.284084898931,0.284084898931,0.284084898931,0.799043788951,0.0764746649925,-1.31767293277,-1.1304020218,18,5040,6,0.579201086015,False
stochastic5,200,18,2,True,False,False,False,False,False,False,5,6,28.5469733699,0.516669493503,0.356077008546,0.356077008546,0.356077008546,0.522933781989,0.00626428848631,-1.49938674866,-0.373828806534,6,1680,2,0.171116101461,False
stochastic5,200,18,8,True,False,False,False,False,False,False,5,6,45.3551648381,0.744863048506,0.356077008546,0.356077008546,0.356077008546,0.782733537936,0.0378704894297,-1.50935625958,-0.979049275777,12,3360,4,0.432743413872,False
stochastic5,200,18,32,True,False,False,False,False,False,False,5,6,48.6825836112,0.783067148449,0.356077008546,0.356077008546,0.356077008546,0.887898758557,0.104831610109,-1.52956160908,-1.23021367409,18,5040,6,0.601072815609,False
stochastic5,200,19,2,True,False,False,False,False,False,False,5,6,31.7681338214,0.482258624722,0.309260721997,0.309260721997,0.309260721997,0.491871669556,0.00961304483381,-1.54009119608,-0.381575079247,6,1680,2,0.196779028216,False
stochastic5,200,19,8,True,False,False,False,False,False,False,5,6,45.9396078549,0.611878670132,0.309260721997,0.309260721997,0.309260721997,0.740386221118,0.128507550986,-1.55200280536,-0.99067304841,12,3360,4,0.466968673711,False
stochastic5,200,19,32,True,False,False,False,False,False,False,5,6,49.3694856251,0.722240553099,0.309260721997,0.309260721997,0.309260721997,0.854591423564,0.132350870465,-1.56794898822,-1.28163437393,18,5040,6,0.629520634977,False
stochastic5,200,20,2,True,False,False,False,False,False,False,5,6,28.2317459433,0.379115390222,0.238381200541,0.238381200541,0.238381200541,0.384474681049,0.00535929082742,-1.33085703213,-0.349631185769,6,1680,2,0.182635231987,False
stochastic5,200,20,8,True,False,False,False,False,False,False,5,6,44.269495664,0.601194064584,0.238381200541,0.238381200541,0.238381200541,0.612004026678,0.0108099620941,-1.33743118762,-0.896282315897,12,3360,4,0.459345501389,False
stochastic5,200,20,32,True,False,False,False,False,False,False,5,6,47.582711603,0.688532175983,0.238381200541,0.238381200541,0.238381200541,0.74310083787,0.0545686618869,-1.35574876191,-1.0374988695,18,5040,6,0.63140474771,False
stochastic5,200,21,2,True,False,False,False,False,False,False,5,6,27.4063173097,0.243457752591,0.10767932779,0.10767932779,0.10767932779,0.248195294596,0.00473754200431,-1.2075329219,-0.315938428448,6,1680,2,0.152713647767,False
stochastic5,200,21,8,True,False,False,False,False,False,False,5,6,42.2505555203,0.528201152481,0.10767932779,0.10767932779,0.10767932779,0.547655913358,0.0194547608776,-1.20433091609,-0.670303494315,12,3360,4,0.490693239673,False
stochastic5,200,21,32,True,False,False,False,False,False,False,5,6,47.131315033,0.693234197094,0.10767932779,0.10767932779,0.10767932779,0.753324146758,0.0600899496637,-1.2113162174,-1.02485973142,18,5040,6,0.740647675978,False
stochastic5,200,22,2,True,False,False,False,False,False,False,5,6,32.8973895182,0.677767209843,0.515628312373,0.515628312373,0.515628312373,0.69004529288,0.0122780830361,-1.63165517676,-0.392857126252,6,1680,2,0.183008392013,False
stochastic5,200,22,8,True,False,False,False,False,False,False,5,6,47.9020458475,0.813198009184,0.515628312373,0.515628312373,0.515628312373,0.842816653025,0.0296186438415,-1.6575716839,-1.01299890987,12,3360,4,0.331193345665,False
stochastic5,200,22,32,True,False,False,False,False,False,False,5,6,48.8245539317,0.715187281435,0.515628312373,0.515628312373,0.515628312373,0.867757209508,0.152569928073,-1.69514371737,-1.4209301323,18,5040,6,0.384720258549,False
stochastic5,200,23,2,True,False,False,False,False,False,False,5,6,35.5366285611,0.705232377679,0.526849452959,0.526849452959,0.526849452959,0.719223719586,0.0139913419074,-1.71181947802,-0.421020335537,6,1680,2,0.19842133749,False
stochastic5,200,23,8,True,False,False,False,False,False,False,5,6,48.4284937627,0.84770963344,0.526849452959,0.526849452959,0.526849452959,0.901136403613,0.0534267701725,-1.74524340458,-1.04931202191,12,3360,4,0.379683451899,False
stochastic5,200,23,32,True,False,False,False,False,False,False,5,6,49.2312704331,0.740899978243,0.526849452959,0.526849452959,0.526849452959,0.936224434661,0.195324456418,-1.76760337925,-1.47463202653,18,5040,6,0.425068581374,False
stochastic5,200,24,2,True,False,False,False,False,False,False,5,6,31.1305670634,0.502795558098,0.296645677413,0.296645677413,0.296645677413,0.508317501112,0.0055219430137,-1.48473987417,-0.384090064391,6,1680,2,0.230338256033,False
stochastic5,200,24,8,True,False,False,False,False,False,False,5,6,47.9820239539,0.812773654183,0.296645677413,0.296645677413,0.296645677413,0.842220814466,0.0294471602832,-1.45538820279,-0.785781782325,12,3360,4,0.616485803956,False
stochastic5,200,24,32,True,False,False,False,False,False,False,5,6,49.408796853,0.800538493903,0.296645677413,0.296645677413,0.296645677413,0.876322301714,0.0757838078106,-1.50296320633,-1.26174244505,18,5040,6,0.683520028755,False
stochastic5,200,25,2,True,False,False,False,False,False,False,5,6,25.8311589244,0.482979431231,0.264964204035,0.264964204035,0.264964204035,0.489458631182,0.00647919995138,-1.47261442427,-0.365561225468,6,1680,2,0.228369646312,False
stochastic5,200,25,8,True,False,False,False,False,False,False,5,6,42.7505004691,0.761437409802,0.264964204035,0.264964204035,0.264964204035,0.790364138113,0.0289267283112,-1.47445609836,-0.914023682161,12,3360,4,0.527693936517,False
stochastic5,200,25,32,True,False,False,False,False,False,False,5,6,45.337279682,0.854645069565,0.264964204035,0.264964204035,0.264964204035,0.883310809131,0.0286657395655,-1.49825056588,-1.24395302589,18,5040,6,0.642737089397,False
stochastic5,200,26,2,True,False,False,False,False,False,False,5,6,29.0674680343,0.580454382485,0.397492311044,0.397492311044,0.397492311044,0.588408370594,0.00795398810936,-1.48457868675,-0.381966649249,6,1680,2,0.196571156114,False
stochastic5,200,26,8,True,False,False,False,False,False,False,5,6,44.2821123261,0.715991095241,0.397492311044,0.397492311044,0.397492311044,0.746953377822,0.0309622825811,-1.51063737958,-0.78074748407,12,3360,4,0.380619952055,False
stochastic5,200,26,32,True,False,False,False,False,False,False,5,6,47.103703413,0.796872710686,0.397492311044,0.397492311044,0.397492311044,0.845095866516,0.0482231558299,-1.52433208662,-1.17269636595,18,5040,6,0.517543472212,False
stochastic5,200,27,2,True,False,False,False,False,False,False,5,6,26.3480411132,0.303593745102,0.197990154601,0.197990154601,0.197990154601,0.311542534636,0.00794878953419,-1.32143213011,-0.345753350683,6,1680,2,0.120715144099,False
stochastic5,200,27,8,True,False,False,False,False,False,False,5,6,40.8865954974,0.48211448626,0.197990154601,0.197990154601,0.197990154601,0.538576516252,0.0564620299924,-1.32214057952,-0.842577000078,12,3360,4,0.369589629898,False
stochastic5,200,27,32,True,False,False,False,False,False,False,5,6,45.5261209735,0.618091510625,0.197990154601,0.197990154601,0.197990154601,0.731532951847,0.113441441223,-1.33281152731,-1.12744012177,18,5040,6,0.602713366735,False
stochastic5,200,28,2,True,False,False,False,False,False,False,5,6,28.3064771051,0.383696696579,0.195762830785,0.195762830785,0.195762830785,0.390945657574,0.00724896099489,-1.29626372674,-0.336472622544,6,1680,2,0.215266036791,False
stochastic5,200,28,8,True,False,False,False,False,False,False,5,6,45.1473686183,0.656909498074,0.195762830785,0.195762830785,0.195762830785,0.702214586017,0.045305087943,-1.28271371867,-0.703189891803,12,3360,4,0.564462677966,False
stochastic5,200,28,32,True,False,False,False,False,False,False,5,6,47.8161002376,0.621006937721,0.195762830785,0.195762830785,0.195762830785,0.783306541386,0.162299603666,-1.31723868705,-0.995161018102,18,5040,6,0.697187754578,False
stochastic5,200,29,2,True,False,False,False,False,False,False,5,6,33.5194984399,0.682373628656,0.477418418509,0.477418418509,0.477418418509,0.705312618648,0.0229389899916,-1.67285583662,-0.399333434526,6,1680,2,0.213466196552,False
stochastic5,200,29,8,True,False,False,False,False,False,False,5,6,46.8947645709,0.811328264761,0.477418418509,0.477418418509,0.477418418509,0.875459910543,0.0641316457825,-1.67689211058,-1.08234116104,12,3360,4,0.36686583551,False
stochastic5,200,29,32,True,False,False,False,False,False,False,5,6,47.2585109958,0.686328529889,0.477418418509,0.477418418509,0.477418418509,0.883069241175,0.196740711285,-1.72345259136,-1.43965788416,18,5040,6,0.386628486645,False
stochastic5,2000,0,2,True,False,False,False,False,False,False,5,6,15.5971962024,0.26781869779,0.154002202173,0.154002202173,0.154002202173,0.26974096558,0.00192226778947,-0.259081459693,-0.0806920812084,6,1680,2,0.114863407657,False
stochastic5,2000,0,8,True,False,False,False,False,False,False,5,6,26.4046151857,0.525769907797,0.154002202173,0.154002202173,0.154002202173,0.528326852319,0.0025569445215,-0.176408794393,-0.134957123201,12,3360,4,0.386997862134,False
stochastic5,2000,0,32,True,False,False,False,False,False,False,5,6,28.2471796158,0.657445678561,0.154002202173,0.154002202173,0.154002202173,0.662612503291,0.00516682473044,-0.235532667715,-0.282965414423,18,5040,6,0.547046613423,False
stochastic5,2000,1,2,True,False,False,False,False,False,False,5,6,18.092272217,0.474438236688,0.31607068526,0.31607068526,0.31607068526,0.475790769503,0.00135253281523,-0.337067654509,-0.104841418892,6,1680,2,0.15887773268,False
stochastic5,2000,1,8,True,False,False,False,False,False,False,5,6,27.1868637674,0.707839972242,0.31607068526,0.31607068526,0.31607068526,0.723549244776,0.0157092725342,-0.219793352568,-0.250657989295,12,3360,4,0.401178172566,False
stochastic5,2000,1,32,True,False,False,False,False,False,False,5,6,28.0693577026,0.744638066025,0.31607068526,0.31607068526,0.31607068526,0.784482152456,0.0398440864314,-0.369582666631,-0.389567322818,18,5040,6,0.463206756743,False
stochastic5,2000,2,2,True,False,False,False,False,False,False,5,6,18.2668608924,0.483335526113,0.278423508725,0.278423508725,0.278423508725,0.483806169037,0.000470642924607,-0.279939128623,-0.10680856539,6,1680,2,0.206853636201,False
stochastic5,2000,2,8,True,False,False,False,False,False,False,5,6,27.6437625584,0.783360038355,0.278423508725,0.278423508725,0.278423508725,0.784708765136,0.00134872678059,-0.11912839876,-0.272825183937,12,3360,4,0.513786680614,False
stochastic5,2000,2,32,True,False,False,False,False,False,False,5,6,28.5027292861,0.83489792486,0.278423508725,0.278423508725,0.278423508725,0.842585468449,0.00768754358848,-0.232016641668,-0.361764749259,18,5040,6,0.574164921584,False
stochastic5,2000,3,2,True,False,False,False,False,False,False,5,6,16.3423513741,0.410252925895,0.274396295347,0.274396295347,0.274396295347,0.410431076295,0.000178150399533,-0.321361456784,-0.0819966062889,6,1680,2,0.135439150451,False
stochastic5,2000,3,8,True,False,False,False,False,False,False,5,6,26.8459266137,0.639168738746,0.274396295347,0.274396295347,0.274396295347,0.646877300175,0.00770856142901,-0.274537775337,-0.30135902774,12,3360,4,0.373031363282,False
stochastic5,2000,3,32,True,False,False,False,False,False,False,5,6,29.7912797678,0.842521772995,0.274396295347,0.274396295347,0.274396295347,0.849506735954,0.00698496295863,-0.28348020645,-0.405507237613,18,5040,6,0.582334201552,False
stochastic5,2000,4,2,True,False,False,False,False,False,False,5,6,17.8578582701,0.441177703947,0.249920071809,0.249920071809,0.249920071809,0.441421353857,0.000243649909609,-0.280784838556,-0.0838894689777,6,1680,2,0.188227854298,False
stochastic5,2000,4,8,True,False,False,False,False,False,False,5,6,27.6782352326,0.74299291857,0.249920071809,0.249920071809,0.249920071809,0.743233546914,0.000240628343599,-0.184490608075,-0.237165773726,12,3360,4,0.469580405904,False
stochastic5,2000,4,32,True,False,False,False,False,False,False,5,6,28.9282243291,0.8307539312,0.249920071809,0.249920071809,0.249920071809,0.835231800129,0.00447786892905,-0.268732836421,-0.305534603724,18,5040,6,0.556010595787,False
stochastic5,2000,5,2,True,False,False,False,False,False,False,5,6,18.0097719967,0.495519016236,0.323920611476,0.323920611476,0.323920611476,0.496185370637,0.000666354401198,-0.333726117101,-0.112912452005,6,1680,2,0.173788074802,False
stochastic5,2000,5,8,True,False,False,False,False,False,False,5,6,26.638055216,0.638283169506,0.323920611476,0.323920611476,0.323920611476,0.640904854098,0.00262168459118,-0.288480540216,-0.271095006986,12,3360,4,0.310441539321,False
stochastic5,2000,5,32,True,False,False,False,False,False,False,5,6,28.2020960208,0.707652519711,0.323920611476,0.323920611476,0.323920611476,0.738057498905,0.0304049791945,-0.408932350895,-0.361349367238,18,5040,6,0.408815580965,False
stochastic5,2000,6,2,True,False,False,False,False,False,False,5,6,18.1185192577,0.465961655394,0.287080954135,0.287080954135,0.287080954135,0.466446728373,0.000485072978664,-0.288763536885,-0.0968335809501,6,1680,2,0.177927713899,False
stochastic5,2000,6,8,True,False,False,False,False,False,False,5,6,28.9724744269,0.780874446789,0.287080954135,0.287080954135,0.287080954135,0.782890839338,0.00201639254945,-0.193991374183,-0.24772042078,12,3360,4,0.496129811772,False
stochastic5,2000,6,32,True,False,False,False,False,False,False,5,6,30.4144235287,0.886140917422,0.287080954135,0.287080954135,0.287080954135,0.889362166099,0.00322124867691,-0.212260501907,-0.342181028707,18,5040,6,0.612458014357,False
stochastic5,2000,7,2,True,False,False,False,False,False,False,5,6,15.1413580928,0.376471258912,0.236080507057,0.236080507057,0.236080507057,0.377208830934,0.000737572022489,-0.275704798099,-0.0789945258519,6,1680,2,0.140762110196,False
stochastic5,2000,7,8,True,False,False,False,False,False,False,5,6,26.4484546533,0.628573431514,0.236080507057,0.236080507057,0.236080507057,0.630997837622,0.00242440610848,-0.208497807051,-0.278740126663,12,3360,4,0.407279640151,False
stochastic5,2000,7,32,True,False,False,False,False,False,False,5,6,29.3621957903,0.788128867084,0.236080507057,0.236080507057,0.236080507057,0.793809094751,0.00568022766626,-0.276388970665,-0.361723807491,18,5040,6,0.574482212813,False
stochastic5,2000,8,2,True,False,False,False,False,False,False,5,6,16.2206952713,0.538787940032,0.348330882064,0.348330882064,0.348330882064,0.539134853156,0.000346913123397,-0.309172138369,-0.112373641056,6,1680,2,0.191636942426,False
stochastic5,2000,8,8,True,False,False,False,False,False,False,5,6,26.0753635703,0.831024659162,0.348330882064,0.348330882064,0.348330882064,0.833766499135,0.00274183997307,-0.223119610177,-0.338343963568,12,3360,4,0.486051421509,False
stochastic5,2000,8,32,True,False,False,False,False,False,False,5,6,27.6620991787,0.924290179109,0.348330882064,0.348330882064,0.348330882064,0.924977819783,0.000687640673959,-0.192568345142,-0.448971321266,18,5040,6,0.591157662378,False
stochastic5,2000,9,2,True,False,False,False,False,False,False,5,6,17.8844633022,0.422337735708,0.27809091347,0.27809091347,0.27809091347,0.42314016953,0.000802433821802,-0.338475381944,-0.0948404840362,6,1680,2,0.151550026805,False
stochastic5,2000,9,8,True,False,False,False,False,False,False,5,6,25.601876566,0.608178507252,0.27809091347,0.27809091347,0.27809091347,0.61080109254,0.00262258528807,-0.296799764958,-0.268005363294,12,3360,4,0.337424962977,False
stochastic5,2000,9,32,True,False,False,False,False,False,False,5,6,26.9743606348,0.699071796578,0.27809091347,0.27809091347,0.27809091347,0.707428068578,0.00835627200072,-0.336099387783,-0.410698661119,18,5040,6,0.426433619701,False
stochastic5,2000,10,2,True,False,False,False,False,False,False,5,6,16.7609515851,0.483232219441,0.301762538423,0.301762538423,0.301762538423,0.484476635368,0.00124441592728,-0.305928841667,-0.0929978685212,6,1680,2,0.18411462867,False
stochastic5,2000,10,8,True,False,False,False,False,False,False,5,6,27.8397481673,0.723285942059,0.301762538423,0.301762538423,0.301762538423,0.727508935092,0.00422299303286,-0.241089072255,-0.215287602962,12,3360,4,0.44855473168,False
stochastic5,2000,10,32,True,False,False,False,False,False,False,5,6,29.7800688782,0.819627490977,0.301762538423,0.301762538423,0.301762538423,0.827061986723,0.00743449574603,-0.346167966056,-0.341987398321,18,5040,6,0.577517700949,False
stochastic5,2000,11,2,True,False,False,False,False,False,False,5,6,19.213846891,0.662470496454,0.468575570742,0.468575570742,0.468575570742,0.663588873258,0.00111837680331,-0.390698014118,-0.109526822358,6,1680,2,0.193933999468,False
stochastic5,2000,11,8,True,False,False,False,False,False,False,5,6,29.9539829434,0.848846948765,0.468575570742,0.468575570742,0.468575570742,0.850876832397,0.00202988363256,-0.367421902522,-0.310496401517,12,3360,4,0.373144691813,False
stochastic5,2000,11,32,True,False,False,False,False,False,False,5,6,30.8166911218,0.919668585378,0.468575570742,0.468575570742,0.468575570742,0.920646904848,0.0009783194699,-0.457873353265,-0.43326596492,18,5040,6,0.435729174472,False
stochastic5,2000,12,2,True,False,False,False,False,False,False,5,6,17.6181928335,0.366933239511,0.219435631834,0.219435631834,0.219435631834,0.367946423683,0.00101318417114,-0.277885485501,-0.0950496576095,6,1680,2,0.147236471147,False
stochastic5,2000,12,8,True,False,False,False,False,False,False,5,6,26.7174540223,0.646677868711,0.219435631834,0.219435631834,0.219435631834,0.652903977597,0.00622610888606,-0.163905245237,-0.241791961067,12,3360,4,0.434958751927,False
stochastic5,2000,12,32,True,False,False,False,False,False,False,5,6,30.0083479239,0.845388473543,0.219435631834,0.219435631834,0.219435631834,0.860695122775,0.0153066492314,-0.165450628262,-0.341288795147,18,5040,6,0.65887267349,False
stochastic5,2000,13,2,True,False,False,False,False,False,False,5,6,18.937638033,0.463832294936,0.249487783934,0.249487783934,0.249487783934,0.464555353735,0.000723058798783,-0.244269220637,-0.0830526342334,6,1680,2,0.216226962182,False
stochastic5,2000,13,8,True,False,False,False,False,False,False,5,6,25.1814040313,0.620452050278,0.249487783934,0.249487783934,0.249487783934,0.621307153815,0.000855103537679,-0.150925272447,-0.200711808738,12,3360,4,0.371358725859,False
stochastic5,2000,13,32,True,False,False,False,False,False,False,5,6,25.2571498838,0.613259285712,0.249487783934,0.249487783934,0.249487783934,0.62485007963,0.0115907939176,-0.306043785807,-0.320305590492,18,5040,6,0.378619223232,False
stochastic5,2000,14,2,True,False,False,False,False,False,False,5,6,19.1439479739,0.498803495193,0.307659278393,0.307659278393,0.307659278393,0.499462028201,0.000658533008448,-0.35038859599,-0.109529817526,6,1680,2,0.200235021148,False
stochastic5,2000,14,8,True,False,False,False,False,False,False,5,6,27.3566721239,0.705530921328,0.307659278393,0.307659278393,0.307659278393,0.70940180367,0.00387088234141,-0.251071273061,-0.277064640403,12,3360,4,0.417445415892,False
stochastic5,2000,14,32,True,False,False,False,False,False,False,5,6,29.2347314096,0.834015372448,0.307659278393,0.307659278393,0.307659278393,0.8429435644,0.00892819195128,-0.289542245105,-0.382124807628,18,5040,6,0.558062237516,False
stochastic5,2000,15,2,True,False,False,False,False,False,False,5,6,19.0229466872,0.584584117094,0.367136599292,0.367136599292,0.367136599292,0.585510463569,0.000926346474832,-0.329041975401,-0.114072292028,6,1680,2,0.220812948148,False
stochastic5,2000,15,8,True,False,False,False,False,False,False,5,6,29.0673570183,0.81076100678,0.367136599292,0.367136599292,0.367136599292,0.811994911974,0.00123390519393,-0.235578782566,-0.295593650316,12,3360,4,0.449635066686,False
stochastic5,2000,15,32,True,False,False,False,False,False,False,5,6,29.7228576744,0.854698491993,0.367136599292,0.367136599292,0.367136599292,0.856173366912,0.00147487491929,-0.281235900649,-0.430495166045,18,5040,6,0.491361428499,False
stochastic5,2000,16,2,True,False,False,False,False,False,False,5,6,16.6967681492,0.463612954096,0.338393526746,0.338393526746,0.338393526746,0.464908683698,0.00129572960126,-0.359493351928,-0.103408859645,6,1680,2,0.123023570688,False
stochastic5,2000,16,8,True,False,False,False,False,False,False,5,6,27.3278512482,0.718215538406,0.338393526746,0.338393526746,0.338393526746,0.725424299,0.00720876059351,-0.262150380339,-0.256436338166,12,3360,4,0.379683227315,False
stochastic5,2000,16,32,True,False,False,False,False,False,False,5,6,28.6787396106,0.803540569769,0.338393526746,0.338393526746,0.338393526746,0.817862356645,0.0143217868767,-0.375218958822,-0.34023663694,18,5040,6,0.491796113979,False
stochastic5,2000,17,2,True,False,False,False,False,False,False,5,6,17.1925786518,0.495111210745,0.284084898931,0.284084898931,0.284084898931,0.497075210082,0.00196399933776,-0.251190659003,-0.0852015343444,6,1680,2,0.211954297508,False
stochastic5,2000,17,8,True,False,False,False,False,False,False,5,6,27.8213159428,0.706406159619,0.284084898931,0.284084898931,0.284084898931,0.713430477151,0.00702431753225,-0.229604536911,-0.228073949566,12,3360,4,0.432422608141,False
stochastic5,2000,17,32,True,False,False,False,False,False,False,5,6,28.8899721013,0.770281733261,0.284084898931,0.284084898931,0.284084898931,0.799043788951,0.0287620556902,-0.298398388981,-0.355513900509,18,5040,6,0.522422755717,False
stochastic5,2000,18,2,True,False,False,False,False,False,False,5,6,16.4986851898,0.521565465954,0.356077008546,0.356077008546,0.356077008546,0.522933781989,0.00136831603573,-0.34036356588,-0.109601143626,6,1680,2,0.161192591657,False
stochastic5,2000,18,8,True,False,False,False,False,False,False,5,6,26.7287350818,0.778050219544,0.356077008546,0.356077008546,0.356077008546,0.782733537936,0.00468331839127,-0.262199787277,-0.28239071048,12,3360,4,0.409741748962,False
stochastic5,2000,18,32,True,False,False,False,False,False,False,5,6,28.2208636878,0.884524810209,0.356077008546,0.356077008546,0.356077008546,0.887898758557,0.00337394834858,-0.320343609298,-0.373782318877,18,5040,6,0.514575204192,False
stochastic5,2000,19,2,True,False,False,False,False,False,False,5,6,17.6030965846,0.491574424922,0.309260721997,0.309260721997,0.309260721997,0.491871669556,0.000297244633923,-0.34844007958,-0.109655501724,6,1680,2,0.181323397682,False
stochastic5,2000,19,8,True,False,False,False,False,False,False,5,6,25.6179655529,0.739580365799,0.309260721997,0.309260721997,0.309260721997,0.740386221118,0.000805855319058,-0.250847619388,-0.28299923871,12,3360,4,0.430687516984,False
stochastic5,2000,19,32,True,False,False,False,False,False,False,5,6,27.2994253674,0.853485926438,0.309260721997,0.309260721997,0.309260721997,0.854591423564,0.00110549712523,-0.266401423451,-0.372884374007,18,5040,6,0.555240009317,False
stochastic5,2000,20,2,True,False,False,False,False,False,False,5,6,15.9043320008,0.384237692758,0.238381200541,0.238381200541,0.238381200541,0.384474681049,0.000236988290933,-0.301390286217,-0.0923039423118,6,1680,2,0.1398907876,False
stochastic5,2000,20,8,True,False,False,False,False,False,False,5,6,24.9526292208,0.609835392903,0.238381200541,0.238381200541,0.238381200541,0.612004026678,0.00216863377516,-0.247098618455,-0.239189551895,12,3360,4,0.356337675566,False
stochastic5,2000,20,32,True,False,False,False,False,False,False,5,6,26.8044486363,0.741850892404,0.238381200541,0.238381200541,0.238381200541,0.74310083787,0.00124994546595,-0.269910652488,-0.289129350024,18,5040,6,0.503629363376,False
stochastic5,2000,21,2,True,False,False,False,False,False,False,5,6,15.9400193619,0.247563929769,0.10767932779,0.10767932779,0.10767932779,0.248195294596,0.00063136482638,-0.206222266094,-0.0593139483904,6,1680,2,0.140990021379,False
stochastic5,2000,21,8,True,False,False,False,False,False,False,5,6,25.1216549082,0.5451035206,0.10767932779,0.10767932779,0.10767932779,0.547655913358,0.00255239275817,-0.099531500218,-0.152127080073,12,3360,4,0.45524679922,False
stochastic5,2000,21,32,True,False,False,False,False,False,False,5,6,28.370285034,0.749403931092,0.10767932779,0.10767932779,0.10767932779,0.753324146758,0.00392021566548,-0.0596949806348,-0.235077352322,18,5040,6,0.692074919721,False
stochastic5,2000,22,2,True,False,False,False,False,False,False,5,6,19.2821403464,0.685739318386,0.515628312373,0.515628312373,0.515628312373,0.69004529288,0.00430597449394,-0.430177957317,-0.125602732092,6,1680,2,0.168047697198,False
stochastic5,2000,22,8,True,False,False,False,False,False,False,5,6,28.7865850258,0.836528949646,0.515628312373,0.515628312373,0.515628312373,0.842816653025,0.00628770337869,-0.411132503693,-0.325658847029,12,3360,4,0.327812261008,False
stochastic5,2000,22,32,True,False,False,False,False,False,False,5,6,28.9819991622,0.859677149911,0.515628312373,0.515628312373,0.515628312373,0.867757209508,0.00808005959676,-0.472212333024,-0.459446329317,18,5040,6,0.355316016883,False
stochastic5,2000,23,2,True,False,False,False,False,False,False,5,6,21.5251065789,0.71813038132,0.526849452959,0.526849452959,0.526849452959,0.719223719586,0.00109333826641,-0.440375811825,-0.136986882352,6,1680,2,0.194015662508,False
stochastic5,2000,23,8,True,False,False,False,False,False,False,5,6,29.6478587349,0.898545187832,0.526849452959,0.526849452959,0.526849452959,0.901136403613,0.00259121578005,-0.39408351511,-0.350072704307,12,3360,4,0.370467620972,False
stochastic5,2000,23,32,True,False,False,False,False,False,False,5,6,29.9829863574,0.934431539892,0.526849452959,0.526849452959,0.526849452959,0.936224434661,0.00179289476874,-0.49529995583,-0.486203771355,18,5040,6,0.400033056655,False
stochastic5,2000,24,2,True,False,False,False,False,False,False,5,6,19.085611321,0.506819104057,0.296645677413,0.296645677413,0.296645677413,0.508317501112,0.00149839705536,-0.301372778532,-0.103374038821,6,1680,2,0.215207766253,False
stochastic5,2000,24,8,True,False,False,False,False,False,False,5,6,29.3469958038,0.833489803913,0.296645677413,0.296645677413,0.296645677413,0.842220814466,0.00873101055328,-0.130253138179,-0.270506851922,12,3360,4,0.544267188298,False
stochastic5,2000,24,32,True,False,False,False,False,False,False,5,6,30.026871666,0.841786760745,0.296645677413,0.296645677413,0.296645677413,0.876322301714,0.0345355409689,-0.210978516385,-0.364289074437,18,5040,6,0.58443970619,False
stochastic5,2000,25,2,True,False,False,False,False,False,False,5,6,15.2641407693,0.488644927913,0.264964204035,0.264964204035,0.264964204035,0.489458631182,0.000813703269284,-0.279766975726,-0.0917921006821,6,1680,2,0.219290574091,False
stochastic5,2000,25,8,True,False,False,False,False,False,False,5,6,26.0251261894,0.788415495923,0.264964204035,0.264964204035,0.264964204035,0.790364138113,0.00194864219021,-0.147627654864,-0.246867348986,12,3360,4,0.524735594427,False
stochastic5,2000,25,32,True,False,False,False,False,False,False,5,6,27.7320239603,0.878878187711,0.264964204035,0.264964204035,0.264964204035,0.883310809131,0.00443262141958,-0.224519356552,-0.296347093063,18,5040,6,0.639411079071,False
stochastic5,2000,26,2,True,False,False,False,False,False,False,5,6,18.0186895678,0.587269239301,0.397492311044,0.397492311044,0.397492311044,0.588408370594,0.00113913129305,-0.336375847181,-0.119432358124,6,1680,2,0.192368025834,False
stochastic5,2000,26,8,True,False,False,False,False,False,False,5,6,27.7517571681,0.7429445914,0.397492311044,0.397492311044,0.397492311044,0.746953377822,0.00400878642185,-0.310593589382,-0.254863796706,12,3360,4,0.369034579932,False
stochastic5,2000,26,32,True,False,False,False,False,False,False,5,6,29.3802272515,0.839254320429,0.397492311044,0.397492311044,0.397492311044,0.845095866516,0.0058415460867,-0.345495729891,-0.354127191242,18,5040,6,0.480721525545,False
stochastic5,2000,27,2,True,False,False,False,False,False,False,5,6,16.020006343,0.31059295222,0.197990154601,0.197990154601,0.197990154601,0.311542534636,0.000949582416066,-0.292359339721,-0.0872459769294,6,1680,2,0.112771787448,False
stochastic5,2000,27,8,True,False,False,False,False,False,False,5,6,25.1493207492,0.53504444115,0.197990154601,0.197990154601,0.197990154601,0.538576516252,0.00353207510242,-0.199566614792,-0.223782994117,12,3360,4,0.345293549027,False
stochastic5,2000,27,32,True,False,False,False,False,False,False,5,6,27.9284187971,0.724145215938,0.197990154601,0.197990154601,0.197990154601,0.731532951847,0.00738773590869,-0.226681779723,-0.297139100666,18,5040,6,0.543801688293,False
stochastic5,2000,28,2,True,False,False,False,False,False,False,5,6,16.1336823317,0.390479159655,0.195762830785,0.195762830785,0.195762830785,0.390945657574,0.000466497918786,-0.23764201135,-0.073297543304,6,1680,2,0.195868034596,False
stochastic5,2000,28,8,True,False,False,False,False,False,False,5,6,26.2746441214,0.701361116981,0.195762830785,0.195762830785,0.195762830785,0.702214586017,0.000853469036592,-0.04732264345,-0.166840685609,12,3360,4,0.522080185356,False
stochastic5,2000,28,32,True,False,False,False,False,False,False,5,6,27.6433544933,0.776058643202,0.195762830785,0.195762830785,0.195762830785,0.783306541386,0.00724789818421,-0.190661109393,-0.290321360811,18,5040,6,0.614770040899,False
stochastic5,2000,29,2,True,False,False,False,False,False,False,5,6,20.7145401892,0.70460976709,0.477418418509,0.477418418509,0.477418418509,0.705312618648,0.00070285155813,-0.363921779804,-0.11912393478,6,1680,2,0.228842600257,False
stochastic5,2000,29,8,True,False,False,False,False,False,False,5,6,29.4432023687,0.872351447539,0.477418418509,0.477418418509,0.477418418509,0.875459910543,0.003108463004,-0.262190987382,-0.31192364001,12,3360,4,0.397239880837,False
stochastic5,2000,29,32,True,False,False,False,False,False,False,5,6,29.7135534734,0.873685485667,0.477418418509,0.477418418509,0.477418418509,0.883069241175,0.00938375550776,-0.393553362187,-0.468135728501,18,5040,6,0.418611087977,False
stochastic5,20000,0,2,True,False,True,False,True,False,False,5,6,3.21988727621,0.26972360974,0.154002202173,0.26972360974,0.154002202173,0.26974096558,1.73558396778e-05,0.00741418492493,-0.0180174904226,6,1680,2,0.115497459589,False
stochastic5,20000,0,8,True,False,True,False,True,False,False,5,6,6.0056379671,0.528284745307,0.26972360974,0.528284745307,0.154002202173,0.528326852319,4.21070115175e-05,0.0576346171095,-0.0526785557404,12,3360,4,0.372697111778,False
stochastic5,20000,0,32,True,False,False,False,False,False,False,5,6,6.54494312673,0.662557455717,0.528284745307,0.528284745307,0.154002202173,0.662612503291,5.50475742747e-05,-0.202470427845,-0.189574819942,18,5040,6,0.505297797152,False
stochastic5,20000,1,2,True,False,True,False,True,False,False,5,6,4.02085938503,0.475720364756,0.31607068526,0.475720364756,0.31607068526,0.475790769503,7.04047465931e-05,0.0102771810891,-0.0213642627433,6,1680,2,0.158994216665,False
stochastic5,20000,1,8,True,False,True,False,True,False,False,5,6,6.53285669364,0.723235116388,0.475720364756,0.723235116388,0.31607068526,0.723549244776,0.000314128388457,0.053805519844,-0.0847185111502,12,3360,4,0.40960671144,False
stochastic5,20000,1,32,True,False,False,False,False,False,False,5,6,6.87364154156,0.78403261521,0.723235116388,0.723235116388,0.31607068526,0.784482152456,0.000449537246324,-0.20490489027,-0.189032149041,18,5040,6,0.473340526982,False
stochastic5,20000,2,2,True,False,True,False,True,False,False,5,6,3.88106262462,0.483792897904,0.278423508725,0.483792897904,0.278423508725,0.483806169037,1.32711329515e-05,0.0611910793596,-0.0366425981225,6,1680,2,0.207571133178,False
stochastic5,20000,2,8,True,False,True,False,True,False,False,5,6,6.61016510667,0.784706464957,0.483792897904,0.784706464957,0.278423508725,0.784708765136,2.30017926062e-06,0.112840716721,-0.0670358562332,12,3360,4,0.516115979828,False
stochastic5,20000,2,32,True,False,False,False,False,False,False,5,6,6.94547116095,0.841744489438,0.784706464957,0.784706464957,0.278423508725,0.842585468449,0.000840979010691,-0.162679211583,-0.108359269946,18,5040,6,0.575343086156,False
stochastic5,20000,3,2,True,False,True,False,True,False,False,5,6,3.51034657895,0.410365667222,0.274396295347,0.410365667222,0.274396295347,0.410431076295,6.54090724724e-05,0.00174652289155,-0.0146818110471,6,1680,2,0.137075334877,False
stochastic5,20000,3,8,True,False,True,False,True,False,False,5,6,6.12792338082,0.646796460809,0.410365667222,0.646796460809,0.274396295347,0.646877300175,8.08393665828e-05,0.0308722639127,-0.150336777641,12,3360,4,0.375861801755,False
stochastic5,20000,3,32,True,False,False,False,False,False,False,5,6,7.04969544457,0.849024310387,0.646796460809,0.646796460809,0.274396295347,0.849506735954,0.0004824255663,-0.128559750833,-0.151715702997,18,5040,6,0.576245395654,False
stochastic5,20000,4,2,True,False,True,False,True,False,False,5,6,3.9902261175,0.441414013268,0.249920071809,0.441414013268,0.249920071809,0.441421353857,7.34058908658e-06,0.0505489858639,-0.0239848586742,6,1680,2,0.189750363924,False
stochastic5,20000,4,8,True,False,True,False,True,False,False,5,6,6.66599919149,0.743226397698,0.441414013268,0.743226397698,0.249920071809,0.743233546914,7.14921623524e-06,0.077290206217,-0.0537678634953,12,3360,4,0.487445800505,False
stochastic5,20000,4,32,True,False,False,False,False,False,False,5,6,7.17946809663,0.835229988964,0.743226397698,0.743226397698,0.249920071809,0.835231800129,1.81116426723e-06,-0.223945095284,-0.198352642901,18,5040,6,0.57943227614,False
stochastic5,20000,5,2,True,False,True,False,True,False,False,5,6,3.89222802473,0.496122658267,0.323920611476,0.496122658267,0.323920611476,0.496185370637,6.27123697869e-05,0.0227552516674,-0.0275310293094,6,1680,2,0.171493107525,False
stochastic5,20000,5,8,True,False,False,False,False,False,False,5,6,6.09360496399,0.640851317194,0.496122658267,0.496122658267,0.323920611476,0.640904854098,5.35369035697e-05,-0.0426781571785,-0.0702842884898,12,3360,4,0.315811447414,False
stochastic5,20000,5,32,True,False,False,False,False,False,False,5,6,6.57570652015,0.738029640199,0.496122658267,0.496122658267,0.323920611476,0.738057498905,2.78587061884e-05,-0.0258540486086,-0.27028590686,18,5040,6,0.412137736228,False
stochastic5,20000,6,2,True,False,True,False,True,False,False,5,6,3.92479262045,0.46643188067,0.287080954135,0.46643188067,0.287080954135,0.466446728373,1.48477036464e-05,0.0407822129705,-0.0244948619811,6,1680,2,0.179870476179,False
stochastic5,20000,6,8,True,False,True,False,True,False,False,5,6,6.93005616308,0.782795634925,0.46643188067,0.782795634925,0.287080954135,0.782890839338,9.52044132878e-05,0.0918205432342,-0.10748280765,12,3360,4,0.499615250396,False
stochastic5,20000,6,32,True,False,False,False,False,False,False,5,6,7.48975953685,0.888694014378,0.782795634925,0.782795634925,0.287080954135,0.889362166099,0.000668151720674,-0.190156418823,-0.169156773705,18,5040,6,0.609281958978,False
stochastic5,20000,7,2,True,False,True,False,True,False,False,5,6,3.28899347046,0.376946482484,0.236080507057,0.376946482484,0.236080507057,0.377208830934,0.000262348450341,0.0186193446179,-0.0182933878601,6,1680,2,0.143087651746,False
stochastic5,20000,7,8,True,False,True,False,True,False,False,5,6,6.08909364803,0.630885452152,0.376946482484,0.630885452152,0.236080507057,0.630997837622,0.000112385470486,0.0640131449448,-0.115107673297,12,3360,4,0.403581697817,False
stochastic5,20000,7,32,True,False,False,False,False,False,False,5,6,6.98147892787,0.79325370683,0.630885452152,0.630885452152,0.236080507057,0.793809094751,0.000555387920691,-0.149849764712,-0.180525922269,18,5040,6,0.570791806942,False
stochastic5,20000,8,2,True,False,True,False,True,False,False,5,6,3.46108435591,0.53904852564,0.348330882064,0.53904852564,0.348330882064,0.539134853156,8.63275154565e-05,0.0347191251247,-0.0228244464576,6,1680,2,0.189663081137,False
stochastic5,20000,8,8,True,False,True,False,True,False,False,5,6,5.91888736069,0.83372570985,0.53904852564,0.83372570985,0.348330882064,0.833766499135,4.07892856277e-05,0.0673648941357,-0.119425858334,12,3360,4,0.481630734532,False
stochastic5,20000,8,32,True,False,False,False,False,False,False,5,6,6.35176786232,0.924695377672,0.83372570985,0.83372570985,0.348330882064,0.924977819783,0.000282442110493,-0.166187345474,-0.160542172015,18,5040,6,0.572320739693,False
stochastic5,20000,9,2,True,False,True,False,True,False,False,5,6,4.06067200664,0.423054559793,0.27809091347,0.423054559793,0.27809091347,0.42314016953,8.56097369811e-05,0.0037868437564,-0.0172211792202,6,1680,2,0.144217785943,False
stochastic5,20000,9,8,True,False,False,False,False,False,False,5,6,6.14352592102,0.610592166886,0.423054559793,0.423054559793,0.27809091347,0.61080109254,0.000208925654206,-0.0258463997122,-0.0965034471109,12,3360,4,0.327564548097,False
stochastic5,20000,9,32,True,False,False,False,False,False,False,5,6,6.6676794806,0.707376612451,0.423054559793,0.423054559793,0.27809091347,0.707428068578,5.14561275271e-05,-0.019943946178,-0.212336781737,18,5040,6,0.425422385696,False
stochastic5,20000,10,2,True,False,True,False,True,False,False,5,6,3.60725745466,0.484100640537,0.301762538423,0.484100640537,0.301762538423,0.484476635368,0.000375994831249,0.0365442943598,-0.0219081724148,6,1680,2,0.18247038924,False
stochastic5,20000,10,8,True,False,True,False,True,False,False,5,6,6.31188054905,0.726721868741,0.484100640537,0.726721868741,0.301762538423,0.727508935092,0.000787066350666,0.0276275403101,-0.04471066898,12,3360,4,0.426252405685,False
stochastic5,20000,10,32,True,False,False,False,False,False,False,5,6,7.01908382406,0.825668853441,0.726721868741,0.726721868741,0.301762538423,0.827061986723,0.00139313328177,-0.2156667791,-0.210472088041,18,5040,6,0.533689121368,False
stochastic5,20000,11,2,True,False,True,False,True,False,False,5,6,4.30384192091,0.663517304961,0.468575570742,0.663517304961,0.468575570742,0.663588873258,7.15682969525e-05,0.0181078562765,-0.0282067513286,6,1680,2,0.194993447423,False
stochastic5,20000,11,8,True,False,False,False,False,False,False,5,6,7.13052313785,0.850830646648,0.663517304961,0.663517304961,0.468575570742,0.850876832397,4.61857495083e-05,-0.0379243635563,-0.0898025622806,12,3360,4,0.384737894743,False
stochastic5,20000,11,32,True,False,False,False,False,False,False,5,6,7.52850448832,0.920641066874,0.663517304961,0.663517304961,0.468575570742,0.920646904848,5.83797368692e-06,-0.0585352982867,-0.165482912379,18,5040,6,0.456961086072,False
stochastic5,20000,12,2,True,False,True,False,True,False,False,5,6,3.73230454515,0.367779556885,0.219435631834,0.367779556885,0.219435631834,0.367946423683,0.000166866797997,0.0212742993167,-0.0214414005615,6,1680,2,0.147511526107,False
stochastic5,20000,12,8,True,False,True,False,True,False,False,5,6,6.18016183206,0.652675127187,0.367779556885,0.652675127187,0.219435631834,0.652903977597,0.00022885040979,0.0849056786132,-0.057797238204,12,3360,4,0.429669219222,False
stochastic5,20000,12,32,True,False,False,False,False,False,False,5,6,7.23520865724,0.85894073191,0.652675127187,0.652675127187,0.219435631834,0.860695122775,0.00175439086448,-0.0639654155922,-0.0734693292407,18,5040,6,0.640335705347,False
stochastic5,20000,13,2,True,False,True,False,True,False,False,5,6,4.04273213702,0.464539796711,0.249487783934,0.464539796711,0.249487783934,0.464555353735,1.55570235553e-05,0.0792197150615,-0.0114208498419,6,1680,2,0.214899355797,False
stochastic5,20000,13,8,True,False,True,False,True,False,False,5,6,5.75243786199,0.621296265127,0.464539796711,0.621296265127,0.249487783934,0.621307153815,1.08886884478e-05,0.00746373468693,-0.0405799016453,12,3360,4,0.372112360868,False
stochastic5,20000,13,32,True,False,False,False,False,False,False,5,6,5.76923161894,0.624477996036,0.621296265127,0.621296265127,0.249487783934,0.62485007963,0.000372083594182,-0.140194102371,-0.129361894314,18,5040,6,0.375482172084,False
stochastic5,20000,14,2,True,False,True,False,True,False,False,5,6,4.11254168,0.498641780846,0.307659278393,0.498641780846,0.307659278393,0.499462028201,0.000820247355322,0.024289409844,-0.0219005714229,6,1680,2,0.191766583195,False
stochastic5,20000,14,8,True,False,True,False,True,False,False,5,6,6.30014839674,0.707234117571,0.498641780846,0.707234117571,0.307659278393,0.70940180367,0.00216768609886,0.00428803821104,-0.0699952003082,12,3360,4,0.402923698563,False
stochastic5,20000,14,32,True,False,False,False,False,False,False,5,6,6.90958724649,0.841597317916,0.707234117571,0.707234117571,0.307659278393,0.8429435644,0.00134624648359,-0.152336441884,-0.160944099994,18,5040,6,0.533519134679,False
stochastic5,20000,15,2,True,False,True,False,True,False,False,5,6,4.24312902799,0.58551034568,0.367136599292,0.58551034568,0.367136599292,0.585510463569,1.17889595974e-07,0.0532027224898,-0.0275032491258,6,1680,2,0.216185266846,False
stochastic5,20000,15,8,True,False,True,False,True,False,False,5,6,6.8361290374,0.811868080192,0.58551034568,0.811868080192,0.367136599292,0.811994911974,0.000126831782437,0.0158413566231,-0.0669146056055,12,3360,4,0.443419608096,False
stochastic5,20000,15,32,True,False,False,False,False,False,False,5,6,7.12176633682,0.85607493632,0.811868080192,0.811868080192,0.367136599292,0.856173366912,9.84305914181e-05,-0.204518349321,-0.221031894914,18,5040,6,0.489903921508,False
stochastic5,20000,16,2,True,False,False,False,False,False,False,5,6,3.80180834003,0.46486229496,0.338393526746,0.338393526746,0.338393526746,0.464908683698,4.63887371212e-05,-0.0219525705772,-0.0262818281688,6,1680,2,0.126579835412,False
stochastic5,20000,16,8,True,False,True,False,True,False,False,5,6,6.54038160717,0.72536203974,0.338393526746,0.72536203974,0.338393526746,0.725424299,6.22592597213e-05,0.17345610323,-0.0653541943131,12,3360,4,0.38748769192,False
stochastic5,20000,16,32,True,False,False,False,False,False,False,5,6,7.00989819083,0.817674533139,0.72536203974,0.72536203974,0.338393526746,0.817862356645,0.000187823506692,-0.192584101046,-0.200046528081,18,5040,6,0.480855241376,False
stochastic5,20000,17,2,True,False,True,False,True,False,False,5,6,3.61576418594,0.496964186362,0.284084898931,0.496964186362,0.284084898931,0.497075210082,0.000111023720214,0.0736272303302,-0.0118790380969,6,1680,2,0.213900493981,False
stochastic5,20000,17,8,True,False,False,False,False,False,False,5,6,6.40534354751,0.712602625579,0.496964186362,0.496964186362,0.284084898931,0.713430477151,0.000827851572593,-0.0130886046894,-0.0697060712446,12,3360,4,0.424326608853,False
stochastic5,20000,17,32,True,False,False,False,False,False,False,5,6,6.81194439808,0.796017661957,0.496964186362,0.496964186362,0.284084898931,0.799043788951,0.00302612699458,-0.0121069164551,-0.147543038887,18,5040,6,0.496596828454,False
stochastic5,20000,18,2,True,False,True,False,True,False,False,5,6,3.63560587214,0.522920210222,0.356077008546,0.522920210222,0.356077008546,0.522933781989,1.35717670329e-05,0.0170082511736,-0.0281405496283,6,1680,2,0.169187209899,False
stochastic5,20000,18,8,True,False,True,False,True,False,False,5,6,6.3378417909,0.782706327054,0.522920210222,0.782706327054,0.356077008546,0.782733537936,2.72108817536e-05,0.05612232414,-0.0951442105553,12,3360,4,0.432292320483,False
stochastic5,20000,18,32,True,False,False,False,False,False,False,5,6,6.95147490315,0.887466600061,0.782706327054,0.782706327054,0.356077008546,0.887898758557,0.000432158496723,-0.166765374545,-0.121592193014,18,5040,6,0.538979099091,False
stochastic5,20000,19,2,True,False,True,False,True,False,False,5,6,3.77197803241,0.491867636098,0.309260721997,0.491867636098,0.309260721997,0.491871669556,4.03345749489e-06,0.026170080103,-0.0292153626677,6,1680,2,0.183883860865,False
stochastic5,20000,19,8,True,False,True,False,True,False,False,5,6,5.89612583175,0.740378209759,0.491867636098,0.740378209759,0.309260721997,0.740386221118,8.01135874662e-06,0.0369303290399,-0.119157679405,12,3360,4,0.43339535376,False
stochastic5,20000,19,32,True,False,False,False,False,False,False,5,6,6.42805284268,0.854589055428,0.740378209759,0.740378209759,0.309260721997,0.854591423564,2.3681358905e-06,-0.141628460144,-0.104880721763,18,5040,6,0.548489245786,False
stochastic5,20000,20,2,True,False,True,False,True,False,False,5,6,3.53278416414,0.384465857157,0.238381200541,0.384465857157,0.238381200541,0.384474681049,8.82389227563e-06,0.0137706712007,-0.0261465357946,6,1680,2,0.145748074343,False
stochastic5,20000,20,8,True,False,True,False,True,False,False,5,6,5.97783334888,0.61199524358,0.384465857157,0.61199524358,0.238381200541,0.612004026678,8.78309780983e-06,0.0155947423395,-0.0671950245395,12,3360,4,0.374271773013,False
stochastic5,20000,20,32,True,False,False,False,False,False,False,5,6,6.50999079607,0.742561374319,0.61199524358,0.61199524358,0.238381200541,0.74310083787,0.00053946355041,-0.172052324024,-0.118923613063,18,5040,6,0.511050513463,False
stochastic5,20000,21,2,True,False,True,False,True,False,False,5,6,3.28837205318,0.248182554066,0.10767932779,0.248182554066,0.10767932779,0.248195294596,1.27405295212e-05,0.0400969507917,-0.00912231800262,6,1680,2,0.141396628091,False
stochastic5,20000,21,8,True,False,True,False,True,False,False,5,6,5.79285108871,0.54761663003,0.248182554066,0.54761663003,0.10767932779,0.547655913358,3.92833285503e-05,0.114784357713,-0.0563169924716,12,3360,4,0.44043505314,False
stochastic5,20000,21,32,True,False,False,False,False,False,False,5,6,6.74331057035,0.753316902515,0.54761663003,0.54761663003,0.10767932779,0.753324146758,7.24424257736e-06,-0.0453407743276,-0.138646161545,18,5040,6,0.643662285877,False
stochastic5,20000,22,2,True,False,False,False,False,False,False,5,6,4.3410237782,0.689725836099,0.515628312373,0.515628312373,0.515628312373,0.69004529288,0.000319456780683,-0.012262677429,-0.0356528471323,6,1680,2,0.174066804089,False
stochastic5,20000,22,8,True,False,True,False,True,False,False,5,6,6.83039479477,0.842696435788,0.515628312373,0.842696435788,0.515628312373,0.842816653025,0.000120217236705,0.1018797136,-0.0955912163,12,3360,4,0.324405664195,False
stochastic5,20000,22,32,True,False,False,False,False,False,False,5,6,6.90130650625,0.866996145897,0.842696435788,0.842696435788,0.515628312373,0.867757209508,0.000761063610389,-0.232087144856,-0.128278251817,18,5040,6,0.350130870357,False
stochastic5,20000,23,2,True,False,False,False,False,False,False,5,6,4.94539176895,0.719141300178,0.526849452959,0.526849452959,0.526849452959,0.719223719586,8.24194084278e-05,-0.00716056464712,-0.0338470857634,6,1680,2,0.192187414896,False
stochastic5,20000,23,8,True,False,True,False,True,False,False,5,6,7.17605614774,0.900833940175,0.526849452959,0.900833940175,0.526849452959,0.901136403613,0.000302463437442,0.120443495341,-0.095842127727,12,3360,4,0.374163422124,False
stochastic5,20000,23,32,True,False,False,False,False,False,False,5,6,7.40065919862,0.936040818679,0.900833940175,0.900833940175,0.526849452959,0.936224434661,0.000183615981734,-0.252874875454,-0.208876983358,18,5040,6,0.410702926598,False
stochastic5,20000,24,2,True,False,True,False,True,False,False,5,6,4.14633517463,0.507794894621,0.296645677413,0.507794894621,0.296645677413,0.508317501112,0.000522606490554,0.0562345044208,-0.0276626918516,6,1680,2,0.212480750071,False
stochastic5,20000,24,8,True,False,True,False,True,False,False,5,6,6.94051300036,0.842086700321,0.507794894621,0.842086700321,0.296645677413,0.842220814466,0.000134114145389,0.136046843034,-0.106584157173,12,3360,4,0.546653521208,False
stochastic5,20000,24,32,True,False,False,False,False,False,False,5,6,7.27132979151,0.876307593544,0.842086700321,0.842086700321,0.296645677413,0.876322301714,1.47081692997e-05,-0.151884575834,-0.127092191748,18,5040,6,0.580843095086,False
stochastic5,20000,25,2,True,False,True,False,True,False,False,5,6,3.05316145858,0.489294871552,0.264964204035,0.489294871552,0.264964204035,0.489458631182,0.000163759629643,0.0751856435193,-0.0190448310856,6,1680,2,0.223501234215,False
stochastic5,20000,25,8,True,False,True,False,True,False,False,5,6,5.85692920449,0.78905812721,0.489294871552,0.78905812721,0.264964204035,0.790364138113,0.0013060109029,0.0863771836717,-0.0596282851773,12,3360,4,0.518976900794,False
stochastic5,20000,25,32,True,False,False,False,False,False,False,5,6,6.42958459344,0.87983546047,0.78905812721,0.78905812721,0.264964204035,0.883310809131,0.0034753486607,-0.164887095631,-0.112000023266,18,5040,6,0.610906331087,False
stochastic5,20000,26,2,True,False,True,False,True,False,False,5,6,3.90863391618,0.588371030594,0.397492311044,0.588371030594,0.397492311044,0.588408370594,3.73400006156e-05,0.0319323815441,-0.0311605308955,6,1680,2,0.189805635447,False
stochastic5,20000,26,8,True,False,False,False,False,False,False,5,6,6.47051819804,0.746872402046,0.588371030594,0.588371030594,0.397492311044,0.746953377822,8.0975776561e-05,-0.0477565260899,-0.127239399304,12,3360,4,0.347242438488,False
stochastic5,20000,26,32,True,False,False,False,False,False,False,5,6,6.95378047757,0.842861892447,0.588371030594,0.588371030594,0.397492311044,0.845095866516,0.00223397406859,-0.00664749474549,-0.168576302927,18,5040,6,0.445802250649,False
stochastic5,20000,27,2,True,False,False,False,False,False,False,5,6,3.54945810999,0.311226843243,0.197990154601,0.197990154601,0.197990154601,0.311542534636,0.000315691392706,-0.00528958104309,-0.0202716478291,6,1680,2,0.111474876966,False
stochastic5,20000,27,8,True,False,True,False,True,False,False,5,6,5.92103804605,0.537113664479,0.197990154601,0.537113664479,0.197990154601,0.538576516252,0.00146285177388,0.160883415949,-0.0667845350573,12,3360,4,0.338247194098,False
stochastic5,20000,27,32,True,False,False,False,False,False,False,5,6,6.79464402574,0.731348000669,0.537113664479,0.537113664479,0.197990154601,0.731532951847,0.000184951177858,-0.0922523224949,-0.101472010089,18,5040,6,0.533600251035,False
stochastic5,20000,28,2,True,False,True,False,True,False,False,5,6,3.39994801111,0.390855774757,0.195762830785,0.390855774757,0.195762830785,0.390945657574,8.98828166564e-05,0.0695121421388,-0.00910360606051,6,1680,2,0.19471675777,False
stochastic5,20000,28,8,True,False,True,False,True,False,False,5,6,6.02192864716,0.702000444153,0.390855774757,0.702000444153,0.195762830785,0.702214586017,0.000214141864151,0.128107712789,-0.0334843862235,12,3360,4,0.498966987125,False
stochastic5,20000,28,32,True,False,False,False,False,False,False,5,6,6.50984435459,0.783270804647,0.702000444153,0.702000444153,0.195762830785,0.783306541386,3.57367390789e-05,-0.144194667559,-0.173523427831,18,5040,6,0.583677076879,False
stochastic5,20000,29,2,True,False,True,False,True,False,False,5,6,4.74540271154,0.705246417759,0.477418418509,0.705246417759,0.477418418509,0.705312618648,6.62008890753e-05,0.0445495298475,-0.0219741960238,6,1680,2,0.227597571731,False
stochastic5,20000,29,8,True,False,False,False,False,False,False,5,6,7.20910715129,0.875376882154,0.705246417759,0.705246417759,0.477418418509,0.875459910543,8.30283897949e-05,-0.0158118561123,-0.0671483807733,12,3360,4,0.397933558168,False
stochastic5,20000,29,32,True,False,False,False,False,False,False,5,6,7.26402214109,0.882761603216,0.705246417759,0.705246417759,0.477418418509,0.883069241175,0.000307637958354,-0.00966173525165,-0.122714294371,18,5040,6,0.40584608932,False
stochastic5,200000,0,2,True,False,True,False,True,False,False,5,6,0.627650247281,0.269608774852,0.154002202173,0.269608774852,0.154002202173,0.26974096558,0.000132190728212,0.0818944948169,-0.0039834753364,6,1680,2,0.115286435408,False
stochastic5,200000,0,8,True,False,True,False,True,False,False,5,6,1.37417773907,0.528256466061,0.269608774852,0.528256466061,0.154002202173,0.528326852319,7.03862574918e-05,0.194364084555,-0.016544974452,12,3360,4,0.373512854929,False
stochastic5,200000,0,32,True,False,True,False,True,False,False,5,6,1.59552181652,0.662612312356,0.528256466061,0.662612312356,0.154002202173,0.662612503291,1.90935018685e-07,0.0215428422407,-0.058717091087,18,5040,6,0.505314511271,False
stochastic5,200000,1,2,True,False,True,False,True,False,False,5,6,0.949697736865,0.475788971684,0.31607068526,0.475788971684,0.31607068526,0.475790769503,1.79781923781e-06,0.113146376159,-0.00487883249963,6,1680,2,0.159957659781,False
stochastic5,200000,1,8,True,False,True,False,True,False,False,5,6,1.68697832734,0.723540565653,0.475788971684,0.723540565653,0.31607068526,0.723549244776,8.6791229793e-06,0.184845668299,-0.0267949695051,12,3360,4,0.407851065146,False
stochastic5,200000,1,32,True,False,False,False,False,False,False,5,6,1.78220447246,0.784475362175,0.723540565653,0.723540565653,0.31607068526,0.784482152456,6.7902813905e-06,-0.0256241201031,-0.0610619886701,18,5040,6,0.468278695191,False
stochastic5,200000,2,2,True,False,True,False,True,False,False,5,6,0.780017879342,0.483801345627,0.278423508725,0.483801345627,0.278423508725,0.483806169037,4.82341067476e-06,0.159337899771,-0.0171039490664,6,1680,2,0.205679236017,False
stochastic5,200000,2,8,True,False,True,False,True,False,False,5,6,1.64238796899,0.784627232614,0.483801345627,0.784627232614,0.278423508725,0.784708765136,8.15325220185e-05,0.237233245434,-0.0201603040005,12,3360,4,0.507255962613,False
stochastic5,200000,2,32,True,False,False,False,False,False,False,5,6,1.74309522804,0.84253870884,0.784627232614,0.784627232614,0.278423508725,0.842585468449,4.67596089799e-05,-0.0276636963832,-0.0566128241523,18,5040,6,0.564768804638,False
stochastic5,200000,3,2,True,False,True,True,True,False,False,5,6,0.754103262306,0.41042184321,0.274396295347,0.41042184321,0.274396295347,0.410431076295,9.23308499867e-06,0.0947880126234,0.00332456225685,6,1680,2,0.13641359933,False
stochastic5,200000,3,8,True,False,True,False,True,False,False,5,6,1.50640188962,0.646809378168,0.41042184321,0.646809378168,0.274396295347,0.646877300175,6.79220075178e-05,0.168759844772,-0.0677020662363,12,3360,4,0.372340398402,False
stochastic5,200000,3,32,True,False,True,False,True,False,False,5,6,1.82695694246,0.84948306283,0.646809378168,0.84948306283,0.274396295347,0.849506735954,2.36731242422e-05,0.101733487704,-0.0409998452509,18,5040,6,0.574172100512,False
stochastic5,200000,4,2,True,False,True,False,True,False,False,5,6,0.867300094468,0.441420162647,0.249920071809,0.441420162647,0.249920071809,0.441421353857,1.19120937397e-06,0.147903736886,-0.00620507947512,6,1680,2,0.191480372151,False
stochastic5,200000,4,8,True,False,True,False,True,False,False,5,6,1.6283736687,0.743225025331,0.441420162647,0.743225025331,0.249920071809,0.743233546914,8.52158266862e-06,0.230633181801,-0.0155877854527,12,3360,4,0.493567369873,False
stochastic5,200000,4,32,True,False,False,False,False,False,False,5,6,1.81560885947,0.835229988964,0.743225025331,0.743225025331,0.249920071809,0.835231800129,1.81116426723e-06,-0.0133959131386,-0.0714888901817,18,5040,6,0.586113226203,False
stochastic5,200000,5,2,True,False,True,False,True,False,False,5,6,0.861533956158,0.496185370637,0.323920611476,0.496185370637,0.323920611476,0.496185370637,0,0.124829031069,-0.00713616603355,6,1680,2,0.172082172855,False
stochastic5,200000,5,8,True,False,True,False,True,False,False,5,6,1.52876100795,0.640904848316,0.496185370637,0.640904848316,0.323920611476,0.640904854098,5.78177350441e-09,0.0850700745944,-0.0293712326509,12,3360,4,0.315993598618,False
stochastic5,200000,5,32,True,False,True,False,True,False,False,5,6,1.68324554271,0.738055964843,0.640904848316,0.738055964843,0.323920611476,0.738057498905,1.53406217851e-06,0.0105588457286,-0.0797544823834,18,5040,6,0.410041549979,False
stochastic5,200000,6,2,True,False,True,False,True,False,False,5,6,0.780670444552,0.466446728373,0.287080954135,0.466446728373,0.287080954135,0.466446728373,0,0.1358588615,-0.00507514347966,6,1680,2,0.179643618176,False
stochastic5,200000,6,8,True,False,True,False,True,False,False,5,6,1.67088108436,0.782890839176,0.466446728373,0.782890839176,0.287080954135,0.782890839338,1.62014845984e-10,0.242806727156,-0.0389188325642,12,3360,4,0.497295920939,False
stochastic5,200000,6,32,True,False,True,False,True,False,False,5,6,1.90867719574,0.889362166099,0.782890839176,0.889362166099,0.287080954135,0.889362166099,0,0.00646890043571,-0.0476059704545,18,5040,6,0.604309934109,False
stochastic5,200000,7,2,True,False,True,False,True,False,False,5,6,0.709559094821,0.377207764227,0.236080507057,0.377207764227,0.236080507057,0.377208830934,1.06670769595e-06,0.103137305771,-0.00410137351858,6,1680,2,0.142315686759,False
stochastic5,200000,7,8,True,False,True,False,True,False,False,5,6,1.47948315967,0.630994640317,0.377207764227,0.630994640317,0.236080507057,0.630997837622,3.19730534848e-06,0.189833558658,-0.0557414735711,12,3360,4,0.396485152274,False
stochastic5,200000,7,32,True,False,True,False,True,False,False,5,6,1.77189055095,0.793788007504,0.630994640317,0.793788007504,0.236080507057,0.793809094751,2.10872466371e-05,0.0680680730622,-0.0536766095732,18,5040,6,0.561916512049,False
stochastic5,200000,8,2,True,False,True,False,True,False,False,5,6,0.794500557296,0.539134794949,0.348330882064,0.539134794949,0.348330882064,0.539134853156,5.82065936561e-08,0.141688283765,-0.00615452329093,6,1680,2,0.190224836196,False
stochastic5,200000,8,8,True,False,True,False,True,False,False,5,6,1.50607850994,0.833766499135,0.539134794949,0.833766499135,0.348330882064,0.833766499135,0,0.223994917976,-0.0389391154728,12,3360,4,0.484981447692,False
stochastic5,200000,8,32,True,False,True,False,True,False,False,5,6,1.66162177831,0.924928333903,0.833766499135,0.924928333903,0.348330882064,0.924977819783,4.94858803346e-05,0.0123571317688,-0.0546049254594,18,5040,6,0.576644540086,False
stochastic5,200000,9,2,True,False,True,True,True,False,False,5,6,0.844830994494,0.423139710264,0.27809091347,0.423139710264,0.27809091347,0.42314016953,4.59265385999e-07,0.100664315878,0.00210245063963,6,1680,2,0.14472957737,False
stochastic5,200000,9,8,True,False,True,False,True,False,False,5,6,1.44998876677,0.61080109235,0.423139710264,0.61080109235,0.27809091347,0.61080109254,1.89477433743e-10,0.117859670367,-0.0352874891987,12,3360,4,0.331354091139,False
stochastic5,200000,9,32,True,False,False,False,False,False,False,5,6,1.67472745307,0.70742794215,0.61080109235,0.61080109235,0.27809091347,0.707428068578,1.26428613134e-07,-0.00564129934294,-0.0729573620178,18,5040,6,0.426113393193,False
stochastic5,200000,10,2,True,False,True,False,True,False,False,5,6,0.741575932162,0.484474414765,0.301762538423,0.484474414765,0.301762538423,0.484476635368,2.22060343757e-06,0.136157505612,-0.00265758025818,6,1680,2,0.182626456231,False
stochastic5,200000,10,8,True,False,True,False,True,False,False,5,6,1.49750510042,0.72750707156,0.484474414765,0.72750707156,0.301762538423,0.727508935092,1.86353218345e-06,0.170563307182,-0.0118257753622,12,3360,4,0.426487022969,False
stochastic5,200000,10,32,True,False,False,False,False,False,False,5,6,1.81431041598,0.827036677069,0.72750707156,0.72750707156,0.301762538423,0.827061986723,2.53096541247e-05,-0.00775024136047,-0.0675852075652,18,5040,6,0.529967740492,False
stochastic5,200000,11,2,True,False,True,False,True,False,False,5,6,0.935650082054,0.663567475984,0.468575570742,0.663567475984,0.468575570742,0.663588873258,2.13972738308e-05,0.139023898849,-0.00710950489406,6,1680,2,0.194844680274,False
stochastic5,200000,11,8,True,False,True,False,True,False,False,5,6,1.79193806542,0.850876825738,0.663567475984,0.850876825738,0.468575570742,0.850876832397,6.65923793886e-09,0.115801281525,-0.0302176292474,12,3360,4,0.381866999623,False
stochastic5,200000,11,32,True,False,False,False,False,False,False,5,6,1.92689899169,0.920642304296,0.850876825738,0.850876825738,0.468575570742,0.920646904848,4.60055252449e-06,-0.0333926156765,-0.0419935335775,18,5040,6,0.451219066031,False
stochastic5,200000,12,2,True,False,True,False,True,False,False,5,6,0.774234411333,0.367888081624,0.219435631834,0.367888081624,0.219435631834,0.367946423683,5.8342058591e-05,0.108793892808,-0.0021275639929,6,1680,2,0.14829232959,False
stochastic5,200000,12,8,True,False,True,False,True,False,False,5,6,1.48891647625,0.652738090204,0.367888081624,0.652738090204,0.219435631834,0.652903977597,0.000165887392322,0.222355873195,-0.0121588974342,12,3360,4,0.434065126319,False
stochastic5,200000,12,32,True,False,True,False,True,False,False,5,6,1.85592088527,0.85914229087,0.652738090204,0.85914229087,0.219435631834,0.860695122775,0.00155283190408,0.119406357933,-0.0175644634642,18,5040,6,0.643408546745,False
stochastic5,200000,13,2,True,False,True,True,True,False,False,5,6,0.693808336107,0.464555353735,0.249487783934,0.464555353735,0.249487783934,0.464555353735,0,0.172310035031,0.00812242859465,6,1680,2,0.214420776504,False
stochastic5,200000,13,8,True,False,True,False,True,False,False,5,6,1.36595396238,0.62130714937,0.464555353735,0.62130714937,0.249487783934,0.621307153815,4.44514269837e-09,0.108895429859,-0.00857088725064,12,3360,4,0.37029635907,False
stochastic5,200000,13,32,True,False,False,False,False,False,False,5,6,1.41186877912,0.62484774049,0.62130714937,0.62130714937,0.249487783934,0.62485007963,2.33914038872e-06,-0.041076930628,-0.0233393567271,18,5040,6,0.3738723339,False
stochastic5,200000,14,2,True,False,True,True,True,False,False,5,6,0.877151762719,0.499462028201,0.307659278393,0.499462028201,0.307659278393,0.499462028201,0,0.139483436861,0.00137058784077,6,1680,2,0.191977153358,False
stochastic5,200000,14,8,True,False,True,False,True,False,False,5,6,1.58492148844,0.70940180367,0.499462028201,0.70940180367,0.307659278393,0.70940180367,0,0.142761258376,-0.0138100769432,12,3360,4,0.401734091407,False
stochastic5,200000,14,32,True,False,True,False,True,False,False,5,6,1.79969808948,0.842935202077,0.70940180367,0.842935202077,0.307659278393,0.8429435644,8.36232221313e-06,0.046832258609,-0.0232609520646,18,5040,6,0.532845575107,False
stochastic5,200000,15,2,True,False,True,False,True,False,False,5,6,0.911592105583,0.585510054083,0.367136599292,0.585510054083,0.367136599292,0.585510463569,4.09486416997e-07,0.16630020482,-0.0106812042034,6,1680,2,0.217969128884,False
stochastic5,200000,15,8,True,False,True,False,True,False,False,5,6,1.62417932457,0.811931229865,0.585510054083,0.811931229865,0.367136599292,0.811994911974,6.36821088336e-05,0.161853282929,-0.014021002164,12,3360,4,0.445832305161,False
stochastic5,200000,15,32,True,False,False,False,False,False,False,5,6,1.77805697779,0.856173366912,0.811931229865,0.811931229865,0.367136599292,0.856173366912,0,-0.032869891744,-0.0692391438297,18,5040,6,0.491489147792,False
stochastic5,200000,16,2,True,False,True,False,True,False,False,5,6,0.906746410453,0.464901256327,0.338393526746,0.464901256327,0.338393526746,0.464908683698,7.42737004056e-06,0.0794488322146,-0.00465537060307,6,1680,2,0.12626422377,False
stochastic5,200000,16,8,True,False,True,False,True,False,False,5,6,1.65550214054,0.725420460275,0.464901256327,0.725420460275,0.338393526746,0.725424299,3.83872496146e-06,0.191837785704,-0.0245826400707,12,3360,4,0.386975498314,False
stochastic5,200000,16,32,True,False,True,False,True,False,False,5,6,1.85007059307,0.817847945508,0.725420460275,0.817847945508,0.338393526746,0.817862356645,1.44111370585e-05,0.00368937742801,-0.0455155560248,18,5040,6,0.479716307445,False
stochastic5,200000,17,2,True,False,True,True,True,False,False,5,6,0.603966629016,0.497071839213,0.284084898931,0.497071839213,0.284084898931,0.497075210082,3.37086953589e-06,0.167783840472,0.010049371873,6,1680,2,0.21257529487,False
stochastic5,200000,17,8,True,False,True,False,True,False,False,5,6,1.49401341951,0.713411943914,0.497071839213,0.713411943914,0.284084898931,0.713430477151,1.85332377121e-05,0.142852965816,-0.0178415424707,12,3360,4,0.428887075424,False
stochastic5,200000,17,32,True,False,False,False,False,False,False,5,6,1.74191967545,0.798983116214,0.713411943914,0.713411943914,0.284084898931,0.799043788951,6.06727377043e-05,-0.0141540933173,-0.0454932030188,18,5040,6,0.515388673187,False
stochastic5,200000,18,2,True,False,True,False,True,False,False,5,6,0.795290215318,0.52292793714,0.356077008546,0.52292793714,0.356077008546,0.522933781989,5.84484896593e-06,0.118627357235,-0.00587597637452,6,1680,2,0.16643729011,False
stochastic5,200000,18,8,True,False,True,False,True,False,False,5,6,1.5733619081,0.782717856762,0.52292793714,0.782717856762,0.356077008546,0.782733537936,1.56811738063e-05,0.191825849735,-0.0359304907607,12,3360,4,0.424887954103,False
stochastic5,200000,18,32,True,False,True,False,True,False,False,5,6,1.79836437291,0.887886788414,0.782717856762,0.887886788414,0.356077008546,0.887898758557,1.1970143412e-05,0.0137527951368,-0.0674024957574,18,5040,6,0.529329503175,False
stochastic5,200000,19,2,True,False,True,False,True,False,False,5,6,0.801897433207,0.491863684618,0.309260721997,0.491863684618,0.309260721997,0.491871669556,7.98493794751e-06,0.132407080977,-0.00554615977415,6,1680,2,0.18218971064,False
stochastic5,200000,19,8,True,False,True,False,True,False,False,5,6,1.4582101135,0.740383585331,0.491863684618,0.740383585331,0.309260721997,0.740386221118,2.63578698889e-06,0.179745725007,-0.0435664933998,12,3360,4,0.430977452994,False
stochastic5,200000,19,32,True,False,True,False,True,False,False,5,6,1.63171410866,0.854590859392,0.740383585331,0.854590859392,0.309260721997,0.854591423564,5.64171382722e-07,0.0319431671229,-0.0424319017797,18,5040,6,0.545792218772,False
stochastic5,200000,20,2,True,False,True,False,True,False,False,5,6,0.731635901544,0.384474681049,0.238381200541,0.384474681049,0.238381200541,0.384474681049,0,0.105663843493,-0.00765140793947,6,1680,2,0.146616440076,False
stochastic5,200000,20,8,True,False,True,False,True,False,False,5,6,1.44666983255,0.612003993554,0.384474681049,0.612003993554,0.238381200541,0.612004026678,3.3123883858e-08,0.1596858744,-0.0204978274029,12,3360,4,0.374806186073,False
stochastic5,200000,20,32,True,False,True,False,True,False,False,5,6,1.65107640136,0.743100824407,0.612003993554,0.743100824407,0.238381200541,0.74310083787,1.34623825421e-08,0.0289467361529,-0.0384320952198,18,5040,6,0.504195778623,False
stochastic5,200000,21,2,True,False,True,False,True,False,False,5,6,0.510074699234,0.248195294596,0.10767932779,0.248195294596,0.10767932779,0.248195294596,0,0.10953580069,-0.000388006768022,6,1680,2,0.140418783615,False
stochastic5,200000,21,8,True,False,True,False,True,False,False,5,6,1.29731304321,0.547640002946,0.248195294596,0.547640002946,0.10767932779,0.547655913358,1.59104123525e-05,0.239784048324,-0.0152695845978,12,3360,4,0.441034716254,False
stochastic5,200000,21,32,True,False,True,False,True,False,False,5,6,1.64287094095,0.753324146758,0.547640002946,0.753324146758,0.10767932779,0.753324146758,0,0.127136563733,-0.049598553015,18,5040,6,0.648984027592,False
stochastic5,200000,22,2,True,False,True,False,True,False,False,5,6,1.03716492393,0.690031412931,0.515628312373,0.690031412931,0.515628312373,0.69004529288,1.38799490124e-05,0.114777841315,-0.00761844472558,6,1680,2,0.174909910029,False
stochastic5,200000,22,8,True,False,True,False,True,False,False,5,6,1.75436455148,0.84279532108,0.690031412931,0.84279532108,0.515628312373,0.842816653025,2.13319454687e-05,0.0822152431901,-0.0271522344402,12,3360,4,0.327560138104,False
stochastic5,200000,22,32,True,False,False,False,False,False,False,5,6,1.77417879613,0.867745307772,0.84279532108,0.84279532108,0.515628312373,0.867757209508,1.19017358127e-05,-0.0545737761764,-0.0381881323465,18,5040,6,0.35313543836,False
stochastic5,200000,23,2,True,False,True,False,True,False,False,5,6,1.10334580548,0.719216235705,0.526849452959,0.719216235705,0.526849452959,0.719223719586,7.483880748e-06,0.129311589351,-0.006688787588,6,1680,2,0.192864889204,False
stochastic5,200000,23,8,True,False,True,False,True,False,False,5,6,1.87409838795,0.901133615636,0.719216235705,0.901133615636,0.526849452959,0.901136403613,2.78797659847e-06,0.100374699372,-0.0395114374654,12,3360,4,0.374528532003,False
stochastic5,200000,23,32,True,False,False,False,False,False,False,5,6,1.9514482063,0.936224400551,0.901133615636,0.901133615636,0.526849452959,0.936224434661,3.41099676282e-08,-0.0558527935125,-0.0639903886161,18,5040,6,0.409294736833,False
stochastic5,200000,24,2,True,False,True,False,True,False,False,5,6,0.881826506557,0.508313267194,0.296645677413,0.508313267194,0.296645677413,0.508317501112,4.23391760707e-06,0.162552933141,-0.00619958023047,6,1680,2,0.211158167692,False
stochastic5,200000,24,8,True,False,True,False,True,False,False,5,6,1.68125736679,0.842220308615,0.508313267194,0.842220308615,0.296645677413,0.842220814466,5.05851615595e-07,0.268204999639,-0.0313138227675,12,3360,4,0.543303519052,False
stochastic5,200000,24,32,True,False,False,False,False,False,False,5,6,1.85267047161,0.876321981027,0.842220308615,0.842220308615,0.296645677413,0.876322301714,3.20686569077e-07,-0.0278502052099,-0.0447736342013,18,5040,6,0.576997483079,False
stochastic5,200000,25,2,True,False,True,False,True,False,False,5,6,0.592184917186,0.489458484044,0.264964204035,0.489458484044,0.264964204035,0.489458631182,1.47138393192e-07,0.177979179663,-0.000184873466962,6,1680,2,0.224447452635,False
stochastic5,200000,25,8,True,False,True,False,True,False,False,5,6,1.37832995697,0.790364004344,0.489458484044,0.790364004344,0.264964204035,0.790364138113,1.33768653821e-07,0.234096616439,-0.0161684498148,12,3360,4,0.525485385342,False
stochastic5,200000,25,32,True,False,True,False,True,False,False,5,6,1.62579614515,0.88331080913,0.790364004344,0.88331080913,0.264964204035,0.883310809131,5.81312775694e-13,0.0118090390507,-0.0286609422908,18,5040,6,0.616698724144,False
stochastic5,200000,26,2,True,False,True,False,True,False,False,5,6,0.88692724974,0.588407072525,0.397492311044,0.588407072525,0.397492311044,0.588408370594,1.29806871041e-06,0.140745914268,-0.00641816198547,6,1680,2,0.191304272847,False
stochastic5,200000,26,8,True,False,True,False,True,False,False,5,6,1.6569622329,0.746930832928,0.588407072525,0.746930832928,0.397492311044,0.746953377822,2.25448940548e-05,0.0919956840046,-0.0524078933547,12,3360,4,0.349800322443,False
stochastic5,200000,26,32,True,False,True,False,True,False,False,5,6,1.81218199803,0.845066483291,0.746930832928,0.845066483291,0.397492311044,0.845095866516,2.93832254779e-05,0.0215155942131,-0.0676446883419,18,5040,6,0.448760945363,False
stochastic5,200000,27,2,True,False,True,False,True,False,False,5,6,0.775923355891,0.311542534636,0.197990154601,0.311542534636,0.197990154601,0.311542534636,0,0.0774009651861,-0.00329513228656,6,1680,2,0.113183084584,False
stochastic5,200000,27,8,True,False,True,False,True,False,False,5,6,1.44521140514,0.5385691284,0.311542534636,0.5385691284,0.197990154601,0.538576516252,7.38785273291e-06,0.167347322398,-0.0380219730738,12,3360,4,0.339891285568,False
stochastic5,200000,27,32,True,False,True,False,True,False,False,5,6,1.74588127671,0.731248505766,0.5385691284,0.731248505766,0.197990154601,0.731532951847,0.000284446081115,0.102629710986,-0.0312518074684,18,5040,6,0.534708292839,False
stochastic5,200000,28,2,True,False,True,True,True,False,False,5,6,0.609283594963,0.390944322382,0.195762830785,0.390944322382,0.195762830785,0.390945657574,1.3351919565e-06,0.156098374378,0.00214174401676,6,1680,2,0.195246443674,False
stochastic5,200000,28,8,True,False,True,False,True,False,False,5,6,1.45392211287,0.702214577205,0.390944322382,0.702214577205,0.195762830785,0.702214586017,8.81291750687e-09,0.254569158667,-0.00155251021086,12,3360,4,0.507426809658,False
stochastic5,200000,28,32,True,False,False,False,False,False,False,5,6,1.66274348691,0.783277086614,0.702214577205,0.702214577205,0.195762830785,0.783306541386,2.94547722e-05,-0.000461959478233,-0.0654951188597,18,5040,6,0.587539850352,False
stochastic5,200000,29,2,True,False,True,False,True,False,False,5,6,1.0224512913,0.705310714839,0.477418418509,0.705310714839,0.477418418509,0.705312618648,1.90380879439e-06,0.169174909779,-0.00233207054923,6,1680,2,0.228336483698,False
stochastic5,200000,29,8,True,False,True,False,True,False,False,5,6,1.8141937262,0.875459335255,0.705310714839,0.875459335255,0.477418418509,0.875459910543,5.75288236937e-07,0.108591408397,-0.0185089396414,12,3360,4,0.398446968192,False
stochastic5,200000,29,32,True,False,False,False,False,False,False,5,6,1.87096949078,0.883028261458,0.875459335255,0.875459335255,0.477418418509,0.883069241175,4.09797171812e-05,-0.0648251862122,-0.0648099450294,18,5040,6,0.406008972232,False
