n_per_state,seed,k,samples,model_contains,accepted,proposal_value,old_value,harmful_proposal,false_accept,accepted_value,baseline,matched
100,0,2,97,True,False,0.593857142857,0.59,False,False,0.59,0.59,0.599
100,0,8,97,True,False,0.579302518727,0.59,True,False,0.59,0.59,0.599999999
100,0,32,97,True,False,0.539550130983,0.59,True,False,0.59,0.59,0.6
100,1,2,97,True,False,0.593857142857,0.59,False,False,0.59,0.59,0.599
100,1,8,97,True,False,0.579302518727,0.59,True,False,0.59,0.59,0.599999999
100,1,32,97,True,False,0.539550130983,0.59,True,False,0.59,0.59,0.6
100,2,2,97,True,False,0.586142857143,0.59,True,False,0.59,0.59,0.599
100,2,8,97,True,False,0.555274208579,0.59,True,False,0.59,0.59,0.599999999
100,2,32,97,True,False,0.509334480056,0.59,True,False,0.59,0.59,0.6
100,3,2,97,True,False,0.588714285714,0.59,True,False,0.59,0.59,0.599
100,3,8,97,True,False,0.562454993028,0.59,True,False,0.59,0.59,0.599999999
100,3,32,97,True,False,0.515214884395,0.59,True,False,0.59,0.59,0.6
100,4,2,97,True,False,0.586142857143,0.59,True,False,0.59,0.59,0.599
100,4,8,97,True,False,0.555274208579,0.59,True,False,0.59,0.59,0.599999999
100,4,32,97,True,False,0.509334480056,0.59,True,False,0.59,0.59,0.6
100,5,2,97,True,False,0.588714285714,0.59,True,False,0.59,0.59,0.599
100,5,8,97,True,False,0.562454993028,0.59,True,False,0.59,0.59,0.599999999
100,5,32,97,True,False,0.515214884395,0.59,True,False,0.59,0.59,0.6
100,6,2,97,True,False,0.586142857143,0.59,True,False,0.59,0.59,0.599
100,6,8,97,True,False,0.555274208579,0.59,True,False,0.59,0.59,0.599999999
100,6,32,97,True,False,0.509334480056,0.59,True,False,0.59,0.59,0.6
100,7,2,97,True,False,0.591285714286,0.59,False,False,0.59,0.59,0.599
100,7,8,97,True,False,0.570439149156,0.59,True,False,0.59,0.59,0.599999999
100,7,32,97,True,False,0.524618206256,0.59,True,False,0.59,0.59,0.6
100,8,2,97,True,False,0.588714285714,0.59,True,False,0.59,0.59,0.599
100,8,8,97,True,False,0.562454993028,0.59,True,False,0.59,0.59,0.599999999
100,8,32,97,True,False,0.515214884395,0.59,True,False,0.59,0.59,0.6
100,9,2,97,True,False,0.588714285714,0.59,True,False,0.59,0.59,0.599
100,9,8,97,True,False,0.562454993028,0.59,True,False,0.59,0.59,0.599999999
100,9,32,97,True,False,0.515214884395,0.59,True,False,0.59,0.59,0.6
100,10,2,97,True,False,0.588714285714,0.59,True,False,0.59,0.59,0.599
100,10,8,97,True,False,0.562454993028,0.59,True,False,0.59,0.59,0.599999999
100,10,32,97,True,False,0.515214884395,0.59,True,False,0.59,0.59,0.6
100,11,2,97,True,False,0.586142857143,0.59,True,False,0.59,0.59,0.599
100,11,8,97,True,False,0.555274208579,0.59,True,False,0.59,0.59,0.599999999
100,11,32,97,True,False,0.509334480056,0.59,True,False,0.59,0.59,0.6
100,12,2,97,True,False,0.596428571429,0.59,False,False,0.59,0.59,0.599
100,12,8,97,True,False,0.589126818558,0.59,True,False,0.59,0.59,0.599999999
100,12,32,97,True,False,0.563100619517,0.59,True,False,0.59,0.59,0.6
100,13,2,97,True,False,0.591285714286,0.59,False,False,0.59,0.59,0.599
100,13,8,97,True,False,0.570439149156,0.59,True,False,0.59,0.59,0.599999999
100,13,32,97,True,False,0.524618206256,0.59,True,False,0.59,0.59,0.6
100,14,2,97,True,False,0.593857142857,0.59,False,False,0.59,0.59,0.599
100,14,8,97,True,False,0.579302518727,0.59,True,False,0.59,0.59,0.599999999
100,14,32,97,True,False,0.539550130983,0.59,True,False,0.59,0.59,0.6
100,15,2,97,True,False,0.591285714286,0.59,False,False,0.59,0.59,0.599
100,15,8,97,True,False,0.570439149156,0.59,True,False,0.59,0.59,0.599999999
100,15,32,97,True,False,0.524618206256,0.59,True,False,0.59,0.59,0.6
100,16,2,97,True,False,0.586142857143,0.59,True,False,0.59,0.59,0.599
100,16,8,97,True,False,0.555274208579,0.59,True,False,0.59,0.59,0.599999999
100,16,32,97,True,False,0.509334480056,0.59,True,False,0.59,0.59,0.6
100,17,2,97,True,False,0.588714285714,0.59,True,False,0.59,0.59,0.599
100,17,8,97,True,False,0.562454993028,0.59,True,False,0.59,0.59,0.599999999
100,17,32,97,True,False,0.515214884395,0.59,True,False,0.59,0.59,0.6
100,18,2,97,True,False,0.583571428571,0.59,True,False,0.59,0.59,0.599
100,18,8,97,True,False,0.548826486241,0.59,True,False,0.59,0.59,0.599999999
100,18,32,97,True,False,0.505683578818,0.59,True,False,0.59,0.59,0.6
100,19,2,97,True,False,0.591285714286,0.59,False,False,0.59,0.59,0.599
100,19,8,97,True,False,0.570439149156,0.59,True,False,0.59,0.59,0.599999999
100,19,32,97,True,False,0.524618206256,0.59,True,False,0.59,0.59,0.6
100,20,2,97,True,False,0.596428571429,0.59,False,False,0.59,0.59,0.599
100,20,8,97,True,False,0.589126818558,0.59,True,False,0.59,0.59,0.599999999
100,20,32,97,True,False,0.563100619517,0.59,True,False,0.59,0.59,0.6
100,21,2,97,True,False,0.593857142857,0.59,False,False,0.59,0.59,0.599
100,21,8,97,True,False,0.579302518727,0.59,True,False,0.59,0.59,0.599999999
100,21,32,97,True,False,0.539550130983,0.59,True,False,0.59,0.59,0.6
100,22,2,97,True,False,0.583571428571,0.59,True,False,0.59,0.59,0.599
100,22,8,97,True,False,0.548826486241,0.59,True,False,0.59,0.59,0.599999999
100,22,32,97,True,False,0.505683578818,0.59,True,False,0.59,0.59,0.6
100,23,2,97,True,False,0.588714285714,0.59,True,False,0.59,0.59,0.599
100,23,8,97,True,False,0.562454993028,0.59,True,False,0.59,0.59,0.599999999
100,23,32,97,True,False,0.515214884395,0.59,True,False,0.59,0.59,0.6
100,24,2,97,True,False,0.588714285714,0.59,True,False,0.59,0.59,0.599
100,24,8,97,True,False,0.562454993028,0.59,True,False,0.59,0.59,0.599999999
100,24,32,97,True,False,0.515214884395,0.59,True,False,0.59,0.59,0.6
100,25,2,97,True,False,0.586142857143,0.59,True,False,0.59,0.59,0.599
100,25,8,97,True,False,0.555274208579,0.59,True,False,0.59,0.59,0.599999999
100,25,32,97,True,False,0.509334480056,0.59,True,False,0.59,0.59,0.6
100,26,2,97,True,False,0.583571428571,0.59,True,False,0.59,0.59,0.599
100,26,8,97,True,False,0.548826486241,0.59,True,False,0.59,0.59,0.599999999
100,26,32,97,True,False,0.505683578818,0.59,True,False,0.59,0.59,0.6
100,27,2,97,True,False,0.583571428571,0.59,True,False,0.59,0.59,0.599
100,27,8,97,True,False,0.548826486241,0.59,True,False,0.59,0.59,0.599999999
100,27,32,97,True,False,0.505683578818,0.59,True,False,0.59,0.59,0.6
100,28,2,97,True,False,0.593857142857,0.59,False,False,0.59,0.59,0.599
100,28,8,97,True,False,0.579302518727,0.59,True,False,0.59,0.59,0.599999999
100,28,32,97,True,False,0.539550130983,0.59,True,False,0.59,0.59,0.6
100,29,2,97,True,False,0.586142857143,0.59,True,False,0.59,0.59,0.599
100,29,8,97,True,False,0.555274208579,0.59,True,False,0.59,0.59,0.599999999
100,29,32,97,True,False,0.509334480056,0.59,True,False,0.59,0.59,0.6
100,30,2,97,True,False,0.586142857143,0.59,True,False,0.59,0.59,0.599
100,30,8,97,True,False,0.555274208579,0.59,True,False,0.59,0.59,0.599999999
100,30,32,97,True,False,0.509334480056,0.59,True,False,0.59,0.59,0.6
100,31,2,97,True,False,0.593857142857,0.59,False,False,0.59,0.59,0.599
100,31,8,97,True,False,0.579302518727,0.59,True,False,0.59,0.59,0.599999999
100,31,32,97,True,False,0.539550130983,0.59,True,False,0.59,0.59,0.6
100,32,2,97,True,False,0.593857142857,0.59,False,False,0.59,0.59,0.599
100,32,8,97,True,False,0.579302518727,0.59,True,False,0.59,0.59,0.599999999
100,32,32,97,True,False,0.539550130983,0.59,True,False,0.59,0.59,0.6
100,33,2,97,True,False,0.588714285714,0.59,True,False,0.59,0.59,0.599
100,33,8,97,True,False,0.562454993028,0.59,True,False,0.59,0.59,0.599999999
100,33,32,97,True,False,0.515214884395,0.59,True,False,0.59,0.59,0.6
100,34,2,97,True,False,0.591285714286,0.59,False,False,0.59,0.59,0.599
100,34,8,97,True,False,0.570439149156,0.59,True,False,0.59,0.59,0.599999999
100,34,32,97,True,False,0.524618206256,0.59,True,False,0.59,0.59,0.6
100,35,2,97,True,False,0.588714285714,0.59,True,False,0.59,0.59,0.599
100,35,8,97,True,False,0.562454993028,0.59,True,False,0.59,0.59,0.599999999
100,35,32,97,True,False,0.515214884395,0.59,True,False,0.59,0.59,0.6
100,36,2,97,True,False,0.596428571429,0.59,False,False,0.59,0.59,0.599
100,36,8,97,True,False,0.589126818558,0.59,True,False,0.59,0.59,0.599999999
100,36,32,97,True,False,0.563100619517,0.59,True,False,0.59,0.59,0.6
100,37,2,97,True,False,0.588714285714,0.59,True,False,0.59,0.59,0.599
100,37,8,97,True,False,0.562454993028,0.59,True,False,0.59,0.59,0.599999999
100,37,32,97,True,False,0.515214884395,0.59,True,False,0.59,0.59,0.6
100,38,2,97,True,False,0.593857142857,0.59,False,False,0.59,0.59,0.599
100,38,8,97,True,False,0.579302518727,0.59,True,False,0.59,0.59,0.599999999
100,38,32,97,True,False,0.539550130983,0.59,True,False,0.59,0.59,0.6
100,39,2,97,True,False,0.596428571429,0.59,False,False,0.59,0.59,0.599
100,39,8,97,True,False,0.589126818558,0.59,True,False,0.59,0.59,0.599999999
100,39,32,97,True,False,0.563100619517,0.59,True,False,0.59,0.59,0.6
100,40,2,97,True,False,0.588714285714,0.59,True,False,0.59,0.59,0.599
100,40,8,97,True,False,0.562454993028,0.59,True,False,0.59,0.59,0.599999999
100,40,32,97,True,False,0.515214884395,0.59,True,False,0.59,0.59,0.6
100,41,2,97,True,False,0.588714285714,0.59,True,False,0.59,0.59,0.599
100,41,8,97,True,False,0.562454993028,0.59,True,False,0.59,0.59,0.599999999
100,41,32,97,True,False,0.515214884395,0.59,True,False,0.59,0.59,0.6
100,42,2,97,True,False,0.588714285714,0.59,True,False,0.59,0.59,0.599
100,42,8,97,True,False,0.562454993028,0.59,True,False,0.59,0.59,0.599999999
100,42,32,97,True,False,0.515214884395,0.59,True,False,0.59,0.59,0.6
100,43,2,97,True,False,0.583571428571,0.59,True,False,0.59,0.59,0.599
100,43,8,97,True,False,0.548826486241,0.59,True,False,0.59,0.59,0.599999999
100,43,32,97,True,False,0.505683578818,0.59,True,False,0.59,0.59,0.6
100,44,2,97,True,False,0.586142857143,0.59,True,False,0.59,0.59,0.599
100,44,8,97,True,False,0.555274208579,0.59,True,False,0.59,0.59,0.599999999
100,44,32,97,True,False,0.509334480056,0.59,True,False,0.59,0.59,0.6
100,45,2,97,True,False,0.588714285714,0.59,True,False,0.59,0.59,0.599
100,45,8,97,True,False,0.562454993028,0.59,True,False,0.59,0.59,0.599999999
100,45,32,97,True,False,0.515214884395,0.59,True,False,0.59,0.59,0.6
100,46,2,97,True,False,0.591285714286,0.59,False,False,0.59,0.59,0.599
100,46,8,97,True,False,0.570439149156,0.59,True,False,0.59,0.59,0.599999999
100,46,32,97,True,False,0.524618206256,0.59,True,False,0.59,0.59,0.6
100,47,2,97,True,False,0.588714285714,0.59,True,False,0.59,0.59,0.599
100,47,8,97,True,False,0.562454993028,0.59,True,False,0.59,0.59,0.599999999
100,47,32,97,True,False,0.515214884395,0.59,True,False,0.59,0.59,0.6
100,48,2,97,True,False,0.593857142857,0.59,False,False,0.59,0.59,0.599
100,48,8,97,True,False,0.579302518727,0.59,True,False,0.59,0.59,0.599999999
100,48,32,97,True,False,0.539550130983,0.59,True,False,0.59,0.59,0.6
100,49,2,97,True,False,0.593857142857,0.59,False,False,0.59,0.59,0.599
100,49,8,97,True,False,0.579302518727,0.59,True,False,0.59,0.59,0.599999999
100,49,32,97,True,False,0.539550130983,0.59,True,False,0.59,0.59,0.6
100,50,2,97,True,False,0.591285714286,0.59,False,False,0.59,0.59,0.599
100,50,8,97,True,False,0.570439149156,0.59,True,False,0.59,0.59,0.599999999
100,50,32,97,True,False,0.524618206256,0.59,True,False,0.59,0.59,0.6
100,51,2,97,True,False,0.588714285714,0.59,True,False,0.59,0.59,0.599
100,51,8,97,True,False,0.562454993028,0.59,True,False,0.59,0.59,0.599999999
100,51,32,97,True,False,0.515214884395,0.59,True,False,0.59,0.59,0.6
100,52,2,97,True,False,0.591285714286,0.59,False,False,0.59,0.59,0.599
100,52,8,97,True,False,0.570439149156,0.59,True,False,0.59,0.59,0.599999999
100,52,32,97,True,False,0.524618206256,0.59,True,False,0.59,0.59,0.6
100,53,2,97,True,False,0.593857142857,0.59,False,False,0.59,0.59,0.599
100,53,8,97,True,False,0.579302518727,0.59,True,False,0.59,0.59,0.599999999
100,53,32,97,True,False,0.539550130983,0.59,True,False,0.59,0.59,0.6
100,54,2,97,True,False,0.586142857143,0.59,True,False,0.59,0.59,0.599
100,54,8,97,True,False,0.555274208579,0.59,True,False,0.59,0.59,0.599999999
100,54,32,97,True,False,0.509334480056,0.59,True,False,0.59,0.59,0.6
100,55,2,97,True,False,0.588714285714,0.59,True,False,0.59,0.59,0.599
100,55,8,97,True,False,0.562454993028,0.59,True,False,0.59,0.59,0.599999999
100,55,32,97,True,False,0.515214884395,0.59,True,False,0.59,0.59,0.6
100,56,2,97,True,False,0.591285714286,0.59,False,False,0.59,0.59,0.599
100,56,8,97,True,False,0.570439149156,0.59,True,False,0.59,0.59,0.599999999
100,56,32,97,True,False,0.524618206256,0.59,True,False,0.59,0.59,0.6
100,57,2,97,True,False,0.588714285714,0.59,True,False,0.59,0.59,0.599
100,57,8,97,True,False,0.562454993028,0.59,True,False,0.59,0.59,0.599999999
100,57,32,97,True,False,0.515214884395,0.59,True,False,0.59,0.59,0.6
100,58,2,97,True,False,0.591285714286,0.59,False,False,0.59,0.59,0.599
100,58,8,97,True,False,0.570439149156,0.59,True,False,0.59,0.59,0.599999999
100,58,32,97,True,False,0.524618206256,0.59,True,False,0.59,0.59,0.6
100,59,2,97,True,False,0.593857142857,0.59,False,False,0.59,0.59,0.599
100,59,8,97,True,False,0.579302518727,0.59,True,False,0.59,0.59,0.599999999
100,59,32,97,True,False,0.539550130983,0.59,True,False,0.59,0.59,0.6
100,60,2,97,True,False,0.586142857143,0.59,True,False,0.59,0.59,0.599
100,60,8,97,True,False,0.555274208579,0.59,True,False,0.59,0.59,0.599999999
100,60,32,97,True,False,0.509334480056,0.59,True,False,0.59,0.59,0.6
100,61,2,97,True,False,0.593857142857,0.59,False,False,0.59,0.59,0.599
100,61,8,97,True,False,0.579302518727,0.59,True,False,0.59,0.59,0.599999999
100,61,32,97,True,False,0.539550130983,0.59,True,False,0.59,0.59,0.6
100,62,2,97,True,False,0.591285714286,0.59,False,False,0.59,0.59,0.599
100,62,8,97,True,False,0.570439149156,0.59,True,False,0.59,0.59,0.599999999
100,62,32,97,True,False,0.524618206256,0.59,True,False,0.59,0.59,0.6
100,63,2,97,True,False,0.583571428571,0.59,True,False,0.59,0.59,0.599
100,63,8,97,True,False,0.548826486241,0.59,True,False,0.59,0.59,0.599999999
100,63,32,97,True,False,0.505683578818,0.59,True,False,0.59,0.59,0.6
100,64,2,97,True,False,0.591285714286,0.59,False,False,0.59,0.59,0.599
100,64,8,97,True,False,0.570439149156,0.59,True,False,0.59,0.59,0.599999999
100,64,32,97,True,False,0.524618206256,0.59,True,False,0.59,0.59,0.6
100,65,2,97,True,False,0.583571428571,0.59,True,False,0.59,0.59,0.599
100,65,8,97,True,False,0.548826486241,0.59,True,False,0.59,0.59,0.599999999
100,65,32,97,True,False,0.505683578818,0.59,True,False,0.59,0.59,0.6
100,66,2,97,True,False,0.593857142857,0.59,False,False,0.59,0.59,0.599
100,66,8,97,True,False,0.579302518727,0.59,True,False,0.59,0.59,0.599999999
100,66,32,97,True,False,0.539550130983,0.59,True,False,0.59,0.59,0.6
100,67,2,97,True,False,0.591285714286,0.59,False,False,0.59,0.59,0.599
100,67,8,97,True,False,0.570439149156,0.59,True,False,0.59,0.59,0.599999999
100,67,32,97,True,False,0.524618206256,0.59,True,False,0.59,0.59,0.6
100,68,2,97,True,False,0.593857142857,0.59,False,False,0.59,0.59,0.599
100,68,8,97,True,False,0.579302518727,0.59,True,False,0.59,0.59,0.599999999
100,68,32,97,True,False,0.539550130983,0.59,True,False,0.59,0.59,0.6
100,69,2,97,True,False,0.588714285714,0.59,True,False,0.59,0.59,0.599
100,69,8,97,True,False,0.562454993028,0.59,True,False,0.59,0.59,0.599999999
100,69,32,97,True,False,0.515214884395,0.59,True,False,0.59,0.59,0.6
100,70,2,97,True,False,0.591285714286,0.59,False,False,0.59,0.59,0.599
100,70,8,97,True,False,0.570439149156,0.59,True,False,0.59,0.59,0.599999999
100,70,32,97,True,False,0.524618206256,0.59,True,False,0.59,0.59,0.6
100,71,2,97,True,False,0.593857142857,0.59,False,False,0.59,0.59,0.599
100,71,8,97,True,False,0.579302518727,0.59,True,False,0.59,0.59,0.599999999
100,71,32,97,True,False,0.539550130983,0.59,True,False,0.59,0.59,0.6
100,72,2,97,True,False,0.591285714286,0.59,False,False,0.59,0.59,0.599
100,72,8,97,True,False,0.570439149156,0.59,True,False,0.59,0.59,0.599999999
100,72,32,97,True,False,0.524618206256,0.59,True,False,0.59,0.59,0.6
100,73,2,97,True,False,0.596428571429,0.59,False,False,0.59,0.59,0.599
100,73,8,97,True,False,0.589126818558,0.59,True,False,0.59,0.59,0.599999999
100,73,32,97,True,False,0.563100619517,0.59,True,False,0.59,0.59,0.6
100,74,2,97,True,False,0.591285714286,0.59,False,False,0.59,0.59,0.599
100,74,8,97,True,False,0.570439149156,0.59,True,False,0.59,0.59,0.599999999
100,74,32,97,True,False,0.524618206256,0.59,True,False,0.59,0.59,0.6
100,75,2,97,True,False,0.596428571429,0.59,False,False,0.59,0.59,0.599
100,75,8,97,True,False,0.589126818558,0.59,True,False,0.59,0.59,0.599999999
100,75,32,97,True,False,0.563100619517,0.59,True,False,0.59,0.59,0.6
100,76,2,97,True,False,0.588714285714,0.59,True,False,0.59,0.59,0.599
100,76,8,97,True,False,0.562454993028,0.59,True,False,0.59,0.59,0.599999999
100,76,32,97,True,False,0.515214884395,0.59,True,False,0.59,0.59,0.6
100,77,2,97,True,False,0.586142857143,0.59,True,False,0.59,0.59,0.599
100,77,8,97,True,False,0.555274208579,0.59,True,False,0.59,0.59,0.599999999
100,77,32,97,True,False,0.509334480056,0.59,True,False,0.59,0.59,0.6
100,78,2,97,True,False,0.586142857143,0.59,True,False,0.59,0.59,0.599
100,78,8,97,True,False,0.555274208579,0.59,True,False,0.59,0.59,0.599999999
100,78,32,97,True,False,0.509334480056,0.59,True,False,0.59,0.59,0.6
100,79,2,97,True,False,0.586142857143,0.59,True,False,0.59,0.59,0.599
100,79,8,97,True,False,0.555274208579,0.59,True,False,0.59,0.59,0.599999999
100,79,32,97,True,False,0.509334480056,0.59,True,False,0.59,0.59,0.6
100,80,2,97,True,False,0.591285714286,0.59,False,False,0.59,0.59,0.599
100,80,8,97,True,False,0.570439149156,0.59,True,False,0.59,0.59,0.599999999
100,80,32,97,True,False,0.524618206256,0.59,True,False,0.59,0.59,0.6
100,81,2,97,True,False,0.588714285714,0.59,True,False,0.59,0.59,0.599
100,81,8,97,True,False,0.562454993028,0.59,True,False,0.59,0.59,0.599999999
100,81,32,97,True,False,0.515214884395,0.59,True,False,0.59,0.59,0.6
100,82,2,97,True,False,0.591285714286,0.59,False,False,0.59,0.59,0.599
100,82,8,97,True,False,0.570439149156,0.59,True,False,0.59,0.59,0.599999999
100,82,32,97,True,False,0.524618206256,0.59,True,False,0.59,0.59,0.6
100,83,2,97,True,False,0.586142857143,0.59,True,False,0.59,0.59,0.599
100,83,8,97,True,False,0.555274208579,0.59,True,False,0.59,0.59,0.599999999
100,83,32,97,True,False,0.509334480056,0.59,True,False,0.59,0.59,0.6
100,84,2,97,True,False,0.586142857143,0.59,True,False,0.59,0.59,0.599
100,84,8,97,True,False,0.555274208579,0.59,True,False,0.59,0.59,0.599999999
100,84,32,97,True,False,0.509334480056,0.59,True,False,0.59,0.59,0.6
100,85,2,97,True,False,0.588714285714,0.59,True,False,0.59,0.59,0.599
100,85,8,97,True,False,0.562454993028,0.59,True,False,0.59,0.59,0.599999999
100,85,32,97,True,False,0.515214884395,0.59,True,False,0.59,0.59,0.6
100,86,2,97,True,False,0.591285714286,0.59,False,False,0.59,0.59,0.599
100,86,8,97,True,False,0.570439149156,0.59,True,False,0.59,0.59,0.599999999
100,86,32,97,True,False,0.524618206256,0.59,True,False,0.59,0.59,0.6
100,87,2,97,True,False,0.591285714286,0.59,False,False,0.59,0.59,0.599
100,87,8,97,True,False,0.570439149156,0.59,True,False,0.59,0.59,0.599999999
100,87,32,97,True,False,0.524618206256,0.59,True,False,0.59,0.59,0.6
100,88,2,97,True,False,0.591285714286,0.59,False,False,0.59,0.59,0.599
100,88,8,97,True,False,0.570439149156,0.59,True,False,0.59,0.59,0.599999999
100,88,32,97,True,False,0.524618206256,0.59,True,False,0.59,0.59,0.6
100,89,2,97,True,False,0.591285714286,0.59,False,False,0.59,0.59,0.599
100,89,8,97,True,False,0.570439149156,0.59,True,False,0.59,0.59,0.599999999
100,89,32,97,True,False,0.524618206256,0.59,True,False,0.59,0.59,0.6
100,90,2,97,True,False,0.593857142857,0.59,False,False,0.59,0.59,0.599
100,90,8,97,True,False,0.579302518727,0.59,True,False,0.59,0.59,0.599999999
100,90,32,97,True,False,0.539550130983,0.59,True,False,0.59,0.59,0.6
100,91,2,97,True,False,0.591285714286,0.59,False,False,0.59,0.59,0.599
100,91,8,97,True,False,0.570439149156,0.59,True,False,0.59,0.59,0.599999999
100,91,32,97,True,False,0.524618206256,0.59,True,False,0.59,0.59,0.6
100,92,2,97,True,False,0.593857142857,0.59,False,False,0.59,0.59,0.599
100,92,8,97,True,False,0.579302518727,0.59,True,False,0.59,0.59,0.599999999
100,92,32,97,True,False,0.539550130983,0.59,True,False,0.59,0.59,0.6
100,93,2,97,True,False,0.591285714286,0.59,False,False,0.59,0.59,0.599
100,93,8,97,True,False,0.570439149156,0.59,True,False,0.59,0.59,0.599999999
100,93,32,97,True,False,0.524618206256,0.59,True,False,0.59,0.59,0.6
100,94,2,97,True,False,0.596428571429,0.59,False,False,0.59,0.59,0.599
100,94,8,97,True,False,0.589126818558,0.59,True,False,0.59,0.59,0.599999999
100,94,32,97,True,False,0.563100619517,0.59,True,False,0.59,0.59,0.6
100,95,2,97,True,False,0.591285714286,0.59,False,False,0.59,0.59,0.599
100,95,8,97,True,False,0.570439149156,0.59,True,False,0.59,0.59,0.599999999
100,95,32,97,True,False,0.524618206256,0.59,True,False,0.59,0.59,0.6
100,96,2,97,True,False,0.591285714286,0.59,False,False,0.59,0.59,0.599
100,96,8,97,True,False,0.570439149156,0.59,True,False,0.59,0.59,0.599999999
100,96,32,97,True,False,0.524618206256,0.59,True,False,0.59,0.59,0.6
100,97,2,97,True,False,0.586142857143,0.59,True,False,0.59,0.59,0.599
100,97,8,97,True,False,0.555274208579,0.59,True,False,0.59,0.59,0.599999999
100,97,32,97,True,False,0.509334480056,0.59,True,False,0.59,0.59,0.6
100,98,2,97,True,False,0.586142857143,0.59,True,False,0.59,0.59,0.599
100,98,8,97,True,False,0.555274208579,0.59,True,False,0.59,0.59,0.599999999
100,98,32,97,True,False,0.509334480056,0.59,True,False,0.59,0.59,0.6
100,99,2,97,True,False,0.591285714286,0.59,False,False,0.59,0.59,0.599
100,99,8,97,True,False,0.570439149156,0.59,True,False,0.59,0.59,0.599999999
100,99,32,97,True,False,0.524618206256,0.59,True,False,0.59,0.59,0.6
300,0,2,298,True,False,0.593857142857,0.59,False,False,0.59,0.59,0.599
300,0,8,298,True,False,0.579302518727,0.59,True,False,0.59,0.59,0.599999999
300,0,32,298,True,False,0.539550130983,0.59,True,False,0.59,0.59,0.6
300,1,2,298,True,False,0.599,0.59,False,False,0.59,0.59,0.599
300,1,8,298,True,False,0.599999999,0.59,False,False,0.59,0.59,0.599999999
300,1,32,298,True,False,0.6,0.59,False,False,0.59,0.59,0.6
300,2,2,298,True,False,0.591285714286,0.59,False,False,0.59,0.59,0.599
300,2,8,298,True,False,0.570439149156,0.59,True,False,0.59,0.59,0.599999999
300,2,32,298,True,False,0.524618206256,0.59,True,False,0.59,0.59,0.6
300,3,2,298,True,False,0.593857142857,0.59,False,False,0.59,0.59,0.599
300,3,8,298,True,False,0.579302518727,0.59,True,False,0.59,0.59,0.599999999
300,3,32,298,True,False,0.539550130983,0.59,True,False,0.59,0.59,0.6
300,4,2,298,True,False,0.588714285714,0.59,True,False,0.59,0.59,0.599
300,4,8,298,True,False,0.562454993028,0.59,True,False,0.59,0.59,0.599999999
300,4,32,298,True,False,0.515214884395,0.59,True,False,0.59,0.59,0.6
300,5,2,298,True,False,0.588714285714,0.59,True,False,0.59,0.59,0.599
300,5,8,298,True,False,0.562454993028,0.59,True,False,0.59,0.59,0.599999999
300,5,32,298,True,False,0.515214884395,0.59,True,False,0.59,0.59,0.6
300,6,2,298,True,False,0.591285714286,0.59,False,False,0.59,0.59,0.599
300,6,8,298,True,False,0.570439149156,0.59,True,False,0.59,0.59,0.599999999
300,6,32,298,True,False,0.524618206256,0.59,True,False,0.59,0.59,0.6
300,7,2,298,True,False,0.593857142857,0.59,False,False,0.59,0.59,0.599
300,7,8,298,True,False,0.579302518727,0.59,True,False,0.59,0.59,0.599999999
300,7,32,298,True,False,0.539550130983,0.59,True,False,0.59,0.59,0.6
300,8,2,298,True,False,0.596428571429,0.59,False,False,0.59,0.59,0.599
300,8,8,298,True,False,0.589126818558,0.59,True,False,0.59,0.59,0.599999999
300,8,32,298,True,False,0.563100619517,0.59,True,False,0.59,0.59,0.6
300,9,2,298,True,False,0.596428571429,0.59,False,False,0.59,0.59,0.599
300,9,8,298,True,False,0.589126818558,0.59,True,False,0.59,0.59,0.599999999
300,9,32,298,True,False,0.563100619517,0.59,True,False,0.59,0.59,0.6
300,10,2,298,True,False,0.593857142857,0.59,False,False,0.59,0.59,0.599
300,10,8,298,True,False,0.579302518727,0.59,True,False,0.59,0.59,0.599999999
300,10,32,298,True,False,0.539550130983,0.59,True,False,0.59,0.59,0.6
300,11,2,298,True,False,0.591285714286,0.59,False,False,0.59,0.59,0.599
300,11,8,298,True,False,0.570439149156,0.59,True,False,0.59,0.59,0.599999999
300,11,32,298,True,False,0.524618206256,0.59,True,False,0.59,0.59,0.6
300,12,2,298,True,False,0.599,0.59,False,False,0.59,0.59,0.599
300,12,8,298,True,False,0.599999999,0.59,False,False,0.59,0.59,0.599999999
300,12,32,298,True,False,0.6,0.59,False,False,0.59,0.59,0.6
300,13,2,298,True,False,0.593857142857,0.59,False,False,0.59,0.59,0.599
300,13,8,298,True,False,0.579302518727,0.59,True,False,0.59,0.59,0.599999999
300,13,32,298,True,False,0.539550130983,0.59,True,False,0.59,0.59,0.6
300,14,2,298,True,False,0.591285714286,0.59,False,False,0.59,0.59,0.599
300,14,8,298,True,False,0.570439149156,0.59,True,False,0.59,0.59,0.599999999
300,14,32,298,True,False,0.524618206256,0.59,True,False,0.59,0.59,0.6
300,15,2,298,True,False,0.593857142857,0.59,False,False,0.59,0.59,0.599
300,15,8,298,True,False,0.579302518727,0.59,True,False,0.59,0.59,0.599999999
300,15,32,298,True,False,0.539550130983,0.59,True,False,0.59,0.59,0.6
300,16,2,298,True,False,0.586142857143,0.59,True,False,0.59,0.59,0.599
300,16,8,298,True,False,0.555274208579,0.59,True,False,0.59,0.59,0.599999999
300,16,32,298,True,False,0.509334480056,0.59,True,False,0.59,0.59,0.6
300,17,2,298,True,False,0.591285714286,0.59,False,False,0.59,0.59,0.599
300,17,8,298,True,False,0.570439149156,0.59,True,False,0.59,0.59,0.599999999
300,17,32,298,True,False,0.524618206256,0.59,True,False,0.59,0.59,0.6
300,18,2,298,True,False,0.593857142857,0.59,False,False,0.59,0.59,0.599
300,18,8,298,True,False,0.579302518727,0.59,True,False,0.59,0.59,0.599999999
300,18,32,298,True,False,0.539550130983,0.59,True,False,0.59,0.59,0.6
300,19,2,298,True,False,0.596428571429,0.59,False,False,0.59,0.59,0.599
300,19,8,298,True,False,0.589126818558,0.59,True,False,0.59,0.59,0.599999999
300,19,32,298,True,False,0.563100619517,0.59,True,False,0.59,0.59,0.6
300,20,2,298,True,False,0.596428571429,0.59,False,False,0.59,0.59,0.599
300,20,8,298,True,False,0.589126818558,0.59,True,False,0.59,0.59,0.599999999
300,20,32,298,True,False,0.563100619517,0.59,True,False,0.59,0.59,0.6
300,21,2,298,True,False,0.596428571429,0.59,False,False,0.59,0.59,0.599
300,21,8,298,True,False,0.589126818558,0.59,True,False,0.59,0.59,0.599999999
300,21,32,298,True,False,0.563100619517,0.59,True,False,0.59,0.59,0.6
300,22,2,298,True,False,0.588714285714,0.59,True,False,0.59,0.59,0.599
300,22,8,298,True,False,0.562454993028,0.59,True,False,0.59,0.59,0.599999999
300,22,32,298,True,False,0.515214884395,0.59,True,False,0.59,0.59,0.6
300,23,2,298,True,False,0.591285714286,0.59,False,False,0.59,0.59,0.599
300,23,8,298,True,False,0.570439149156,0.59,True,False,0.59,0.59,0.599999999
300,23,32,298,True,False,0.524618206256,0.59,True,False,0.59,0.59,0.6
300,24,2,298,True,False,0.596428571429,0.59,False,False,0.59,0.59,0.599
300,24,8,298,True,False,0.589126818558,0.59,True,False,0.59,0.59,0.599999999
300,24,32,298,True,False,0.563100619517,0.59,True,False,0.59,0.59,0.6
300,25,2,298,True,False,0.588714285714,0.59,True,False,0.59,0.59,0.599
300,25,8,298,True,False,0.562454993028,0.59,True,False,0.59,0.59,0.599999999
300,25,32,298,True,False,0.515214884395,0.59,True,False,0.59,0.59,0.6
300,26,2,298,True,False,0.593857142857,0.59,False,False,0.59,0.59,0.599
300,26,8,298,True,False,0.579302518727,0.59,True,False,0.59,0.59,0.599999999
300,26,32,298,True,False,0.539550130983,0.59,True,False,0.59,0.59,0.6
300,27,2,298,True,False,0.593857142857,0.59,False,False,0.59,0.59,0.599
300,27,8,298,True,False,0.579302518727,0.59,True,False,0.59,0.59,0.599999999
300,27,32,298,True,False,0.539550130983,0.59,True,False,0.59,0.59,0.6
300,28,2,298,True,False,0.599,0.59,False,False,0.59,0.59,0.599
300,28,8,298,True,False,0.599999999,0.59,False,False,0.59,0.59,0.599999999
300,28,32,298,True,False,0.6,0.59,False,False,0.59,0.59,0.6
300,29,2,298,True,False,0.588714285714,0.59,True,False,0.59,0.59,0.599
300,29,8,298,True,False,0.562454993028,0.59,True,False,0.59,0.59,0.599999999
300,29,32,298,True,False,0.515214884395,0.59,True,False,0.59,0.59,0.6
300,30,2,298,True,False,0.593857142857,0.59,False,False,0.59,0.59,0.599
300,30,8,298,True,False,0.579302518727,0.59,True,False,0.59,0.59,0.599999999
300,30,32,298,True,False,0.539550130983,0.59,True,False,0.59,0.59,0.6
300,31,2,298,True,False,0.586142857143,0.59,True,False,0.59,0.59,0.599
300,31,8,298,True,False,0.555274208579,0.59,True,False,0.59,0.59,0.599999999
300,31,32,298,True,False,0.509334480056,0.59,True,False,0.59,0.59,0.6
300,32,2,298,True,False,0.593857142857,0.59,False,False,0.59,0.59,0.599
300,32,8,298,True,False,0.579302518727,0.59,True,False,0.59,0.59,0.599999999
300,32,32,298,True,False,0.539550130983,0.59,True,False,0.59,0.59,0.6
300,33,2,298,True,False,0.593857142857,0.59,False,False,0.59,0.59,0.599
300,33,8,298,True,False,0.579302518727,0.59,True,False,0.59,0.59,0.599999999
300,33,32,298,True,False,0.539550130983,0.59,True,False,0.59,0.59,0.6
300,34,2,298,True,False,0.596428571429,0.59,False,False,0.59,0.59,0.599
300,34,8,298,True,False,0.589126818558,0.59,True,False,0.59,0.59,0.599999999
300,34,32,298,True,False,0.563100619517,0.59,True,False,0.59,0.59,0.6
300,35,2,298,True,False,0.591285714286,0.59,False,False,0.59,0.59,0.599
300,35,8,298,True,False,0.570439149156,0.59,True,False,0.59,0.59,0.599999999
300,35,32,298,True,False,0.524618206256,0.59,True,False,0.59,0.59,0.6
300,36,2,298,True,False,0.596428571429,0.59,False,False,0.59,0.59,0.599
300,36,8,298,True,False,0.589126818558,0.59,True,False,0.59,0.59,0.599999999
300,36,32,298,True,False,0.563100619517,0.59,True,False,0.59,0.59,0.6
300,37,2,298,True,False,0.593857142857,0.59,False,False,0.59,0.59,0.599
300,37,8,298,True,False,0.579302518727,0.59,True,False,0.59,0.59,0.599999999
300,37,32,298,True,False,0.539550130983,0.59,True,False,0.59,0.59,0.6
300,38,2,298,True,False,0.596428571429,0.59,False,False,0.59,0.59,0.599
300,38,8,298,True,False,0.589126818558,0.59,True,False,0.59,0.59,0.599999999
300,38,32,298,True,False,0.563100619517,0.59,True,False,0.59,0.59,0.6
300,39,2,298,True,False,0.599,0.59,False,False,0.59,0.59,0.599
300,39,8,298,True,False,0.599999999,0.59,False,False,0.59,0.59,0.599999999
300,39,32,298,True,False,0.6,0.59,False,False,0.59,0.59,0.6
300,40,2,298,True,False,0.593857142857,0.59,False,False,0.59,0.59,0.599
300,40,8,298,True,False,0.579302518727,0.59,True,False,0.59,0.59,0.599999999
300,40,32,298,True,False,0.539550130983,0.59,True,False,0.59,0.59,0.6
300,41,2,298,True,False,0.593857142857,0.59,False,False,0.59,0.59,0.599
300,41,8,298,True,False,0.579302518727,0.59,True,False,0.59,0.59,0.599999999
300,41,32,298,True,False,0.539550130983,0.59,True,False,0.59,0.59,0.6
300,42,2,298,True,False,0.591285714286,0.59,False,False,0.59,0.59,0.599
300,42,8,298,True,False,0.570439149156,0.59,True,False,0.59,0.59,0.599999999
300,42,32,298,True,False,0.524618206256,0.59,True,False,0.59,0.59,0.6
300,43,2,298,True,False,0.586142857143,0.59,True,False,0.59,0.59,0.599
300,43,8,298,True,False,0.555274208579,0.59,True,False,0.59,0.59,0.599999999
300,43,32,298,True,False,0.509334480056,0.59,True,False,0.59,0.59,0.6
300,44,2,298,True,False,0.591285714286,0.59,False,False,0.59,0.59,0.599
300,44,8,298,True,False,0.570439149156,0.59,True,False,0.59,0.59,0.599999999
300,44,32,298,True,False,0.524618206256,0.59,True,False,0.59,0.59,0.6
300,45,2,298,True,False,0.596428571429,0.59,False,False,0.59,0.59,0.599
300,45,8,298,True,False,0.589126818558,0.59,True,False,0.59,0.59,0.599999999
300,45,32,298,True,False,0.563100619517,0.59,True,False,0.59,0.59,0.6
300,46,2,298,True,False,0.593857142857,0.59,False,False,0.59,0.59,0.599
300,46,8,298,True,False,0.579302518727,0.59,True,False,0.59,0.59,0.599999999
300,46,32,298,True,False,0.539550130983,0.59,True,False,0.59,0.59,0.6
300,47,2,298,True,False,0.591285714286,0.59,False,False,0.59,0.59,0.599
300,47,8,298,True,False,0.570439149156,0.59,True,False,0.59,0.59,0.599999999
300,47,32,298,True,False,0.524618206256,0.59,True,False,0.59,0.59,0.6
300,48,2,298,True,False,0.588714285714,0.59,True,False,0.59,0.59,0.599
300,48,8,298,True,False,0.562454993028,0.59,True,False,0.59,0.59,0.599999999
300,48,32,298,True,False,0.515214884395,0.59,True,False,0.59,0.59,0.6
300,49,2,298,True,False,0.593857142857,0.59,False,False,0.59,0.59,0.599
300,49,8,298,True,False,0.579302518727,0.59,True,False,0.59,0.59,0.599999999
300,49,32,298,True,False,0.539550130983,0.59,True,False,0.59,0.59,0.6
300,50,2,298,True,False,0.596428571429,0.59,False,False,0.59,0.59,0.599
300,50,8,298,True,False,0.589126818558,0.59,True,False,0.59,0.59,0.599999999
300,50,32,298,True,False,0.563100619517,0.59,True,False,0.59,0.59,0.6
300,51,2,298,True,False,0.593857142857,0.59,False,False,0.59,0.59,0.599
300,51,8,298,True,False,0.579302518727,0.59,True,False,0.59,0.59,0.599999999
300,51,32,298,True,False,0.539550130983,0.59,True,False,0.59,0.59,0.6
300,52,2,298,True,False,0.593857142857,0.59,False,False,0.59,0.59,0.599
300,52,8,298,True,False,0.579302518727,0.59,True,False,0.59,0.59,0.599999999
300,52,32,298,True,False,0.539550130983,0.59,True,False,0.59,0.59,0.6
300,53,2,298,True,False,0.593857142857,0.59,False,False,0.59,0.59,0.599
300,53,8,298,True,False,0.579302518727,0.59,True,False,0.59,0.59,0.599999999
300,53,32,298,True,False,0.539550130983,0.59,True,False,0.59,0.59,0.6
300,54,2,298,True,False,0.588714285714,0.59,True,False,0.59,0.59,0.599
300,54,8,298,True,False,0.562454993028,0.59,True,False,0.59,0.59,0.599999999
300,54,32,298,True,False,0.515214884395,0.59,True,False,0.59,0.59,0.6
300,55,2,298,True,False,0.591285714286,0.59,False,False,0.59,0.59,0.599
300,55,8,298,True,False,0.570439149156,0.59,True,False,0.59,0.59,0.599999999
300,55,32,298,True,False,0.524618206256,0.59,True,False,0.59,0.59,0.6
300,56,2,298,True,False,0.593857142857,0.59,False,False,0.59,0.59,0.599
300,56,8,298,True,False,0.579302518727,0.59,True,False,0.59,0.59,0.599999999
300,56,32,298,True,False,0.539550130983,0.59,True,False,0.59,0.59,0.6
300,57,2,298,True,False,0.593857142857,0.59,False,False,0.59,0.59,0.599
300,57,8,298,True,False,0.579302518727,0.59,True,False,0.59,0.59,0.599999999
300,57,32,298,True,False,0.539550130983,0.59,True,False,0.59,0.59,0.6
300,58,2,298,True,False,0.593857142857,0.59,False,False,0.59,0.59,0.599
300,58,8,298,True,False,0.579302518727,0.59,True,False,0.59,0.59,0.599999999
300,58,32,298,True,False,0.539550130983,0.59,True,False,0.59,0.59,0.6
300,59,2,298,True,False,0.593857142857,0.59,False,False,0.59,0.59,0.599
300,59,8,298,True,False,0.579302518727,0.59,True,False,0.59,0.59,0.599999999
300,59,32,298,True,False,0.539550130983,0.59,True,False,0.59,0.59,0.6
300,60,2,298,True,False,0.591285714286,0.59,False,False,0.59,0.59,0.599
300,60,8,298,True,False,0.570439149156,0.59,True,False,0.59,0.59,0.599999999
300,60,32,298,True,False,0.524618206256,0.59,True,False,0.59,0.59,0.6
300,61,2,298,True,False,0.599,0.59,False,False,0.59,0.59,0.599
300,61,8,298,True,False,0.599999999,0.59,False,False,0.59,0.59,0.599999999
300,61,32,298,True,False,0.6,0.59,False,False,0.59,0.59,0.6
300,62,2,298,True,False,0.596428571429,0.59,False,False,0.59,0.59,0.599
300,62,8,298,True,False,0.589126818558,0.59,True,False,0.59,0.59,0.599999999
300,62,32,298,True,False,0.563100619517,0.59,True,False,0.59,0.59,0.6
300,63,2,298,True,False,0.596428571429,0.59,False,False,0.59,0.59,0.599
300,63,8,298,True,False,0.589126818558,0.59,True,False,0.59,0.59,0.599999999
300,63,32,298,True,False,0.563100619517,0.59,True,False,0.59,0.59,0.6
300,64,2,298,True,False,0.591285714286,0.59,False,False,0.59,0.59,0.599
300,64,8,298,True,False,0.570439149156,0.59,True,False,0.59,0.59,0.599999999
300,64,32,298,True,False,0.524618206256,0.59,True,False,0.59,0.59,0.6
300,65,2,298,True,False,0.596428571429,0.59,False,False,0.59,0.59,0.599
300,65,8,298,True,False,0.589126818558,0.59,True,False,0.59,0.59,0.599999999
300,65,32,298,True,False,0.563100619517,0.59,True,False,0.59,0.59,0.6
300,66,2,298,True,False,0.593857142857,0.59,False,False,0.59,0.59,0.599
300,66,8,298,True,False,0.579302518727,0.59,True,False,0.59,0.59,0.599999999
300,66,32,298,True,False,0.539550130983,0.59,True,False,0.59,0.59,0.6
300,67,2,298,True,False,0.593857142857,0.59,False,False,0.59,0.59,0.599
300,67,8,298,True,False,0.579302518727,0.59,True,False,0.59,0.59,0.599999999
300,67,32,298,True,False,0.539550130983,0.59,True,False,0.59,0.59,0.6
300,68,2,298,True,False,0.593857142857,0.59,False,False,0.59,0.59,0.599
300,68,8,298,True,False,0.579302518727,0.59,True,False,0.59,0.59,0.599999999
300,68,32,298,True,False,0.539550130983,0.59,True,False,0.59,0.59,0.6
300,69,2,298,True,False,0.596428571429,0.59,False,False,0.59,0.59,0.599
300,69,8,298,True,False,0.589126818558,0.59,True,False,0.59,0.59,0.599999999
300,69,32,298,True,False,0.563100619517,0.59,True,False,0.59,0.59,0.6
300,70,2,298,True,False,0.593857142857,0.59,False,False,0.59,0.59,0.599
300,70,8,298,True,False,0.579302518727,0.59,True,False,0.59,0.59,0.599999999
300,70,32,298,True,False,0.539550130983,0.59,True,False,0.59,0.59,0.6
300,71,2,298,True,False,0.596428571429,0.59,False,False,0.59,0.59,0.599
300,71,8,298,True,False,0.589126818558,0.59,True,False,0.59,0.59,0.599999999
300,71,32,298,True,False,0.563100619517,0.59,True,False,0.59,0.59,0.6
300,72,2,298,True,False,0.593857142857,0.59,False,False,0.59,0.59,0.599
300,72,8,298,True,False,0.579302518727,0.59,True,False,0.59,0.59,0.599999999
300,72,32,298,True,False,0.539550130983,0.59,True,False,0.59,0.59,0.6
300,73,2,298,True,False,0.599,0.59,False,False,0.59,0.59,0.599
300,73,8,298,True,False,0.599999999,0.59,False,False,0.59,0.59,0.599999999
300,73,32,298,True,False,0.6,0.59,False,False,0.59,0.59,0.6
300,74,2,298,True,False,0.593857142857,0.59,False,False,0.59,0.59,0.599
300,74,8,298,True,False,0.579302518727,0.59,True,False,0.59,0.59,0.599999999
300,74,32,298,True,False,0.539550130983,0.59,True,False,0.59,0.59,0.6
300,75,2,298,True,False,0.599,0.59,False,False,0.59,0.59,0.599
300,75,8,298,True,False,0.599999999,0.59,False,False,0.59,0.59,0.599999999
300,75,32,298,True,False,0.6,0.59,False,False,0.59,0.59,0.6
300,76,2,298,True,False,0.593857142857,0.59,False,False,0.59,0.59,0.599
300,76,8,298,True,False,0.579302518727,0.59,True,False,0.59,0.59,0.599999999
300,76,32,298,True,False,0.539550130983,0.59,True,False,0.59,0.59,0.6
300,77,2,298,True,False,0.588714285714,0.59,True,False,0.59,0.59,0.599
300,77,8,298,True,False,0.562454993028,0.59,True,False,0.59,0.59,0.599999999
300,77,32,298,True,False,0.515214884395,0.59,True,False,0.59,0.59,0.6
300,78,2,298,True,False,0.593857142857,0.59,False,False,0.59,0.59,0.599
300,78,8,298,True,False,0.579302518727,0.59,True,False,0.59,0.59,0.599999999
300,78,32,298,True,False,0.539550130983,0.59,True,False,0.59,0.59,0.6
300,79,2,298,True,False,0.591285714286,0.59,False,False,0.59,0.59,0.599
300,79,8,298,True,False,0.570439149156,0.59,True,False,0.59,0.59,0.599999999
300,79,32,298,True,False,0.524618206256,0.59,True,False,0.59,0.59,0.6
300,80,2,298,True,False,0.591285714286,0.59,False,False,0.59,0.59,0.599
300,80,8,298,True,False,0.570439149156,0.59,True,False,0.59,0.59,0.599999999
300,80,32,298,True,False,0.524618206256,0.59,True,False,0.59,0.59,0.6
300,81,2,298,True,False,0.593857142857,0.59,False,False,0.59,0.59,0.599
300,81,8,298,True,False,0.579302518727,0.59,True,False,0.59,0.59,0.599999999
300,81,32,298,True,False,0.539550130983,0.59,True,False,0.59,0.59,0.6
300,82,2,298,True,False,0.593857142857,0.59,False,False,0.59,0.59,0.599
300,82,8,298,True,False,0.579302518727,0.59,True,False,0.59,0.59,0.599999999
300,82,32,298,True,False,0.539550130983,0.59,True,False,0.59,0.59,0.6
300,83,2,298,True,False,0.593857142857,0.59,False,False,0.59,0.59,0.599
300,83,8,298,True,False,0.579302518727,0.59,True,False,0.59,0.59,0.599999999
300,83,32,298,True,False,0.539550130983,0.59,True,False,0.59,0.59,0.6
300,84,2,298,True,False,0.593857142857,0.59,False,False,0.59,0.59,0.599
300,84,8,298,True,False,0.579302518727,0.59,True,False,0.59,0.59,0.599999999
300,84,32,298,True,False,0.539550130983,0.59,True,False,0.59,0.59,0.6
300,85,2,298,True,False,0.591285714286,0.59,False,False,0.59,0.59,0.599
300,85,8,298,True,False,0.570439149156,0.59,True,False,0.59,0.59,0.599999999
300,85,32,298,True,False,0.524618206256,0.59,True,False,0.59,0.59,0.6
300,86,2,298,True,False,0.591285714286,0.59,False,False,0.59,0.59,0.599
300,86,8,298,True,False,0.570439149156,0.59,True,False,0.59,0.59,0.599999999
300,86,32,298,True,False,0.524618206256,0.59,True,False,0.59,0.59,0.6
300,87,2,298,True,False,0.593857142857,0.59,False,False,0.59,0.59,0.599
300,87,8,298,True,False,0.579302518727,0.59,True,False,0.59,0.59,0.599999999
300,87,32,298,True,False,0.539550130983,0.59,True,False,0.59,0.59,0.6
300,88,2,298,True,False,0.591285714286,0.59,False,False,0.59,0.59,0.599
300,88,8,298,True,False,0.570439149156,0.59,True,False,0.59,0.59,0.599999999
300,88,32,298,True,False,0.524618206256,0.59,True,False,0.59,0.59,0.6
300,89,2,298,True,False,0.596428571429,0.59,False,False,0.59,0.59,0.599
300,89,8,298,True,False,0.589126818558,0.59,True,False,0.59,0.59,0.599999999
300,89,32,298,True,False,0.563100619517,0.59,True,False,0.59,0.59,0.6
300,90,2,298,True,False,0.596428571429,0.59,False,False,0.59,0.59,0.599
300,90,8,298,True,False,0.589126818558,0.59,True,False,0.59,0.59,0.599999999
300,90,32,298,True,False,0.563100619517,0.59,True,False,0.59,0.59,0.6
300,91,2,298,True,False,0.596428571429,0.59,False,False,0.59,0.59,0.599
300,91,8,298,True,False,0.589126818558,0.59,True,False,0.59,0.59,0.599999999
300,91,32,298,True,False,0.563100619517,0.59,True,False,0.59,0.59,0.6
300,92,2,298,True,False,0.593857142857,0.59,False,False,0.59,0.59,0.599
300,92,8,298,True,False,0.579302518727,0.59,True,False,0.59,0.59,0.599999999
300,92,32,298,True,False,0.539550130983,0.59,True,False,0.59,0.59,0.6
300,93,2,298,True,False,0.596428571429,0.59,False,False,0.59,0.59,0.599
300,93,8,298,True,False,0.589126818558,0.59,True,False,0.59,0.59,0.599999999
300,93,32,298,True,False,0.563100619517,0.59,True,False,0.59,0.59,0.6
300,94,2,298,True,False,0.599,0.59,False,False,0.59,0.59,0.599
300,94,8,298,True,False,0.599999999,0.59,False,False,0.59,0.59,0.599999999
300,94,32,298,True,False,0.6,0.59,False,False,0.59,0.59,0.6
300,95,2,298,True,False,0.593857142857,0.59,False,False,0.59,0.59,0.599
300,95,8,298,True,False,0.579302518727,0.59,True,False,0.59,0.59,0.599999999
300,95,32,298,True,False,0.539550130983,0.59,True,False,0.59,0.59,0.6
300,96,2,298,True,False,0.593857142857,0.59,False,False,0.59,0.59,0.599
300,96,8,298,True,False,0.579302518727,0.59,True,False,0.59,0.59,0.599999999
300,96,32,298,True,False,0.539550130983,0.59,True,False,0.59,0.59,0.6
300,97,2,298,True,False,0.591285714286,0.59,False,False,0.59,0.59,0.599
300,97,8,298,True,False,0.570439149156,0.59,True,False,0.59,0.59,0.599999999
300,97,32,298,True,False,0.524618206256,0.59,True,False,0.59,0.59,0.6
300,98,2,298,True,False,0.588714285714,0.59,True,False,0.59,0.59,0.599
300,98,8,298,True,False,0.562454993028,0.59,True,False,0.59,0.59,0.599999999
300,98,32,298,True,False,0.515214884395,0.59,True,False,0.59,0.59,0.6
300,99,2,298,True,False,0.588714285714,0.59,True,False,0.59,0.59,0.599
300,99,8,298,True,False,0.562454993028,0.59,True,False,0.59,0.59,0.599999999
300,99,32,298,True,False,0.515214884395,0.59,True,False,0.59,0.59,0.6
1000,0,2,998,True,False,0.593857142857,0.59,False,False,0.59,0.59,0.599
1000,0,8,998,True,False,0.579302518727,0.59,True,False,0.59,0.59,0.599999999
1000,0,32,998,True,False,0.539550130983,0.59,True,False,0.59,0.59,0.6
1000,1,2,998,True,False,0.599,0.59,False,False,0.59,0.59,0.599
1000,1,8,998,True,False,0.599999999,0.59,False,False,0.59,0.59,0.599999999
1000,1,32,998,True,False,0.6,0.59,False,False,0.59,0.59,0.6
1000,2,2,998,True,False,0.591285714286,0.59,False,False,0.59,0.59,0.599
1000,2,8,998,True,False,0.570439149156,0.59,True,False,0.59,0.59,0.599999999
1000,2,32,998,True,False,0.524618206256,0.59,True,False,0.59,0.59,0.6
1000,3,2,998,True,False,0.596428571429,0.59,False,False,0.59,0.59,0.599
1000,3,8,998,True,False,0.589126818558,0.59,True,False,0.59,0.59,0.599999999
1000,3,32,998,True,False,0.563100619517,0.59,True,False,0.59,0.59,0.6
1000,4,2,998,True,False,0.591285714286,0.59,False,False,0.59,0.59,0.599
1000,4,8,998,True,False,0.570439149156,0.59,True,False,0.59,0.59,0.599999999
1000,4,32,998,True,False,0.524618206256,0.59,True,False,0.59,0.59,0.6
1000,5,2,998,True,False,0.588714285714,0.59,True,False,0.59,0.59,0.599
1000,5,8,998,True,False,0.562454993028,0.59,True,False,0.59,0.59,0.599999999
1000,5,32,998,True,False,0.515214884395,0.59,True,False,0.59,0.59,0.6
1000,6,2,998,True,False,0.591285714286,0.59,False,False,0.59,0.59,0.599
1000,6,8,998,True,False,0.570439149156,0.59,True,False,0.59,0.59,0.599999999
1000,6,32,998,True,False,0.524618206256,0.59,True,False,0.59,0.59,0.6
1000,7,2,998,True,False,0.596428571429,0.59,False,False,0.59,0.59,0.599
1000,7,8,998,True,False,0.589126818558,0.59,True,False,0.59,0.59,0.599999999
1000,7,32,998,True,False,0.563100619517,0.59,True,False,0.59,0.59,0.6
1000,8,2,998,True,False,0.596428571429,0.59,False,False,0.59,0.59,0.599
1000,8,8,998,True,False,0.589126818558,0.59,True,False,0.59,0.59,0.599999999
1000,8,32,998,True,False,0.563100619517,0.59,True,False,0.59,0.59,0.6
1000,9,2,998,True,False,0.596428571429,0.59,False,False,0.59,0.59,0.599
1000,9,8,998,True,False,0.589126818558,0.59,True,False,0.59,0.59,0.599999999
1000,9,32,998,True,False,0.563100619517,0.59,True,False,0.59,0.59,0.6
1000,10,2,998,True,False,0.599,0.59,False,False,0.59,0.59,0.599
1000,10,8,998,True,False,0.599999999,0.59,False,False,0.59,0.59,0.599999999
1000,10,32,998,True,False,0.6,0.59,False,False,0.59,0.59,0.6
1000,11,2,998,True,False,0.596428571429,0.59,False,False,0.59,0.59,0.599
1000,11,8,998,True,False,0.589126818558,0.59,True,False,0.59,0.59,0.599999999
1000,11,32,998,True,False,0.563100619517,0.59,True,False,0.59,0.59,0.6
1000,12,2,998,True,False,0.599,0.59,False,False,0.59,0.59,0.599
1000,12,8,998,True,False,0.599999999,0.59,False,False,0.59,0.59,0.599999999
1000,12,32,998,True,False,0.6,0.59,False,False,0.59,0.59,0.6
1000,13,2,998,True,False,0.599,0.59,False,False,0.59,0.59,0.599
1000,13,8,998,True,False,0.599999999,0.59,False,False,0.59,0.59,0.599999999
1000,13,32,998,True,False,0.6,0.59,False,False,0.59,0.59,0.6
1000,14,2,998,True,False,0.599,0.59,False,False,0.59,0.59,0.599
1000,14,8,998,True,False,0.599999999,0.59,False,False,0.59,0.59,0.599999999
1000,14,32,998,True,False,0.6,0.59,False,False,0.59,0.59,0.6
1000,15,2,998,True,False,0.596428571429,0.59,False,False,0.59,0.59,0.599
1000,15,8,998,True,False,0.589126818558,0.59,True,False,0.59,0.59,0.599999999
1000,15,32,998,True,False,0.563100619517,0.59,True,False,0.59,0.59,0.6
1000,16,2,998,False,False,0.591285714286,0.59,False,False,0.59,0.59,0.599
1000,16,8,998,False,False,0.570439149156,0.59,True,False,0.59,0.59,0.599999999
1000,16,32,998,False,False,0.524618206256,0.59,True,False,0.59,0.59,0.6
1000,17,2,998,True,False,0.591285714286,0.59,False,False,0.59,0.59,0.599
1000,17,8,998,True,False,0.570439149156,0.59,True,False,0.59,0.59,0.599999999
1000,17,32,998,True,False,0.524618206256,0.59,True,False,0.59,0.59,0.6
1000,18,2,998,True,False,0.596428571429,0.59,False,False,0.59,0.59,0.599
1000,18,8,998,True,False,0.589126818558,0.59,True,False,0.59,0.59,0.599999999
1000,18,32,998,True,False,0.563100619517,0.59,True,False,0.59,0.59,0.6
1000,19,2,998,True,False,0.596428571429,0.59,False,False,0.59,0.59,0.599
1000,19,8,998,True,False,0.589126818558,0.59,True,False,0.59,0.59,0.599999999
1000,19,32,998,True,False,0.563100619517,0.59,True,False,0.59,0.59,0.6
1000,20,2,998,True,False,0.596428571429,0.59,False,False,0.59,0.59,0.599
1000,20,8,998,True,False,0.589126818558,0.59,True,False,0.59,0.59,0.599999999
1000,20,32,998,True,False,0.563100619517,0.59,True,False,0.59,0.59,0.6
1000,21,2,998,True,False,0.596428571429,0.59,False,False,0.59,0.59,0.599
1000,21,8,998,True,False,0.589126818558,0.59,True,False,0.59,0.59,0.599999999
1000,21,32,998,True,False,0.563100619517,0.59,True,False,0.59,0.59,0.6
1000,22,2,998,True,False,0.599,0.59,False,False,0.59,0.59,0.599
1000,22,8,998,True,False,0.599999999,0.59,False,False,0.59,0.59,0.599999999
1000,22,32,998,True,False,0.6,0.59,False,False,0.59,0.59,0.6
1000,23,2,998,True,False,0.593857142857,0.59,False,False,0.59,0.59,0.599
1000,23,8,998,True,False,0.579302518727,0.59,True,False,0.59,0.59,0.599999999
1000,23,32,998,True,False,0.539550130983,0.59,True,False,0.59,0.59,0.6
1000,24,2,998,True,False,0.596428571429,0.59,False,False,0.59,0.59,0.599
1000,24,8,998,True,False,0.589126818558,0.59,True,False,0.59,0.59,0.599999999
1000,24,32,998,True,False,0.563100619517,0.59,True,False,0.59,0.59,0.6
1000,25,2,998,True,False,0.588714285714,0.59,True,False,0.59,0.59,0.599
1000,25,8,998,True,False,0.562454993028,0.59,True,False,0.59,0.59,0.599999999
1000,25,32,998,True,False,0.515214884395,0.59,True,False,0.59,0.59,0.6
1000,26,2,998,True,False,0.596428571429,0.59,False,False,0.59,0.59,0.599
1000,26,8,998,True,False,0.589126818558,0.59,True,False,0.59,0.59,0.599999999
1000,26,32,998,True,False,0.563100619517,0.59,True,False,0.59,0.59,0.6
1000,27,2,998,True,False,0.596428571429,0.59,False,False,0.59,0.59,0.599
1000,27,8,998,True,False,0.589126818558,0.59,True,False,0.59,0.59,0.599999999
1000,27,32,998,True,False,0.563100619517,0.59,True,False,0.59,0.59,0.6
1000,28,2,998,True,False,0.599,0.59,False,False,0.59,0.59,0.599
1000,28,8,998,True,False,0.599999999,0.59,False,False,0.59,0.59,0.599999999
1000,28,32,998,True,False,0.6,0.59,False,False,0.59,0.59,0.6
1000,29,2,998,True,False,0.588714285714,0.59,True,False,0.59,0.59,0.599
1000,29,8,998,True,False,0.562454993028,0.59,True,False,0.59,0.59,0.599999999
1000,29,32,998,True,False,0.515214884395,0.59,True,False,0.59,0.59,0.6
1000,30,2,998,True,False,0.596428571429,0.59,False,False,0.59,0.59,0.599
1000,30,8,998,True,False,0.589126818558,0.59,True,False,0.59,0.59,0.599999999
1000,30,32,998,True,False,0.563100619517,0.59,True,False,0.59,0.59,0.6
1000,31,2,998,True,False,0.588714285714,0.59,True,False,0.59,0.59,0.599
1000,31,8,998,True,False,0.562454993028,0.59,True,False,0.59,0.59,0.599999999
1000,31,32,998,True,False,0.515214884395,0.59,True,False,0.59,0.59,0.6
1000,32,2,998,True,False,0.593857142857,0.59,False,False,0.59,0.59,0.599
1000,32,8,998,True,False,0.579302518727,0.59,True,False,0.59,0.59,0.599999999
1000,32,32,998,True,False,0.539550130983,0.59,True,False,0.59,0.59,0.6
1000,33,2,998,True,False,0.596428571429,0.59,False,False,0.59,0.59,0.599
1000,33,8,998,True,False,0.589126818558,0.59,True,False,0.59,0.59,0.599999999
1000,33,32,998,True,False,0.563100619517,0.59,True,False,0.59,0.59,0.6
1000,34,2,998,True,False,0.596428571429,0.59,False,False,0.59,0.59,0.599
1000,34,8,998,True,False,0.589126818558,0.59,True,False,0.59,0.59,0.599999999
1000,34,32,998,True,False,0.563100619517,0.59,True,False,0.59,0.59,0.6
1000,35,2,998,True,False,0.596428571429,0.59,False,False,0.59,0.59,0.599
1000,35,8,998,True,False,0.589126818558,0.59,True,False,0.59,0.59,0.599999999
1000,35,32,998,True,False,0.563100619517,0.59,True,False,0.59,0.59,0.6
1000,36,2,998,True,False,0.596428571429,0.59,False,False,0.59,0.59,0.599
1000,36,8,998,True,False,0.589126818558,0.59,True,False,0.59,0.59,0.599999999
1000,36,32,998,True,False,0.563100619517,0.59,True,False,0.59,0.59,0.6
1000,37,2,998,True,False,0.596428571429,0.59,False,False,0.59,0.59,0.599
1000,37,8,998,True,False,0.589126818558,0.59,True,False,0.59,0.59,0.599999999
1000,37,32,998,True,False,0.563100619517,0.59,True,False,0.59,0.59,0.6
1000,38,2,998,True,False,0.596428571429,0.59,False,False,0.59,0.59,0.599
1000,38,8,998,True,False,0.589126818558,0.59,True,False,0.59,0.59,0.599999999
1000,38,32,998,True,False,0.563100619517,0.59,True,False,0.59,0.59,0.6
1000,39,2,998,True,False,0.599,0.59,False,False,0.59,0.59,0.599
1000,39,8,998,True,False,0.599999999,0.59,False,False,0.59,0.59,0.599999999
1000,39,32,998,True,False,0.6,0.59,False,False,0.59,0.59,0.6
1000,40,2,998,True,False,0.596428571429,0.59,False,False,0.59,0.59,0.599
1000,40,8,998,True,False,0.589126818558,0.59,True,False,0.59,0.59,0.599999999
1000,40,32,998,True,False,0.563100619517,0.59,True,False,0.59,0.59,0.6
1000,41,2,998,True,False,0.593857142857,0.59,False,False,0.59,0.59,0.599
1000,41,8,998,True,False,0.579302518727,0.59,True,False,0.59,0.59,0.599999999
1000,41,32,998,True,False,0.539550130983,0.59,True,False,0.59,0.59,0.6
1000,42,2,998,True,False,0.596428571429,0.59,False,False,0.59,0.59,0.599
1000,42,8,998,True,False,0.589126818558,0.59,True,False,0.59,0.59,0.599999999
1000,42,32,998,True,False,0.563100619517,0.59,True,False,0.59,0.59,0.6
1000,43,2,998,True,False,0.591285714286,0.59,False,False,0.59,0.59,0.599
1000,43,8,998,True,False,0.570439149156,0.59,True,False,0.59,0.59,0.599999999
1000,43,32,998,True,False,0.524618206256,0.59,True,False,0.59,0.59,0.6
1000,44,2,998,True,False,0.591285714286,0.59,False,False,0.59,0.59,0.599
1000,44,8,998,True,False,0.570439149156,0.59,True,False,0.59,0.59,0.599999999
1000,44,32,998,True,False,0.524618206256,0.59,True,False,0.59,0.59,0.6
1000,45,2,998,True,False,0.593857142857,0.59,False,False,0.59,0.59,0.599
1000,45,8,998,True,False,0.579302518727,0.59,True,False,0.59,0.59,0.599999999
1000,45,32,998,True,False,0.539550130983,0.59,True,False,0.59,0.59,0.6
1000,46,2,998,True,False,0.593857142857,0.59,False,False,0.59,0.59,0.599
1000,46,8,998,True,False,0.579302518727,0.59,True,False,0.59,0.59,0.599999999
1000,46,32,998,True,False,0.539550130983,0.59,True,False,0.59,0.59,0.6
1000,47,2,998,True,False,0.588714285714,0.59,True,False,0.59,0.59,0.599
1000,47,8,998,True,False,0.562454993028,0.59,True,False,0.59,0.59,0.599999999
1000,47,32,998,True,False,0.515214884395,0.59,True,False,0.59,0.59,0.6
1000,48,2,998,True,False,0.591285714286,0.59,False,False,0.59,0.59,0.599
1000,48,8,998,True,False,0.570439149156,0.59,True,False,0.59,0.59,0.599999999
1000,48,32,998,True,False,0.524618206256,0.59,True,False,0.59,0.59,0.6
1000,49,2,998,True,False,0.599,0.59,False,False,0.59,0.59,0.599
1000,49,8,998,True,False,0.599999999,0.59,False,False,0.59,0.59,0.599999999
1000,49,32,998,True,False,0.6,0.59,False,False,0.59,0.59,0.6
1000,50,2,998,True,False,0.599,0.59,False,False,0.59,0.59,0.599
1000,50,8,998,True,False,0.599999999,0.59,False,False,0.59,0.59,0.599999999
1000,50,32,998,True,False,0.6,0.59,False,False,0.59,0.59,0.6
1000,51,2,998,True,False,0.586142857143,0.59,True,False,0.59,0.59,0.599
1000,51,8,998,True,False,0.555274208579,0.59,True,False,0.59,0.59,0.599999999
1000,51,32,998,True,False,0.509334480056,0.59,True,False,0.59,0.59,0.6
1000,52,2,998,True,False,0.596428571429,0.59,False,False,0.59,0.59,0.599
1000,52,8,998,True,False,0.589126818558,0.59,True,False,0.59,0.59,0.599999999
1000,52,32,998,True,False,0.563100619517,0.59,True,False,0.59,0.59,0.6
1000,53,2,998,True,False,0.593857142857,0.59,False,False,0.59,0.59,0.599
1000,53,8,998,True,False,0.579302518727,0.59,True,False,0.59,0.59,0.599999999
1000,53,32,998,True,False,0.539550130983,0.59,True,False,0.59,0.59,0.6
1000,54,2,998,True,False,0.596428571429,0.59,False,False,0.59,0.59,0.599
1000,54,8,998,True,False,0.589126818558,0.59,True,False,0.59,0.59,0.599999999
1000,54,32,998,True,False,0.563100619517,0.59,True,False,0.59,0.59,0.6
1000,55,2,998,True,False,0.591285714286,0.59,False,False,0.59,0.59,0.599
1000,55,8,998,True,False,0.570439149156,0.59,True,False,0.59,0.59,0.599999999
1000,55,32,998,True,False,0.524618206256,0.59,True,False,0.59,0.59,0.6
1000,56,2,998,True,False,0.596428571429,0.59,False,False,0.59,0.59,0.599
1000,56,8,998,True,False,0.589126818558,0.59,True,False,0.59,0.59,0.599999999
1000,56,32,998,True,False,0.563100619517,0.59,True,False,0.59,0.59,0.6
1000,57,2,998,True,False,0.593857142857,0.59,False,False,0.59,0.59,0.599
1000,57,8,998,True,False,0.579302518727,0.59,True,False,0.59,0.59,0.599999999
1000,57,32,998,True,False,0.539550130983,0.59,True,False,0.59,0.59,0.6
1000,58,2,998,True,False,0.596428571429,0.59,False,False,0.59,0.59,0.599
1000,58,8,998,True,False,0.589126818558,0.59,True,False,0.59,0.59,0.599999999
1000,58,32,998,True,False,0.563100619517,0.59,True,False,0.59,0.59,0.6
1000,59,2,998,True,False,0.593857142857,0.59,False,False,0.59,0.59,0.599
1000,59,8,998,True,False,0.579302518727,0.59,True,False,0.59,0.59,0.599999999
1000,59,32,998,True,False,0.539550130983,0.59,True,False,0.59,0.59,0.6
1000,60,2,998,True,False,0.591285714286,0.59,False,False,0.59,0.59,0.599
1000,60,8,998,True,False,0.570439149156,0.59,True,False,0.59,0.59,0.599999999
1000,60,32,998,True,False,0.524618206256,0.59,True,False,0.59,0.59,0.6
1000,61,2,998,True,False,0.593857142857,0.59,False,False,0.59,0.59,0.599
1000,61,8,998,True,False,0.579302518727,0.59,True,False,0.59,0.59,0.599999999
1000,61,32,998,True,False,0.539550130983,0.59,True,False,0.59,0.59,0.6
1000,62,2,998,True,False,0.599,0.59,False,False,0.59,0.59,0.599
1000,62,8,998,True,False,0.599999999,0.59,False,False,0.59,0.59,0.599999999
1000,62,32,998,True,False,0.6,0.59,False,False,0.59,0.59,0.6
1000,63,2,998,True,False,0.599,0.59,False,False,0.59,0.59,0.599
1000,63,8,998,True,False,0.599999999,0.59,False,False,0.59,0.59,0.599999999
1000,63,32,998,True,False,0.6,0.59,False,False,0.59,0.59,0.6
1000,64,2,998,True,False,0.593857142857,0.59,False,False,0.59,0.59,0.599
1000,64,8,998,True,False,0.579302518727,0.59,True,False,0.59,0.59,0.599999999
1000,64,32,998,True,False,0.539550130983,0.59,True,False,0.59,0.59,0.6
1000,65,2,998,True,False,0.596428571429,0.59,False,False,0.59,0.59,0.599
1000,65,8,998,True,False,0.589126818558,0.59,True,False,0.59,0.59,0.599999999
1000,65,32,998,True,False,0.563100619517,0.59,True,False,0.59,0.59,0.6
1000,66,2,998,True,False,0.593857142857,0.59,False,False,0.59,0.59,0.599
1000,66,8,998,True,False,0.579302518727,0.59,True,False,0.59,0.59,0.599999999
1000,66,32,998,True,False,0.539550130983,0.59,True,False,0.59,0.59,0.6
1000,67,2,998,True,False,0.596428571429,0.59,False,False,0.59,0.59,0.599
1000,67,8,998,True,False,0.589126818558,0.59,True,False,0.59,0.59,0.599999999
1000,67,32,998,True,False,0.563100619517,0.59,True,False,0.59,0.59,0.6
1000,68,2,998,True,False,0.593857142857,0.59,False,False,0.59,0.59,0.599
1000,68,8,998,True,False,0.579302518727,0.59,True,False,0.59,0.59,0.599999999
1000,68,32,998,True,False,0.539550130983,0.59,True,False,0.59,0.59,0.6
1000,69,2,998,True,False,0.599,0.59,False,False,0.59,0.59,0.599
1000,69,8,998,True,False,0.599999999,0.59,False,False,0.59,0.59,0.599999999
1000,69,32,998,True,False,0.6,0.59,False,False,0.59,0.59,0.6
1000,70,2,998,True,False,0.599,0.59,False,False,0.59,0.59,0.599
1000,70,8,998,True,False,0.599999999,0.59,False,False,0.59,0.59,0.599999999
1000,70,32,998,True,False,0.6,0.59,False,False,0.59,0.59,0.6
1000,71,2,998,True,False,0.596428571429,0.59,False,False,0.59,0.59,0.599
1000,71,8,998,True,False,0.589126818558,0.59,True,False,0.59,0.59,0.599999999
1000,71,32,998,True,False,0.563100619517,0.59,True,False,0.59,0.59,0.6
1000,72,2,998,True,False,0.596428571429,0.59,False,False,0.59,0.59,0.599
1000,72,8,998,True,False,0.589126818558,0.59,True,False,0.59,0.59,0.599999999
1000,72,32,998,True,False,0.563100619517,0.59,True,False,0.59,0.59,0.6
1000,73,2,998,True,False,0.596428571429,0.59,False,False,0.59,0.59,0.599
1000,73,8,998,True,False,0.589126818558,0.59,True,False,0.59,0.59,0.599999999
1000,73,32,998,True,False,0.563100619517,0.59,True,False,0.59,0.59,0.6
1000,74,2,998,True,False,0.593857142857,0.59,False,False,0.59,0.59,0.599
1000,74,8,998,True,False,0.579302518727,0.59,True,False,0.59,0.59,0.599999999
1000,74,32,998,True,False,0.539550130983,0.59,True,False,0.59,0.59,0.6
1000,75,2,998,True,False,0.599,0.59,False,False,0.59,0.59,0.599
1000,75,8,998,True,False,0.599999999,0.59,False,False,0.59,0.59,0.599999999
1000,75,32,998,True,False,0.6,0.59,False,False,0.59,0.59,0.6
1000,76,2,998,True,False,0.596428571429,0.59,False,False,0.59,0.59,0.599
1000,76,8,998,True,False,0.589126818558,0.59,True,False,0.59,0.59,0.599999999
1000,76,32,998,True,False,0.563100619517,0.59,True,False,0.59,0.59,0.6
1000,77,2,998,True,False,0.596428571429,0.59,False,False,0.59,0.59,0.599
1000,77,8,998,True,False,0.589126818558,0.59,True,False,0.59,0.59,0.599999999
1000,77,32,998,True,False,0.563100619517,0.59,True,False,0.59,0.59,0.6
1000,78,2,998,True,False,0.593857142857,0.59,False,False,0.59,0.59,0.599
1000,78,8,998,True,False,0.579302518727,0.59,True,False,0.59,0.59,0.599999999
1000,78,32,998,True,False,0.539550130983,0.59,True,False,0.59,0.59,0.6
1000,79,2,998,True,False,0.593857142857,0.59,False,False,0.59,0.59,0.599
1000,79,8,998,True,False,0.579302518727,0.59,True,False,0.59,0.59,0.599999999
1000,79,32,998,True,False,0.539550130983,0.59,True,False,0.59,0.59,0.6
1000,80,2,998,True,False,0.591285714286,0.59,False,False,0.59,0.59,0.599
1000,80,8,998,True,False,0.570439149156,0.59,True,False,0.59,0.59,0.599999999
1000,80,32,998,True,False,0.524618206256,0.59,True,False,0.59,0.59,0.6
1000,81,2,998,True,False,0.596428571429,0.59,False,False,0.59,0.59,0.599
1000,81,8,998,True,False,0.589126818558,0.59,True,False,0.59,0.59,0.599999999
1000,81,32,998,True,False,0.563100619517,0.59,True,False,0.59,0.59,0.6
1000,82,2,998,True,False,0.591285714286,0.59,False,False,0.59,0.59,0.599
1000,82,8,998,True,False,0.570439149156,0.59,True,False,0.59,0.59,0.599999999
1000,82,32,998,True,False,0.524618206256,0.59,True,False,0.59,0.59,0.6
1000,83,2,998,True,False,0.599,0.59,False,False,0.59,0.59,0.599
1000,83,8,998,True,False,0.599999999,0.59,False,False,0.59,0.59,0.599999999
1000,83,32,998,True,False,0.6,0.59,False,False,0.59,0.59,0.6
1000,84,2,998,True,False,0.599,0.59,False,False,0.59,0.59,0.599
1000,84,8,998,True,False,0.599999999,0.59,False,False,0.59,0.59,0.599999999
1000,84,32,998,True,False,0.6,0.59,False,False,0.59,0.59,0.6
1000,85,2,998,True,False,0.591285714286,0.59,False,False,0.59,0.59,0.599
1000,85,8,998,True,False,0.570439149156,0.59,True,False,0.59,0.59,0.599999999
1000,85,32,998,True,False,0.524618206256,0.59,True,False,0.59,0.59,0.6
1000,86,2,998,True,False,0.593857142857,0.59,False,False,0.59,0.59,0.599
1000,86,8,998,True,False,0.579302518727,0.59,True,False,0.59,0.59,0.599999999
1000,86,32,998,True,False,0.539550130983,0.59,True,False,0.59,0.59,0.6
1000,87,2,998,True,False,0.596428571429,0.59,False,False,0.59,0.59,0.599
1000,87,8,998,True,False,0.589126818558,0.59,True,False,0.59,0.59,0.599999999
1000,87,32,998,True,False,0.563100619517,0.59,True,False,0.59,0.59,0.6
1000,88,2,998,True,False,0.593857142857,0.59,False,False,0.59,0.59,0.599
1000,88,8,998,True,False,0.579302518727,0.59,True,False,0.59,0.59,0.599999999
1000,88,32,998,True,False,0.539550130983,0.59,True,False,0.59,0.59,0.6
1000,89,2,998,True,False,0.596428571429,0.59,False,False,0.59,0.59,0.599
1000,89,8,998,True,False,0.589126818558,0.59,True,False,0.59,0.59,0.599999999
1000,89,32,998,True,False,0.563100619517,0.59,True,False,0.59,0.59,0.6
1000,90,2,998,True,False,0.596428571429,0.59,False,False,0.59,0.59,0.599
1000,90,8,998,True,False,0.589126818558,0.59,True,False,0.59,0.59,0.599999999
1000,90,32,998,True,False,0.563100619517,0.59,True,False,0.59,0.59,0.6
1000,91,2,998,True,False,0.596428571429,0.59,False,False,0.59,0.59,0.599
1000,91,8,998,True,False,0.589126818558,0.59,True,False,0.59,0.59,0.599999999
1000,91,32,998,True,False,0.563100619517,0.59,True,False,0.59,0.59,0.6
1000,92,2,998,True,False,0.596428571429,0.59,False,False,0.59,0.59,0.599
1000,92,8,998,True,False,0.589126818558,0.59,True,False,0.59,0.59,0.599999999
1000,92,32,998,True,False,0.563100619517,0.59,True,False,0.59,0.59,0.6
1000,93,2,998,True,False,0.596428571429,0.59,False,False,0.59,0.59,0.599
1000,93,8,998,True,False,0.589126818558,0.59,True,False,0.59,0.59,0.599999999
1000,93,32,998,True,False,0.563100619517,0.59,True,False,0.59,0.59,0.6
1000,94,2,998,True,False,0.599,0.59,False,False,0.59,0.59,0.599
1000,94,8,998,True,False,0.599999999,0.59,False,False,0.59,0.59,0.599999999
1000,94,32,998,True,False,0.6,0.59,False,False,0.59,0.59,0.6
1000,95,2,998,True,False,0.596428571429,0.59,False,False,0.59,0.59,0.599
1000,95,8,998,True,False,0.589126818558,0.59,True,False,0.59,0.59,0.599999999
1000,95,32,998,True,False,0.563100619517,0.59,True,False,0.59,0.59,0.6
1000,96,2,998,True,False,0.593857142857,0.59,False,False,0.59,0.59,0.599
1000,96,8,998,True,False,0.579302518727,0.59,True,False,0.59,0.59,0.599999999
1000,96,32,998,True,False,0.539550130983,0.59,True,False,0.59,0.59,0.6
1000,97,2,998,True,False,0.591285714286,0.59,False,False,0.59,0.59,0.599
1000,97,8,998,True,False,0.570439149156,0.59,True,False,0.59,0.59,0.599999999
1000,97,32,998,True,False,0.524618206256,0.59,True,False,0.59,0.59,0.6
1000,98,2,998,True,False,0.591285714286,0.59,False,False,0.59,0.59,0.599
1000,98,8,998,True,False,0.570439149156,0.59,True,False,0.59,0.59,0.599999999
1000,98,32,998,True,False,0.524618206256,0.59,True,False,0.59,0.59,0.6
1000,99,2,998,True,False,0.591285714286,0.59,False,False,0.59,0.59,0.599
1000,99,8,998,True,False,0.570439149156,0.59,True,False,0.59,0.59,0.599999999
1000,99,32,998,True,False,0.524618206256,0.59,True,False,0.59,0.59,0.6
10000,0,2,9994,True,False,0.599,0.59,False,False,0.59,0.59,0.599
10000,0,8,9994,True,False,0.599999999,0.59,False,False,0.59,0.59,0.599999999
10000,0,32,9994,True,False,0.6,0.59,False,False,0.59,0.59,0.6
10000,1,2,9994,True,False,0.599,0.59,False,False,0.59,0.59,0.599
10000,1,8,9994,True,False,0.599999999,0.59,False,False,0.59,0.59,0.599999999
10000,1,32,9994,True,False,0.6,0.59,False,False,0.59,0.59,0.6
10000,2,2,9994,True,False,0.599,0.59,False,False,0.59,0.59,0.599
10000,2,8,9994,True,False,0.599999999,0.59,False,False,0.59,0.59,0.599999999
10000,2,32,9994,True,False,0.6,0.59,False,False,0.59,0.59,0.6
10000,3,2,9994,True,False,0.599,0.59,False,False,0.59,0.59,0.599
10000,3,8,9994,True,False,0.599999999,0.59,False,False,0.59,0.59,0.599999999
10000,3,32,9994,True,False,0.6,0.59,False,False,0.59,0.59,0.6
10000,4,2,9994,True,False,0.599,0.59,False,False,0.59,0.59,0.599
10000,4,8,9994,True,False,0.599999999,0.59,False,False,0.59,0.59,0.599999999
10000,4,32,9994,True,False,0.6,0.59,False,False,0.59,0.59,0.6
10000,5,2,9994,True,False,0.599,0.59,False,False,0.59,0.59,0.599
10000,5,8,9994,True,False,0.599999999,0.59,False,False,0.59,0.59,0.599999999
10000,5,32,9994,True,False,0.6,0.59,False,False,0.59,0.59,0.6
10000,6,2,9994,True,False,0.599,0.59,False,False,0.59,0.59,0.599
10000,6,8,9994,True,False,0.599999999,0.59,False,False,0.59,0.59,0.599999999
10000,6,32,9994,True,False,0.6,0.59,False,False,0.59,0.59,0.6
10000,7,2,9994,True,False,0.599,0.59,False,False,0.59,0.59,0.599
10000,7,8,9994,True,False,0.599999999,0.59,False,False,0.59,0.59,0.599999999
10000,7,32,9994,True,False,0.6,0.59,False,False,0.59,0.59,0.6
10000,8,2,9994,True,False,0.599,0.59,False,False,0.59,0.59,0.599
10000,8,8,9994,True,False,0.599999999,0.59,False,False,0.59,0.59,0.599999999
10000,8,32,9994,True,False,0.6,0.59,False,False,0.59,0.59,0.6
10000,9,2,9994,True,False,0.596428571429,0.59,False,False,0.59,0.59,0.599
10000,9,8,9994,True,False,0.589126818558,0.59,True,False,0.59,0.59,0.599999999
10000,9,32,9994,True,False,0.563100619517,0.59,True,False,0.59,0.59,0.6
10000,10,2,9994,True,False,0.599,0.59,False,False,0.59,0.59,0.599
10000,10,8,9994,True,False,0.599999999,0.59,False,False,0.59,0.59,0.599999999
10000,10,32,9994,True,False,0.6,0.59,False,False,0.59,0.59,0.6
10000,11,2,9994,True,False,0.599,0.59,False,False,0.59,0.59,0.599
10000,11,8,9994,True,False,0.599999999,0.59,False,False,0.59,0.59,0.599999999
10000,11,32,9994,True,False,0.6,0.59,False,False,0.59,0.59,0.6
10000,12,2,9994,True,False,0.599,0.59,False,False,0.59,0.59,0.599
10000,12,8,9994,True,False,0.599999999,0.59,False,False,0.59,0.59,0.599999999
10000,12,32,9994,True,False,0.6,0.59,False,False,0.59,0.59,0.6
10000,13,2,9994,True,False,0.599,0.59,False,False,0.59,0.59,0.599
10000,13,8,9994,True,False,0.599999999,0.59,False,False,0.59,0.59,0.599999999
10000,13,32,9994,True,False,0.6,0.59,False,False,0.59,0.59,0.6
10000,14,2,9994,True,False,0.599,0.59,False,False,0.59,0.59,0.599
10000,14,8,9994,True,False,0.599999999,0.59,False,False,0.59,0.59,0.599999999
10000,14,32,9994,True,False,0.6,0.59,False,False,0.59,0.59,0.6
10000,15,2,9994,True,False,0.599,0.59,False,False,0.59,0.59,0.599
10000,15,8,9994,True,False,0.599999999,0.59,False,False,0.59,0.59,0.599999999
10000,15,32,9994,True,False,0.6,0.59,False,False,0.59,0.59,0.6
10000,16,2,9994,True,False,0.596428571429,0.59,False,False,0.59,0.59,0.599
10000,16,8,9994,True,False,0.589126818558,0.59,True,False,0.59,0.59,0.599999999
10000,16,32,9994,True,False,0.563100619517,0.59,True,False,0.59,0.59,0.6
10000,17,2,9994,True,False,0.599,0.59,False,False,0.59,0.59,0.599
10000,17,8,9994,True,False,0.599999999,0.59,False,False,0.59,0.59,0.599999999
10000,17,32,9994,True,False,0.6,0.59,False,False,0.59,0.59,0.6
10000,18,2,9994,True,False,0.599,0.59,False,False,0.59,0.59,0.599
10000,18,8,9994,True,False,0.599999999,0.59,False,False,0.59,0.59,0.599999999
10000,18,32,9994,True,False,0.6,0.59,False,False,0.59,0.59,0.6
10000,19,2,9994,True,False,0.599,0.59,False,False,0.59,0.59,0.599
10000,19,8,9994,True,False,0.599999999,0.59,False,False,0.59,0.59,0.599999999
10000,19,32,9994,True,False,0.6,0.59,False,False,0.59,0.59,0.6
10000,20,2,9994,True,False,0.599,0.59,False,False,0.59,0.59,0.599
10000,20,8,9994,True,False,0.599999999,0.59,False,False,0.59,0.59,0.599999999
10000,20,32,9994,True,False,0.6,0.59,False,False,0.59,0.59,0.6
10000,21,2,9994,True,False,0.599,0.59,False,False,0.59,0.59,0.599
10000,21,8,9994,True,False,0.599999999,0.59,False,False,0.59,0.59,0.599999999
10000,21,32,9994,True,False,0.6,0.59,False,False,0.59,0.59,0.6
10000,22,2,9994,True,False,0.599,0.59,False,False,0.59,0.59,0.599
10000,22,8,9994,True,False,0.599999999,0.59,False,False,0.59,0.59,0.599999999
10000,22,32,9994,True,False,0.6,0.59,False,False,0.59,0.59,0.6
10000,23,2,9994,True,False,0.599,0.59,False,False,0.59,0.59,0.599
10000,23,8,9994,True,False,0.599999999,0.59,False,False,0.59,0.59,0.599999999
10000,23,32,9994,True,False,0.6,0.59,False,False,0.59,0.59,0.6
10000,24,2,9994,True,False,0.599,0.59,False,False,0.59,0.59,0.599
10000,24,8,9994,True,False,0.599999999,0.59,False,False,0.59,0.59,0.599999999
10000,24,32,9994,True,False,0.6,0.59,False,False,0.59,0.59,0.6
10000,25,2,9994,True,False,0.599,0.59,False,False,0.59,0.59,0.599
10000,25,8,9994,True,False,0.599999999,0.59,False,False,0.59,0.59,0.599999999
10000,25,32,9994,True,False,0.6,0.59,False,False,0.59,0.59,0.6
10000,26,2,9994,True,False,0.599,0.59,False,False,0.59,0.59,0.599
10000,26,8,9994,True,False,0.599999999,0.59,False,False,0.59,0.59,0.599999999
10000,26,32,9994,True,False,0.6,0.59,False,False,0.59,0.59,0.6
10000,27,2,9994,True,False,0.599,0.59,False,False,0.59,0.59,0.599
10000,27,8,9994,True,False,0.599999999,0.59,False,False,0.59,0.59,0.599999999
10000,27,32,9994,True,False,0.6,0.59,False,False,0.59,0.59,0.6
10000,28,2,9994,True,False,0.599,0.59,False,False,0.59,0.59,0.599
10000,28,8,9994,True,False,0.599999999,0.59,False,False,0.59,0.59,0.599999999
10000,28,32,9994,True,False,0.6,0.59,False,False,0.59,0.59,0.6
10000,29,2,9994,True,False,0.599,0.59,False,False,0.59,0.59,0.599
10000,29,8,9994,True,False,0.599999999,0.59,False,False,0.59,0.59,0.599999999
10000,29,32,9994,True,False,0.6,0.59,False,False,0.59,0.59,0.6
10000,30,2,9994,True,False,0.599,0.59,False,False,0.59,0.59,0.599
10000,30,8,9994,True,False,0.599999999,0.59,False,False,0.59,0.59,0.599999999
10000,30,32,9994,True,False,0.6,0.59,False,False,0.59,0.59,0.6
10000,31,2,9994,True,False,0.599,0.59,False,False,0.59,0.59,0.599
10000,31,8,9994,True,False,0.599999999,0.59,False,False,0.59,0.59,0.599999999
10000,31,32,9994,True,False,0.6,0.59,False,False,0.59,0.59,0.6
10000,32,2,9994,True,False,0.599,0.59,False,False,0.59,0.59,0.599
10000,32,8,9994,True,False,0.599999999,0.59,False,False,0.59,0.59,0.599999999
10000,32,32,9994,True,False,0.6,0.59,False,False,0.59,0.59,0.6
10000,33,2,9994,True,False,0.599,0.59,False,False,0.59,0.59,0.599
10000,33,8,9994,True,False,0.599999999,0.59,False,False,0.59,0.59,0.599999999
10000,33,32,9994,True,False,0.6,0.59,False,False,0.59,0.59,0.6
10000,34,2,9994,True,False,0.599,0.59,False,False,0.59,0.59,0.599
10000,34,8,9994,True,False,0.599999999,0.59,False,False,0.59,0.59,0.599999999
10000,34,32,9994,True,False,0.6,0.59,False,False,0.59,0.59,0.6
10000,35,2,9994,True,False,0.599,0.59,False,False,0.59,0.59,0.599
10000,35,8,9994,True,False,0.599999999,0.59,False,False,0.59,0.59,0.599999999
10000,35,32,9994,True,False,0.6,0.59,False,False,0.59,0.59,0.6
10000,36,2,9994,True,False,0.599,0.59,False,False,0.59,0.59,0.599
10000,36,8,9994,True,False,0.599999999,0.59,False,False,0.59,0.59,0.599999999
10000,36,32,9994,True,False,0.6,0.59,False,False,0.59,0.59,0.6
10000,37,2,9994,True,False,0.599,0.59,False,False,0.59,0.59,0.599
10000,37,8,9994,True,False,0.599999999,0.59,False,False,0.59,0.59,0.599999999
10000,37,32,9994,True,False,0.6,0.59,False,False,0.59,0.59,0.6
10000,38,2,9994,True,False,0.599,0.59,False,False,0.59,0.59,0.599
10000,38,8,9994,True,False,0.599999999,0.59,False,False,0.59,0.59,0.599999999
10000,38,32,9994,True,False,0.6,0.59,False,False,0.59,0.59,0.6
10000,39,2,9994,True,False,0.599,0.59,False,False,0.59,0.59,0.599
10000,39,8,9994,True,False,0.599999999,0.59,False,False,0.59,0.59,0.599999999
10000,39,32,9994,True,False,0.6,0.59,False,False,0.59,0.59,0.6
10000,40,2,9994,True,False,0.599,0.59,False,False,0.59,0.59,0.599
10000,40,8,9994,True,False,0.599999999,0.59,False,False,0.59,0.59,0.599999999
10000,40,32,9994,True,False,0.6,0.59,False,False,0.59,0.59,0.6
10000,41,2,9994,True,False,0.599,0.59,False,False,0.59,0.59,0.599
10000,41,8,9994,True,False,0.599999999,0.59,False,False,0.59,0.59,0.599999999
10000,41,32,9994,True,False,0.6,0.59,False,False,0.59,0.59,0.6
10000,42,2,9994,True,False,0.599,0.59,False,False,0.59,0.59,0.599
10000,42,8,9994,True,False,0.599999999,0.59,False,False,0.59,0.59,0.599999999
10000,42,32,9994,True,False,0.6,0.59,False,False,0.59,0.59,0.6
10000,43,2,9994,True,False,0.599,0.59,False,False,0.59,0.59,0.599
10000,43,8,9994,True,False,0.599999999,0.59,False,False,0.59,0.59,0.599999999
10000,43,32,9994,True,False,0.6,0.59,False,False,0.59,0.59,0.6
10000,44,2,9994,True,False,0.599,0.59,False,False,0.59,0.59,0.599
10000,44,8,9994,True,False,0.599999999,0.59,False,False,0.59,0.59,0.599999999
10000,44,32,9994,True,False,0.6,0.59,False,False,0.59,0.59,0.6
10000,45,2,9994,True,False,0.599,0.59,False,False,0.59,0.59,0.599
10000,45,8,9994,True,False,0.599999999,0.59,False,False,0.59,0.59,0.599999999
10000,45,32,9994,True,False,0.6,0.59,False,False,0.59,0.59,0.6
10000,46,2,9994,True,False,0.599,0.59,False,False,0.59,0.59,0.599
10000,46,8,9994,True,False,0.599999999,0.59,False,False,0.59,0.59,0.599999999
10000,46,32,9994,True,False,0.6,0.59,False,False,0.59,0.59,0.6
10000,47,2,9994,True,False,0.599,0.59,False,False,0.59,0.59,0.599
10000,47,8,9994,True,False,0.599999999,0.59,False,False,0.59,0.59,0.599999999
10000,47,32,9994,True,False,0.6,0.59,False,False,0.59,0.59,0.6
10000,48,2,9994,True,False,0.599,0.59,False,False,0.59,0.59,0.599
10000,48,8,9994,True,False,0.599999999,0.59,False,False,0.59,0.59,0.599999999
10000,48,32,9994,True,False,0.6,0.59,False,False,0.59,0.59,0.6
10000,49,2,9994,True,False,0.599,0.59,False,False,0.59,0.59,0.599
10000,49,8,9994,True,False,0.599999999,0.59,False,False,0.59,0.59,0.599999999
10000,49,32,9994,True,False,0.6,0.59,False,False,0.59,0.59,0.6
10000,50,2,9994,True,False,0.599,0.59,False,False,0.59,0.59,0.599
10000,50,8,9994,True,False,0.599999999,0.59,False,False,0.59,0.59,0.599999999
10000,50,32,9994,True,False,0.6,0.59,False,False,0.59,0.59,0.6
10000,51,2,9994,True,False,0.599,0.59,False,False,0.59,0.59,0.599
10000,51,8,9994,True,False,0.599999999,0.59,False,False,0.59,0.59,0.599999999
10000,51,32,9994,True,False,0.6,0.59,False,False,0.59,0.59,0.6
10000,52,2,9994,True,False,0.599,0.59,False,False,0.59,0.59,0.599
10000,52,8,9994,True,False,0.599999999,0.59,False,False,0.59,0.59,0.599999999
10000,52,32,9994,True,False,0.6,0.59,False,False,0.59,0.59,0.6
10000,53,2,9994,True,False,0.599,0.59,False,False,0.59,0.59,0.599
10000,53,8,9994,True,False,0.599999999,0.59,False,False,0.59,0.59,0.599999999
10000,53,32,9994,True,False,0.6,0.59,False,False,0.59,0.59,0.6
10000,54,2,9994,True,False,0.596428571429,0.59,False,False,0.59,0.59,0.599
10000,54,8,9994,True,False,0.589126818558,0.59,True,False,0.59,0.59,0.599999999
10000,54,32,9994,True,False,0.563100619517,0.59,True,False,0.59,0.59,0.6
10000,55,2,9994,True,False,0.599,0.59,False,False,0.59,0.59,0.599
10000,55,8,9994,True,False,0.599999999,0.59,False,False,0.59,0.59,0.599999999
10000,55,32,9994,True,False,0.6,0.59,False,False,0.59,0.59,0.6
10000,56,2,9994,True,False,0.599,0.59,False,False,0.59,0.59,0.599
10000,56,8,9994,True,False,0.599999999,0.59,False,False,0.59,0.59,0.599999999
10000,56,32,9994,True,False,0.6,0.59,False,False,0.59,0.59,0.6
10000,57,2,9994,True,False,0.599,0.59,False,False,0.59,0.59,0.599
10000,57,8,9994,True,False,0.599999999,0.59,False,False,0.59,0.59,0.599999999
10000,57,32,9994,True,False,0.6,0.59,False,False,0.59,0.59,0.6
10000,58,2,9994,True,False,0.599,0.59,False,False,0.59,0.59,0.599
10000,58,8,9994,True,False,0.599999999,0.59,False,False,0.59,0.59,0.599999999
10000,58,32,9994,True,False,0.6,0.59,False,False,0.59,0.59,0.6
10000,59,2,9994,True,False,0.599,0.59,False,False,0.59,0.59,0.599
10000,59,8,9994,True,False,0.599999999,0.59,False,False,0.59,0.59,0.599999999
10000,59,32,9994,True,False,0.6,0.59,False,False,0.59,0.59,0.6
10000,60,2,9994,True,False,0.599,0.59,False,False,0.59,0.59,0.599
10000,60,8,9994,True,False,0.599999999,0.59,False,False,0.59,0.59,0.599999999
10000,60,32,9994,True,False,0.6,0.59,False,False,0.59,0.59,0.6
10000,61,2,9994,True,False,0.599,0.59,False,False,0.59,0.59,0.599
10000,61,8,9994,True,False,0.599999999,0.59,False,False,0.59,0.59,0.599999999
10000,61,32,9994,True,False,0.6,0.59,False,False,0.59,0.59,0.6
10000,62,2,9994,True,False,0.599,0.59,False,False,0.59,0.59,0.599
10000,62,8,9994,True,False,0.599999999,0.59,False,False,0.59,0.59,0.599999999
10000,62,32,9994,True,False,0.6,0.59,False,False,0.59,0.59,0.6
10000,63,2,9994,True,False,0.599,0.59,False,False,0.59,0.59,0.599
10000,63,8,9994,True,False,0.599999999,0.59,False,False,0.59,0.59,0.599999999
10000,63,32,9994,True,False,0.6,0.59,False,False,0.59,0.59,0.6
10000,64,2,9994,True,False,0.599,0.59,False,False,0.59,0.59,0.599
10000,64,8,9994,True,False,0.599999999,0.59,False,False,0.59,0.59,0.599999999
10000,64,32,9994,True,False,0.6,0.59,False,False,0.59,0.59,0.6
10000,65,2,9994,True,False,0.599,0.59,False,False,0.59,0.59,0.599
10000,65,8,9994,True,False,0.599999999,0.59,False,False,0.59,0.59,0.599999999
10000,65,32,9994,True,False,0.6,0.59,False,False,0.59,0.59,0.6
10000,66,2,9994,True,False,0.599,0.59,False,False,0.59,0.59,0.599
10000,66,8,9994,True,False,0.599999999,0.59,False,False,0.59,0.59,0.599999999
10000,66,32,9994,True,False,0.6,0.59,False,False,0.59,0.59,0.6
10000,67,2,9994,True,False,0.599,0.59,False,False,0.59,0.59,0.599
10000,67,8,9994,True,False,0.599999999,0.59,False,False,0.59,0.59,0.599999999
10000,67,32,9994,True,False,0.6,0.59,False,False,0.59,0.59,0.6
10000,68,2,9994,True,False,0.599,0.59,False,False,0.59,0.59,0.599
10000,68,8,9994,True,False,0.599999999,0.59,False,False,0.59,0.59,0.599999999
10000,68,32,9994,True,False,0.6,0.59,False,False,0.59,0.59,0.6
10000,69,2,9994,True,False,0.599,0.59,False,False,0.59,0.59,0.599
10000,69,8,9994,True,False,0.599999999,0.59,False,False,0.59,0.59,0.599999999
10000,69,32,9994,True,False,0.6,0.59,False,False,0.59,0.59,0.6
10000,70,2,9994,True,False,0.599,0.59,False,False,0.59,0.59,0.599
10000,70,8,9994,True,False,0.599999999,0.59,False,False,0.59,0.59,0.599999999
10000,70,32,9994,True,False,0.6,0.59,False,False,0.59,0.59,0.6
10000,71,2,9994,True,False,0.599,0.59,False,False,0.59,0.59,0.599
10000,71,8,9994,True,False,0.599999999,0.59,False,False,0.59,0.59,0.599999999
10000,71,32,9994,True,False,0.6,0.59,False,False,0.59,0.59,0.6
10000,72,2,9994,True,False,0.599,0.59,False,False,0.59,0.59,0.599
10000,72,8,9994,True,False,0.599999999,0.59,False,False,0.59,0.59,0.599999999
10000,72,32,9994,True,False,0.6,0.59,False,False,0.59,0.59,0.6
10000,73,2,9994,True,False,0.599,0.59,False,False,0.59,0.59,0.599
10000,73,8,9994,True,False,0.599999999,0.59,False,False,0.59,0.59,0.599999999
10000,73,32,9994,True,False,0.6,0.59,False,False,0.59,0.59,0.6
10000,74,2,9994,True,False,0.599,0.59,False,False,0.59,0.59,0.599
10000,74,8,9994,True,False,0.599999999,0.59,False,False,0.59,0.59,0.599999999
10000,74,32,9994,True,False,0.6,0.59,False,False,0.59,0.59,0.6
10000,75,2,9994,True,False,0.599,0.59,False,False,0.59,0.59,0.599
10000,75,8,9994,True,False,0.599999999,0.59,False,False,0.59,0.59,0.599999999
10000,75,32,9994,True,False,0.6,0.59,False,False,0.59,0.59,0.6
10000,76,2,9994,True,False,0.599,0.59,False,False,0.59,0.59,0.599
10000,76,8,9994,True,False,0.599999999,0.59,False,False,0.59,0.59,0.599999999
10000,76,32,9994,True,False,0.6,0.59,False,False,0.59,0.59,0.6
10000,77,2,9994,True,False,0.599,0.59,False,False,0.59,0.59,0.599
10000,77,8,9994,True,False,0.599999999,0.59,False,False,0.59,0.59,0.599999999
10000,77,32,9994,True,False,0.6,0.59,False,False,0.59,0.59,0.6
10000,78,2,9994,True,True,0.599,0.59,False,False,0.599,0.59,0.599
10000,78,8,9994,True,False,0.599999999,0.599,False,False,0.599,0.59,0.599999999
10000,78,32,9994,True,False,0.6,0.599,False,False,0.599,0.59,0.6
10000,79,2,9994,True,False,0.596428571429,0.59,False,False,0.59,0.59,0.599
10000,79,8,9994,True,False,0.589126818558,0.59,True,False,0.59,0.59,0.599999999
10000,79,32,9994,True,False,0.563100619517,0.59,True,False,0.59,0.59,0.6
10000,80,2,9994,True,False,0.599,0.59,False,False,0.59,0.59,0.599
10000,80,8,9994,True,False,0.599999999,0.59,False,False,0.59,0.59,0.599999999
10000,80,32,9994,True,False,0.6,0.59,False,False,0.59,0.59,0.6
10000,81,2,9994,True,False,0.599,0.59,False,False,0.59,0.59,0.599
10000,81,8,9994,True,False,0.599999999,0.59,False,False,0.59,0.59,0.599999999
10000,81,32,9994,True,False,0.6,0.59,False,False,0.59,0.59,0.6
10000,82,2,9994,True,False,0.599,0.59,False,False,0.59,0.59,0.599
10000,82,8,9994,True,False,0.599999999,0.59,False,False,0.59,0.59,0.599999999
10000,82,32,9994,True,False,0.6,0.59,False,False,0.59,0.59,0.6
10000,83,2,9994,True,False,0.599,0.59,False,False,0.59,0.59,0.599
10000,83,8,9994,True,False,0.599999999,0.59,False,False,0.59,0.59,0.599999999
10000,83,32,9994,True,False,0.6,0.59,False,False,0.59,0.59,0.6
10000,84,2,9994,True,False,0.599,0.59,False,False,0.59,0.59,0.599
10000,84,8,9994,True,False,0.599999999,0.59,False,False,0.59,0.59,0.599999999
10000,84,32,9994,True,False,0.6,0.59,False,False,0.59,0.59,0.6
10000,85,2,9994,True,False,0.599,0.59,False,False,0.59,0.59,0.599
10000,85,8,9994,True,False,0.599999999,0.59,False,False,0.59,0.59,0.599999999
10000,85,32,9994,True,False,0.6,0.59,False,False,0.59,0.59,0.6
10000,86,2,9994,True,False,0.599,0.59,False,False,0.59,0.59,0.599
10000,86,8,9994,True,False,0.599999999,0.59,False,False,0.59,0.59,0.599999999
10000,86,32,9994,True,False,0.6,0.59,False,False,0.59,0.59,0.6
10000,87,2,9994,True,False,0.599,0.59,False,False,0.59,0.59,0.599
10000,87,8,9994,True,False,0.599999999,0.59,False,False,0.59,0.59,0.599999999
10000,87,32,9994,True,False,0.6,0.59,False,False,0.59,0.59,0.6
10000,88,2,9994,True,False,0.599,0.59,False,False,0.59,0.59,0.599
10000,88,8,9994,True,False,0.599999999,0.59,False,False,0.59,0.59,0.599999999
10000,88,32,9994,True,False,0.6,0.59,False,False,0.59,0.59,0.6
10000,89,2,9994,True,False,0.599,0.59,False,False,0.59,0.59,0.599
10000,89,8,9994,True,False,0.599999999,0.59,False,False,0.59,0.59,0.599999999
10000,89,32,9994,True,False,0.6,0.59,False,False,0.59,0.59,0.6
10000,90,2,9994,True,False,0.599,0.59,False,False,0.59,0.59,0.599
10000,90,8,9994,True,False,0.599999999,0.59,False,False,0.59,0.59,0.599999999
10000,90,32,9994,True,False,0.6,0.59,False,False,0.59,0.59,0.6
10000,91,2,9994,True,False,0.599,0.59,False,False,0.59,0.59,0.599
10000,91,8,9994,True,False,0.599999999,0.59,False,False,0.59,0.59,0.599999999
10000,91,32,9994,True,False,0.6,0.59,False,False,0.59,0.59,0.6
10000,92,2,9994,True,False,0.599,0.59,False,False,0.59,0.59,0.599
10000,92,8,9994,True,False,0.599999999,0.59,False,False,0.59,0.59,0.599999999
10000,92,32,9994,True,False,0.6,0.59,False,False,0.59,0.59,0.6
10000,93,2,9994,True,False,0.599,0.59,False,False,0.59,0.59,0.599
10000,93,8,9994,True,False,0.599999999,0.59,False,False,0.59,0.59,0.599999999
10000,93,32,9994,True,False,0.6,0.59,False,False,0.59,0.59,0.6
10000,94,2,9994,True,False,0.599,0.59,False,False,0.59,0.59,0.599
10000,94,8,9994,True,False,0.599999999,0.59,False,False,0.59,0.59,0.599999999
10000,94,32,9994,True,False,0.6,0.59,False,False,0.59,0.59,0.6
10000,95,2,9994,True,False,0.599,0.59,False,False,0.59,0.59,0.599
10000,95,8,9994,True,False,0.599999999,0.59,False,False,0.59,0.59,0.599999999
10000,95,32,9994,True,False,0.6,0.59,False,False,0.59,0.59,0.6
10000,96,2,9994,False,False,0.596428571429,0.59,False,False,0.59,0.59,0.599
10000,96,8,9994,False,False,0.589126818558,0.59,True,False,0.59,0.59,0.599999999
10000,96,32,9994,False,False,0.563100619517,0.59,True,False,0.59,0.59,0.6
10000,97,2,9994,True,False,0.599,0.59,False,False,0.59,0.59,0.599
10000,97,8,9994,True,False,0.599999999,0.59,False,False,0.59,0.59,0.599999999
10000,97,32,9994,True,False,0.6,0.59,False,False,0.59,0.59,0.6
10000,98,2,9994,True,False,0.599,0.59,False,False,0.59,0.59,0.599
10000,98,8,9994,True,False,0.599999999,0.59,False,False,0.59,0.59,0.599999999
10000,98,32,9994,True,False,0.6,0.59,False,False,0.59,0.59,0.6
10000,99,2,9994,True,False,0.599,0.59,False,False,0.59,0.59,0.599
10000,99,8,9994,True,False,0.599999999,0.59,False,False,0.59,0.59,0.599999999
10000,99,32,9994,True,False,0.6,0.59,False,False,0.59,0.59,0.6
100000,0,2,99996,True,True,0.599,0.59,False,False,0.599,0.59,0.599
100000,0,8,99996,True,True,0.599999999,0.599,False,False,0.599999999,0.59,0.599999999
100000,0,32,99996,True,True,0.6,0.599999999,False,False,0.6,0.59,0.6
100000,1,2,99996,True,True,0.599,0.59,False,False,0.599,0.59,0.599
100000,1,8,99996,True,True,0.599999999,0.599,False,False,0.599999999,0.59,0.599999999
100000,1,32,99996,True,True,0.6,0.599999999,False,False,0.6,0.59,0.6
100000,2,2,99996,True,True,0.599,0.59,False,False,0.599,0.59,0.599
100000,2,8,99996,True,True,0.599999999,0.599,False,False,0.599999999,0.59,0.599999999
100000,2,32,99996,True,True,0.6,0.599999999,False,False,0.6,0.59,0.6
100000,3,2,99996,True,True,0.599,0.59,False,False,0.599,0.59,0.599
100000,3,8,99996,True,True,0.599999999,0.599,False,False,0.599999999,0.59,0.599999999
100000,3,32,99996,True,True,0.6,0.599999999,False,False,0.6,0.59,0.6
100000,4,2,99996,True,True,0.599,0.59,False,False,0.599,0.59,0.599
100000,4,8,99996,True,True,0.599999999,0.599,False,False,0.599999999,0.59,0.599999999
100000,4,32,99996,True,True,0.6,0.599999999,False,False,0.6,0.59,0.6
100000,5,2,99996,True,True,0.599,0.59,False,False,0.599,0.59,0.599
100000,5,8,99996,True,True,0.599999999,0.599,False,False,0.599999999,0.59,0.599999999
100000,5,32,99996,True,True,0.6,0.599999999,False,False,0.6,0.59,0.6
100000,6,2,99996,True,True,0.599,0.59,False,False,0.599,0.59,0.599
100000,6,8,99996,True,True,0.599999999,0.599,False,False,0.599999999,0.59,0.599999999
100000,6,32,99996,True,True,0.6,0.599999999,False,False,0.6,0.59,0.6
100000,7,2,99996,True,True,0.599,0.59,False,False,0.599,0.59,0.599
100000,7,8,99996,True,True,0.599999999,0.599,False,False,0.599999999,0.59,0.599999999
100000,7,32,99996,True,True,0.6,0.599999999,False,False,0.6,0.59,0.6
100000,8,2,99996,True,True,0.599,0.59,False,False,0.599,0.59,0.599
100000,8,8,99996,True,True,0.599999999,0.599,False,False,0.599999999,0.59,0.599999999
100000,8,32,99996,True,True,0.6,0.599999999,False,False,0.6,0.59,0.6
100000,9,2,99996,True,True,0.599,0.59,False,False,0.599,0.59,0.599
100000,9,8,99996,True,True,0.599999999,0.599,False,False,0.599999999,0.59,0.599999999
100000,9,32,99996,True,True,0.6,0.599999999,False,False,0.6,0.59,0.6
100000,10,2,99996,True,True,0.599,0.59,False,False,0.599,0.59,0.599
100000,10,8,99996,True,True,0.599999999,0.599,False,False,0.599999999,0.59,0.599999999
100000,10,32,99996,True,True,0.6,0.599999999,False,False,0.6,0.59,0.6
100000,11,2,99996,True,True,0.599,0.59,False,False,0.599,0.59,0.599
100000,11,8,99996,True,True,0.599999999,0.599,False,False,0.599999999,0.59,0.599999999
100000,11,32,99996,True,True,0.6,0.599999999,False,False,0.6,0.59,0.6
100000,12,2,99996,True,True,0.599,0.59,False,False,0.599,0.59,0.599
100000,12,8,99996,True,True,0.599999999,0.599,False,False,0.599999999,0.59,0.599999999
100000,12,32,99996,True,True,0.6,0.599999999,False,False,0.6,0.59,0.6
100000,13,2,99996,True,True,0.599,0.59,False,False,0.599,0.59,0.599
100000,13,8,99996,True,True,0.599999999,0.599,False,False,0.599999999,0.59,0.599999999
100000,13,32,99996,True,True,0.6,0.599999999,False,False,0.6,0.59,0.6
100000,14,2,99996,True,True,0.599,0.59,False,False,0.599,0.59,0.599
100000,14,8,99996,True,True,0.599999999,0.599,False,False,0.599999999,0.59,0.599999999
100000,14,32,99996,True,True,0.6,0.599999999,False,False,0.6,0.59,0.6
100000,15,2,99996,True,True,0.599,0.59,False,False,0.599,0.59,0.599
100000,15,8,99996,True,True,0.599999999,0.599,False,False,0.599999999,0.59,0.599999999
100000,15,32,99996,True,True,0.6,0.599999999,False,False,0.6,0.59,0.6
100000,16,2,99996,True,True,0.599,0.59,False,False,0.599,0.59,0.599
100000,16,8,99996,True,True,0.599999999,0.599,False,False,0.599999999,0.59,0.599999999
100000,16,32,99996,True,True,0.6,0.599999999,False,False,0.6,0.59,0.6
100000,17,2,99996,True,True,0.599,0.59,False,False,0.599,0.59,0.599
100000,17,8,99996,True,True,0.599999999,0.599,False,False,0.599999999,0.59,0.599999999
100000,17,32,99996,True,True,0.6,0.599999999,False,False,0.6,0.59,0.6
100000,18,2,99996,True,True,0.599,0.59,False,False,0.599,0.59,0.599
100000,18,8,99996,True,True,0.599999999,0.599,False,False,0.599999999,0.59,0.599999999
100000,18,32,99996,True,True,0.6,0.599999999,False,False,0.6,0.59,0.6
100000,19,2,99996,True,True,0.599,0.59,False,False,0.599,0.59,0.599
100000,19,8,99996,True,True,0.599999999,0.599,False,False,0.599999999,0.59,0.599999999
100000,19,32,99996,True,True,0.6,0.599999999,False,False,0.6,0.59,0.6
100000,20,2,99996,True,True,0.599,0.59,False,False,0.599,0.59,0.599
100000,20,8,99996,True,True,0.599999999,0.599,False,False,0.599999999,0.59,0.599999999
100000,20,32,99996,True,True,0.6,0.599999999,False,False,0.6,0.59,0.6
100000,21,2,99996,True,True,0.599,0.59,False,False,0.599,0.59,0.599
100000,21,8,99996,True,True,0.599999999,0.599,False,False,0.599999999,0.59,0.599999999
100000,21,32,99996,True,True,0.6,0.599999999,False,False,0.6,0.59,0.6
100000,22,2,99996,True,True,0.599,0.59,False,False,0.599,0.59,0.599
100000,22,8,99996,True,True,0.599999999,0.599,False,False,0.599999999,0.59,0.599999999
100000,22,32,99996,True,True,0.6,0.599999999,False,False,0.6,0.59,0.6
100000,23,2,99996,True,True,0.599,0.59,False,False,0.599,0.59,0.599
100000,23,8,99996,True,True,0.599999999,0.599,False,False,0.599999999,0.59,0.599999999
100000,23,32,99996,True,True,0.6,0.599999999,False,False,0.6,0.59,0.6
100000,24,2,99996,True,True,0.599,0.59,False,False,0.599,0.59,0.599
100000,24,8,99996,True,True,0.599999999,0.599,False,False,0.599999999,0.59,0.599999999
100000,24,32,99996,True,True,0.6,0.599999999,False,False,0.6,0.59,0.6
100000,25,2,99996,True,True,0.599,0.59,False,False,0.599,0.59,0.599
100000,25,8,99996,True,True,0.599999999,0.599,False,False,0.599999999,0.59,0.599999999
100000,25,32,99996,True,True,0.6,0.599999999,False,False,0.6,0.59,0.6
100000,26,2,99996,True,True,0.599,0.59,False,False,0.599,0.59,0.599
100000,26,8,99996,True,True,0.599999999,0.599,False,False,0.599999999,0.59,0.599999999
100000,26,32,99996,True,True,0.6,0.599999999,False,False,0.6,0.59,0.6
100000,27,2,99996,True,True,0.599,0.59,False,False,0.599,0.59,0.599
100000,27,8,99996,True,True,0.599999999,0.599,False,False,0.599999999,0.59,0.599999999
100000,27,32,99996,True,True,0.6,0.599999999,False,False,0.6,0.59,0.6
100000,28,2,99996,True,True,0.599,0.59,False,False,0.599,0.59,0.599
100000,28,8,99996,True,True,0.599999999,0.599,False,False,0.599999999,0.59,0.599999999
100000,28,32,99996,True,True,0.6,0.599999999,False,False,0.6,0.59,0.6
100000,29,2,99996,True,True,0.599,0.59,False,False,0.599,0.59,0.599
100000,29,8,99996,True,True,0.599999999,0.599,False,False,0.599999999,0.59,0.599999999
100000,29,32,99996,True,True,0.6,0.599999999,False,False,0.6,0.59,0.6
100000,30,2,99996,True,True,0.599,0.59,False,False,0.599,0.59,0.599
100000,30,8,99996,True,True,0.599999999,0.599,False,False,0.599999999,0.59,0.599999999
100000,30,32,99996,True,True,0.6,0.599999999,False,False,0.6,0.59,0.6
100000,31,2,99996,True,True,0.599,0.59,False,False,0.599,0.59,0.599
100000,31,8,99996,True,True,0.599999999,0.599,False,False,0.599999999,0.59,0.599999999
100000,31,32,99996,True,True,0.6,0.599999999,False,False,0.6,0.59,0.6
100000,32,2,99996,False,True,0.599,0.59,False,False,0.599,0.59,0.599
100000,32,8,99996,False,True,0.599999999,0.599,False,False,0.599999999,0.59,0.599999999
100000,32,32,99996,False,True,0.6,0.599999999,False,False,0.6,0.59,0.6
100000,33,2,99996,True,True,0.599,0.59,False,False,0.599,0.59,0.599
100000,33,8,99996,True,True,0.599999999,0.599,False,False,0.599999999,0.59,0.599999999
100000,33,32,99996,True,True,0.6,0.599999999,False,False,0.6,0.59,0.6
100000,34,2,99996,True,True,0.599,0.59,False,False,0.599,0.59,0.599
100000,34,8,99996,True,True,0.599999999,0.599,False,False,0.599999999,0.59,0.599999999
100000,34,32,99996,True,True,0.6,0.599999999,False,False,0.6,0.59,0.6
100000,35,2,99996,True,True,0.599,0.59,False,False,0.599,0.59,0.599
100000,35,8,99996,True,True,0.599999999,0.599,False,False,0.599999999,0.59,0.599999999
100000,35,32,99996,True,True,0.6,0.599999999,False,False,0.6,0.59,0.6
100000,36,2,99996,True,True,0.599,0.59,False,False,0.599,0.59,0.599
100000,36,8,99996,True,True,0.599999999,0.599,False,False,0.599999999,0.59,0.599999999
100000,36,32,99996,True,True,0.6,0.599999999,False,False,0.6,0.59,0.6
100000,37,2,99996,True,True,0.599,0.59,False,False,0.599,0.59,0.599
100000,37,8,99996,True,True,0.599999999,0.599,False,False,0.599999999,0.59,0.599999999
100000,37,32,99996,True,True,0.6,0.599999999,False,False,0.6,0.59,0.6
100000,38,2,99996,True,True,0.599,0.59,False,False,0.599,0.59,0.599
100000,38,8,99996,True,True,0.599999999,0.599,False,False,0.599999999,0.59,0.599999999
100000,38,32,99996,True,True,0.6,0.599999999,False,False,0.6,0.59,0.6
100000,39,2,99996,True,True,0.599,0.59,False,False,0.599,0.59,0.599
100000,39,8,99996,True,True,0.599999999,0.599,False,False,0.599999999,0.59,0.599999999
100000,39,32,99996,True,True,0.6,0.599999999,False,False,0.6,0.59,0.6
100000,40,2,99996,True,True,0.599,0.59,False,False,0.599,0.59,0.599
100000,40,8,99996,True,True,0.599999999,0.599,False,False,0.599999999,0.59,0.599999999
100000,40,32,99996,True,True,0.6,0.599999999,False,False,0.6,0.59,0.6
100000,41,2,99996,True,True,0.599,0.59,False,False,0.599,0.59,0.599
100000,41,8,99996,True,True,0.599999999,0.599,False,False,0.599999999,0.59,0.599999999
100000,41,32,99996,True,True,0.6,0.599999999,False,False,0.6,0.59,0.6
100000,42,2,99996,True,True,0.599,0.59,False,False,0.599,0.59,0.599
100000,42,8,99996,True,True,0.599999999,0.599,False,False,0.599999999,0.59,0.599999999
100000,42,32,99996,True,True,0.6,0.599999999,False,False,0.6,0.59,0.6
100000,43,2,99996,True,True,0.599,0.59,False,False,0.599,0.59,0.599
100000,43,8,99996,True,True,0.599999999,0.599,False,False,0.599999999,0.59,0.599999999
100000,43,32,99996,True,True,0.6,0.599999999,False,False,0.6,0.59,0.6
100000,44,2,99996,True,True,0.599,0.59,False,False,0.599,0.59,0.599
100000,44,8,99996,True,True,0.599999999,0.599,False,False,0.599999999,0.59,0.599999999
100000,44,32,99996,True,True,0.6,0.599999999,False,False,0.6,0.59,0.6
100000,45,2,99996,True,True,0.599,0.59,False,False,0.599,0.59,0.599
100000,45,8,99996,True,True,0.599999999,0.599,False,False,0.599999999,0.59,0.599999999
100000,45,32,99996,True,True,0.6,0.599999999,False,False,0.6,0.59,0.6
100000,46,2,99996,True,True,0.599,0.59,False,False,0.599,0.59,0.599
100000,46,8,99996,True,True,0.599999999,0.599,False,False,0.599999999,0.59,0.599999999
100000,46,32,99996,True,True,0.6,0.599999999,False,False,0.6,0.59,0.6
100000,47,2,99996,True,True,0.599,0.59,False,False,0.599,0.59,0.599
100000,47,8,99996,True,True,0.599999999,0.599,False,False,0.599999999,0.59,0.599999999
100000,47,32,99996,True,True,0.6,0.599999999,False,False,0.6,0.59,0.6
100000,48,2,99996,True,True,0.599,0.59,False,False,0.599,0.59,0.599
100000,48,8,99996,True,True,0.599999999,0.599,False,False,0.599999999,0.59,0.599999999
100000,48,32,99996,True,True,0.6,0.599999999,False,False,0.6,0.59,0.6
100000,49,2,99996,True,True,0.599,0.59,False,False,0.599,0.59,0.599
100000,49,8,99996,True,True,0.599999999,0.599,False,False,0.599999999,0.59,0.599999999
100000,49,32,99996,True,True,0.6,0.599999999,False,False,0.6,0.59,0.6
100000,50,2,99996,True,True,0.599,0.59,False,False,0.599,0.59,0.599
100000,50,8,99996,True,True,0.599999999,0.599,False,False,0.599999999,0.59,0.599999999
100000,50,32,99996,True,True,0.6,0.599999999,False,False,0.6,0.59,0.6
100000,51,2,99996,True,True,0.599,0.59,False,False,0.599,0.59,0.599
100000,51,8,99996,True,True,0.599999999,0.599,False,False,0.599999999,0.59,0.599999999
100000,51,32,99996,True,True,0.6,0.599999999,False,False,0.6,0.59,0.6
100000,52,2,99996,True,True,0.599,0.59,False,False,0.599,0.59,0.599
100000,52,8,99996,True,True,0.599999999,0.599,False,False,0.599999999,0.59,0.599999999
100000,52,32,99996,True,True,0.6,0.599999999,False,False,0.6,0.59,0.6
100000,53,2,99996,True,True,0.599,0.59,False,False,0.599,0.59,0.599
100000,53,8,99996,True,True,0.599999999,0.599,False,False,0.599999999,0.59,0.599999999
100000,53,32,99996,True,True,0.6,0.599999999,False,False,0.6,0.59,0.6
100000,54,2,99996,True,True,0.599,0.59,False,False,0.599,0.59,0.599
100000,54,8,99996,True,True,0.599999999,0.599,False,False,0.599999999,0.59,0.599999999
100000,54,32,99996,True,True,0.6,0.599999999,False,False,0.6,0.59,0.6
100000,55,2,99996,True,True,0.599,0.59,False,False,0.599,0.59,0.599
100000,55,8,99996,True,True,0.599999999,0.599,False,False,0.599999999,0.59,0.599999999
100000,55,32,99996,True,True,0.6,0.599999999,False,False,0.6,0.59,0.6
100000,56,2,99996,True,True,0.599,0.59,False,False,0.599,0.59,0.599
100000,56,8,99996,True,True,0.599999999,0.599,False,False,0.599999999,0.59,0.599999999
100000,56,32,99996,True,True,0.6,0.599999999,False,False,0.6,0.59,0.6
100000,57,2,99996,True,True,0.599,0.59,False,False,0.599,0.59,0.599
100000,57,8,99996,True,True,0.599999999,0.599,False,False,0.599999999,0.59,0.599999999
100000,57,32,99996,True,True,0.6,0.599999999,False,False,0.6,0.59,0.6
100000,58,2,99996,True,True,0.599,0.59,False,False,0.599,0.59,0.599
100000,58,8,99996,True,True,0.599999999,0.599,False,False,0.599999999,0.59,0.599999999
100000,58,32,99996,True,True,0.6,0.599999999,False,False,0.6,0.59,0.6
100000,59,2,99996,True,True,0.599,0.59,False,False,0.599,0.59,0.599
100000,59,8,99996,True,True,0.599999999,0.599,False,False,0.599999999,0.59,0.599999999
100000,59,32,99996,True,True,0.6,0.599999999,False,False,0.6,0.59,0.6
100000,60,2,99996,True,True,0.599,0.59,False,False,0.599,0.59,0.599
100000,60,8,99996,True,True,0.599999999,0.599,False,False,0.599999999,0.59,0.599999999
100000,60,32,99996,True,True,0.6,0.599999999,False,False,0.6,0.59,0.6
100000,61,2,99996,True,True,0.599,0.59,False,False,0.599,0.59,0.599
100000,61,8,99996,True,True,0.599999999,0.599,False,False,0.599999999,0.59,0.599999999
100000,61,32,99996,True,True,0.6,0.599999999,False,False,0.6,0.59,0.6
100000,62,2,99996,True,True,0.599,0.59,False,False,0.599,0.59,0.599
100000,62,8,99996,True,True,0.599999999,0.599,False,False,0.599999999,0.59,0.599999999
100000,62,32,99996,True,True,0.6,0.599999999,False,False,0.6,0.59,0.6
100000,63,2,99996,True,True,0.599,0.59,False,False,0.599,0.59,0.599
100000,63,8,99996,True,True,0.599999999,0.599,False,False,0.599999999,0.59,0.599999999
100000,63,32,99996,True,True,0.6,0.599999999,False,False,0.6,0.59,0.6
100000,64,2,99996,True,True,0.599,0.59,False,False,0.599,0.59,0.599
100000,64,8,99996,True,True,0.599999999,0.599,False,False,0.599999999,0.59,0.599999999
100000,64,32,99996,True,True,0.6,0.599999999,False,False,0.6,0.59,0.6
100000,65,2,99996,True,True,0.599,0.59,False,False,0.599,0.59,0.599
100000,65,8,99996,True,True,0.599999999,0.599,False,False,0.599999999,0.59,0.599999999
100000,65,32,99996,True,True,0.6,0.599999999,False,False,0.6,0.59,0.6
100000,66,2,99996,True,True,0.599,0.59,False,False,0.599,0.59,0.599
100000,66,8,99996,True,True,0.599999999,0.599,False,False,0.599999999,0.59,0.599999999
100000,66,32,99996,True,True,0.6,0.599999999,False,False,0.6,0.59,0.6
100000,67,2,99996,True,True,0.599,0.59,False,False,0.599,0.59,0.599
100000,67,8,99996,True,True,0.599999999,0.599,False,False,0.599999999,0.59,0.599999999
100000,67,32,99996,True,True,0.6,0.599999999,False,False,0.6,0.59,0.6
100000,68,2,99996,True,True,0.599,0.59,False,False,0.599,0.59,0.599
100000,68,8,99996,True,True,0.599999999,0.599,False,False,0.599999999,0.59,0.599999999
100000,68,32,99996,True,True,0.6,0.599999999,False,False,0.6,0.59,0.6
100000,69,2,99996,True,True,0.599,0.59,False,False,0.599,0.59,0.599
100000,69,8,99996,True,True,0.599999999,0.599,False,False,0.599999999,0.59,0.599999999
100000,69,32,99996,True,True,0.6,0.599999999,False,False,0.6,0.59,0.6
100000,70,2,99996,True,True,0.599,0.59,False,False,0.599,0.59,0.599
100000,70,8,99996,True,True,0.599999999,0.599,False,False,0.599999999,0.59,0.599999999
100000,70,32,99996,True,True,0.6,0.599999999,False,False,0.6,0.59,0.6
100000,71,2,99996,True,True,0.599,0.59,False,False,0.599,0.59,0.599
100000,71,8,99996,True,True,0.599999999,0.599,False,False,0.599999999,0.59,0.599999999
100000,71,32,99996,True,True,0.6,0.599999999,False,False,0.6,0.59,0.6
100000,72,2,99996,True,True,0.599,0.59,False,False,0.599,0.59,0.599
100000,72,8,99996,True,True,0.599999999,0.599,False,False,0.599999999,0.59,0.599999999
100000,72,32,99996,True,True,0.6,0.599999999,False,False,0.6,0.59,0.6
100000,73,2,99996,True,True,0.599,0.59,False,False,0.599,0.59,0.599
100000,73,8,99996,True,True,0.599999999,0.599,False,False,0.599999999,0.59,0.599999999
100000,73,32,99996,True,True,0.6,0.599999999,False,False,0.6,0.59,0.6
100000,74,2,99996,True,True,0.599,0.59,False,False,0.599,0.59,0.599
100000,74,8,99996,True,True,0.599999999,0.599,False,False,0.599999999,0.59,0.599999999
100000,74,32,99996,True,True,0.6,0.599999999,False,False,0.6,0.59,0.6
100000,75,2,99996,True,True,0.599,0.59,False,False,0.599,0.59,0.599
100000,75,8,99996,True,True,0.599999999,0.599,False,False,0.599999999,0.59,0.599999999
100000,75,32,99996,True,True,0.6,0.599999999,False,False,0.6,0.59,0.6
100000,76,2,99996,True,True,0.599,0.59,False,False,0.599,0.59,0.599
100000,76,8,99996,True,True,0.599999999,0.599,False,False,0.599999999,0.59,0.599999999
100000,76,32,99996,True,True,0.6,0.599999999,False,False,0.6,0.59,0.6
100000,77,2,99996,True,True,0.599,0.59,False,False,0.599,0.59,0.599
100000,77,8,99996,True,True,0.599999999,0.599,False,False,0.599999999,0.59,0.599999999
100000,77,32,99996,True,True,0.6,0.599999999,False,False,0.6,0.59,0.6
100000,78,2,99996,True,True,0.599,0.59,False,False,0.599,0.59,0.599
100000,78,8,99996,True,True,0.599999999,0.599,False,False,0.599999999,0.59,0.599999999
100000,78,32,99996,True,True,0.6,0.599999999,False,False,0.6,0.59,0.6
100000,79,2,99996,True,True,0.599,0.59,False,False,0.599,0.59,0.599
100000,79,8,99996,True,True,0.599999999,0.599,False,False,0.599999999,0.59,0.599999999
100000,79,32,99996,True,True,0.6,0.599999999,False,False,0.6,0.59,0.6
100000,80,2,99996,True,True,0.599,0.59,False,False,0.599,0.59,0.599
100000,80,8,99996,True,True,0.599999999,0.599,False,False,0.599999999,0.59,0.599999999
100000,80,32,99996,True,True,0.6,0.599999999,False,False,0.6,0.59,0.6
100000,81,2,99996,True,True,0.599,0.59,False,False,0.599,0.59,0.599
100000,81,8,99996,True,True,0.599999999,0.599,False,False,0.599999999,0.59,0.599999999
100000,81,32,99996,True,True,0.6,0.599999999,False,False,0.6,0.59,0.6
100000,82,2,99996,True,True,0.599,0.59,False,False,0.599,0.59,0.599
100000,82,8,99996,True,True,0.599999999,0.599,False,False,0.599999999,0.59,0.599999999
100000,82,32,99996,True,True,0.6,0.599999999,False,False,0.6,0.59,0.6
100000,83,2,99996,True,True,0.599,0.59,False,False,0.599,0.59,0.599
100000,83,8,99996,True,True,0.599999999,0.599,False,False,0.599999999,0.59,0.599999999
100000,83,32,99996,True,True,0.6,0.599999999,False,False,0.6,0.59,0.6
100000,84,2,99996,True,True,0.599,0.59,False,False,0.599,0.59,0.599
100000,84,8,99996,True,True,0.599999999,0.599,False,False,0.599999999,0.59,0.599999999
100000,84,32,99996,True,True,0.6,0.599999999,False,False,0.6,0.59,0.6
100000,85,2,99996,True,True,0.599,0.59,False,False,0.599,0.59,0.599
100000,85,8,99996,True,True,0.599999999,0.599,False,False,0.599999999,0.59,0.599999999
100000,85,32,99996,True,True,0.6,0.599999999,False,False,0.6,0.59,0.6
100000,86,2,99996,True,True,0.599,0.59,False,False,0.599,0.59,0.599
100000,86,8,99996,True,True,0.599999999,0.599,False,False,0.599999999,0.59,0.599999999
100000,86,32,99996,True,True,0.6,0.599999999,False,False,0.6,0.59,0.6
100000,87,2,99996,True,True,0.599,0.59,False,False,0.599,0.59,0.599
100000,87,8,99996,True,True,0.599999999,0.599,False,False,0.599999999,0.59,0.599999999
100000,87,32,99996,True,True,0.6,0.599999999,False,False,0.6,0.59,0.6
100000,88,2,99996,True,True,0.599,0.59,False,False,0.599,0.59,0.599
100000,88,8,99996,True,True,0.599999999,0.599,False,False,0.599999999,0.59,0.599999999
100000,88,32,99996,True,True,0.6,0.599999999,False,False,0.6,0.59,0.6
100000,89,2,99996,True,True,0.599,0.59,False,False,0.599,0.59,0.599
100000,89,8,99996,True,True,0.599999999,0.599,False,False,0.599999999,0.59,0.599999999
100000,89,32,99996,True,True,0.6,0.599999999,False,False,0.6,0.59,0.6
100000,90,2,99996,True,True,0.599,0.59,False,False,0.599,0.59,0.599
100000,90,8,99996,True,True,0.599999999,0.599,False,False,0.599999999,0.59,0.599999999
100000,90,32,99996,True,True,0.6,0.599999999,False,False,0.6,0.59,0.6
100000,91,2,99996,True,True,0.599,0.59,False,False,0.599,0.59,0.599
100000,91,8,99996,True,True,0.599999999,0.599,False,False,0.599999999,0.59,0.599999999
100000,91,32,99996,True,True,0.6,0.599999999,False,False,0.6,0.59,0.6
100000,92,2,99996,True,True,0.599,0.59,False,False,0.599,0.59,0.599
100000,92,8,99996,True,True,0.599999999,0.599,False,False,0.599999999,0.59,0.599999999
100000,92,32,99996,True,True,0.6,0.599999999,False,False,0.6,0.59,0.6
100000,93,2,99996,True,True,0.599,0.59,False,False,0.599,0.59,0.599
100000,93,8,99996,True,True,0.599999999,0.599,False,False,0.599999999,0.59,0.599999999
100000,93,32,99996,True,True,0.6,0.599999999,False,False,0.6,0.59,0.6
100000,94,2,99996,True,True,0.599,0.59,False,False,0.599,0.59,0.599
100000,94,8,99996,True,True,0.599999999,0.599,False,False,0.599999999,0.59,0.599999999
100000,94,32,99996,True,True,0.6,0.599999999,False,False,0.6,0.59,0.6
100000,95,2,99996,True,True,0.599,0.59,False,False,0.599,0.59,0.599
100000,95,8,99996,True,True,0.599999999,0.599,False,False,0.599999999,0.59,0.599999999
100000,95,32,99996,True,True,0.6,0.599999999,False,False,0.6,0.59,0.6
100000,96,2,99996,True,True,0.599,0.59,False,False,0.599,0.59,0.599
100000,96,8,99996,True,True,0.599999999,0.599,False,False,0.599999999,0.59,0.599999999
100000,96,32,99996,True,True,0.6,0.599999999,False,False,0.6,0.59,0.6
100000,97,2,99996,True,True,0.599,0.59,False,False,0.599,0.59,0.599
100000,97,8,99996,True,True,0.599999999,0.599,False,False,0.599999999,0.59,0.599999999
100000,97,32,99996,True,True,0.6,0.599999999,False,False,0.6,0.59,0.6
100000,98,2,99996,False,True,0.599,0.59,False,False,0.599,0.59,0.599
100000,98,8,99996,False,True,0.599999999,0.599,False,False,0.599999999,0.59,0.599999999
100000,98,32,99996,False,True,0.6,0.599999999,False,False,0.6,0.59,0.6
100000,99,2,99996,True,True,0.599,0.59,False,False,0.599,0.59,0.599
100000,99,8,99996,True,True,0.599999999,0.599,False,False,0.599999999,0.59,0.599999999
100000,99,32,99996,True,True,0.6,0.599999999,False,False,0.6,0.59,0.6
